2025-01-28,"В прошлом году казахстанские госслужащие сдали в специальный фонд Комитета государственного имущества и приватизации подарки, общая стоимость которых составила 2,3 миллиона тенге, передает корреспондентTengrinews.kz.15 января на заседании Мажилиса заместитель председателя Агентства по противодействию коррупции Улан Саркулов напомнил, что госслужащие обязаны сдавать в специальный фонд подарки, стоимость которых превышает 5 МРП (19 660 тенге в 2025 году).В ответ на официальный запрос редакцииTengrinews.kzв Комитете государственного имущества и приватизации сообщили, что в 2024 году на учет территориальных подразделений Комитета было передано 240 единиц имущества стоимостью 2,3 миллиона тенге.Согласно закону ""О государственном имуществе"", если госслужащий или его семья получают подарки, стоимость которых превышает 5 МРП, они должны передаваться в собственность государства. Также государству передаются подарки, врученные в рамках протокольных мероприятий, за исключением наград за личные достижения.""КГИП и его территориальные органы определены уполномоченным органом по учету, хранению, оценке и дальнейшему использованию имущества, обращенного (поступившего) по отдельным основаниям в республиканскую собственность, в том числе подарков"", - сообщили в ведомстве.Какие подарки передали казахстанские чиновникиКак следует из ответа, среди переданных подарков были разныесувениры, статуэтки, картины, канцелярские товары, часы, подарочные сертификаты, книги, телефон, одежда, посуда, цветы, а также продовольственные товары (шоколад, конфеты, алкоголь, сок, кофе и другие продукты).Самым дорогим подарком оказалсяiPhone 14 Proстоимостью 575 800 тенге.Где было сдано больше всего подарков?По информации ведомства, больше всего подарков - 108 единиц - поступило в территориальное подразделение КГИП вАстане.В каких госорганах чаще всего получали подарки?Из 240 подарков 109 были переданы сотрудниками государственных юридических лиц, финансируемых из местных бюджетов. Наибольшее количество подарков поступило от сотрудниковМинистерства экологии и природных ресурсов.Что происходит с подарками после их передачи в фонд?Госслужащие, а также другие лица, подлежащие антикоррупционным ограничениям, вправе выкупить подарки, которые они передали в КГИП. Этот процесс регулируется на основании договора купли-продажи, заключаемого с уполномоченным органом по государственному имуществу.Товары, которые не соответствуют санитарным нормам, уничтожаются, а остальные подарки могут быть проданы через веб-портал реестра государственного имущества.""Уполномоченный орган по государственному имуществу вправе реализовать подарок только после письменного отказа от выкупа сдавшим его лицом. Продовольственное сырье, пищевые продукты, не соответствующие требованиям нормативных документов по качеству и безопасности, табачные и прочие изделия, содержащие табак неустановленного происхождения, не соответствующие требованиям законодательства и санитарно-эпидемиологическим правилам, нормам и гигиеническим нормативам, реализуемые без средств идентификации, а также незначительные партии товаров и иное имущество, по которым затраты, связанные с транспортировкой, хранением, реализацией, санитарно-эпидемиологической экспертизой и сертификацией, превысят их оценочную стоимость, уничтожаются"", - говорится в полученном нами ответе.После принятия на учет территориальные подразделения КГИП организуют оценку подарков (за исключением подлежащих уничтожению). Подарки можно выкупить по стоимости, определенной в соответствии с законом ""Об оценочной деятельности"".""В случае, если лицо, сдавшее подарок, изъявит желание выкупить его, территориальные органы КГИП заключают с ним договор купли-продажи. После оплаты подарок передается по акту приема-передачи. В случае отказа от выкупа подарки выставляются на продажу посредством веб-портала реестра государственного имущества. Не подлежащие реализации подарки уничтожаются. Из переданных в 2024 году на учет подарков реализована 131 единица имущества на сумму 970 900 тенге, уничтожено 56 единиц"", - добавили в ведомстве.В 2024 году былвыкуплен один подарок на сумму 70 400 тенге.Ранее в Антикоре пояснили,как отличить взятку от простой благодарностисогласно новому законопроекту по вопросам противодействия коррупции.В рамках этого же законопроектав Казахстане введут публичный реестр коррупционеров. Туда будут включаться сведения об осужденных за тяжкие и особо тяжкие коррупционные преступления. Основанием для включения в реестр станет вступивший в законную силу обвинительный приговор.Читайте также:В Уголовном кодексе Казахстана появится новая статьяНажмите сюда, чтобы получать самые важные новости в вашем WhatsAppАДГСМинистерство финансов РКПодаркиГосслужащиеантикорКоррупцияВзятка"
2016-12-20,"""Мертвые души"" нашли в подведомственной организации МСХ РК, сообщаетTengrinews.kzсо ссылкой на официального представителя Комитета государственных доходов Министерства финансов РК .Служба экономических расследований Департамента госдоходов по Астане начала досудебное расследование в отношении работников РГУ ""Республиканский центр карантина растений"" Министерства сельского хозяйства РК.""Они подозреваются в том, что с 2014 года по настоящее время формально приняли на работу в указанное государственное учреждение 15 человек и получали их заработную плату. Предварительный ущерб составляет более 10 миллионов тенге. Кроме того, обнаружены фиктивные документы служебных командировок указанных формально назначенных лиц"", - сообщил на своей странице в социальной сети Мурат Жуманбай.Фото Murat ZhumanbayВ ходе обыска Республиканского центра карантина растений обнаружены и изъяты чистые бланки заявлений о приеме на работу, командировочные удостоверения, трудовые книжки с печатью и подписью руководителя учреждения, договора об открытии карточных счетов, пластиковые платежные карточки формально назначенных лиц. Расследование уголовного дела продолжается.Напомним, ранее председатель Комитета ветеринарного контроля и надзора Минсельхоза Сакташ Хасенов был задержан за неоднократное получение взяток. Национальным бюро по противодействию коррупции установлено, что председатель Хасенов организовал преступную схему по выдаче разрешений на ввоз мясной продукции на территорию Казахстана и на системной основе получал взятки по установленной ""таксе"". Сумма полученных Хасеновым и его подельника взяток, по версии следствия, составила 37 миллионов тенге.Сельское хозяйствоКоррупция"
2016-11-30,"За содействие в отсрочке от армии осужден начальник Управления по делам обороны Кокшетау, сообщаетTengrinews.kzсо ссылкой на пресс-службу военного суда Акмолинского гарнизона.Военный суд Акмолинского гарнизона рассмотрел уголовное дело в отношении начальника Управления по делам обороны Кокшетау. Ему были предъявлены обвинения в совершении коррупционного преступления по части 2 статьи 366 УК РК.""Судом установлено, что подсудимый, являясь должностным лицом, уполномоченным на выполнение государственной функции, сопряженной с использованием своего служебного положения, умышленно совершил коррупционные уголовные правонарушения, выраженные в получении взятки за оказание содействия в предоставлении гражданину Р. отсрочки от срочной воинской службы, потребовав у последнего взятку в виде денежных средств в размере 60 тысяч тенге"", - говорится в распространенной информации.Военный суд Акмолинского гарнизона признал бывшего начальника управления виновным и назначил ему наказание в виде штрафа в размере 3 342 032 тенге и пожизненного лишения права занимать должности с осуществлением функций представителя власти. Осужденный лишен воинского звания ""подполковник"".КоррупцияВзяткиАрмияАкмолинская область"
2016-11-24,"Сотрудники прокуратуры Южной Кореи провели обыски в офисах крупнейших в стране конгломератов Lotte и SK Group на фоне продолжающегося скандала вокруг президента страны Пак Кын Хе и ее близкой подруги Цой Сун Силь, сообщаетРИА Новости.По данным агентства Ренхап, в ходе обыска были изъяты жесткие диски и документы, содержащие информацию относительно тех направлений бизнеса, которые не облагались налогами. Следователи подозревают, что конгломераты вносили пожертвования на счета двух неправительственных организаций, подконтрольных Цой Сун Силь.Политический скандал вокруг президента Южной Кореи разгорелся после того, как Пак Кын Хе принесла публичные извинения за так называемую ""утечку"" к Цой Сун Силь десятков текстов президентских выступлений до того, как они были публично прочитаны. Кроме этого, не исключалось, что Цой Сун Силь присвоила часть средств из собранных с бизнес-корпораций 70 миллионов долларов на покупку недвижимости за рубежом и для оплаты обучения ее дочери в одном из наиболее престижных вузов Южной Кореи.Цой Сун Силь не занимает никаких официальных постов в правительстве Южной Кореи. Ее называют дочерью Цой Тхэ Мина, наставника Пак Кын Хе, и бывшей женой экс-секретаря президента Сон Ёе Хве. После возвращения в Южную Корею Цой Сун Силь была арестована. Ей и двум бывшим высокопоставленным сотрудникам из администрации президента были предъявлены обвинения в злоупотреблении служебными полномочиями и коррупции.Накануне сотрудники южнокорейской прокуратуры провели обыски в резиденции президента Пак Кын Хе. Кроме этого, представители следствия направили адвокату Пак Кын Хе извещение с требованием президенту явиться для беседы в связи со скандалом.Южная КореяКоррупция"
2025-01-15,"Первый заместитель председателя Антикоррупционной службы Улан Саркулов пояснил, как отличить взятку от простой благодарности в рамках нового законопроекта по вопросам противодействия коррупции, передает корреспондентTengrinews.kz.Законопроект, одобренный сегодня в Мажилисе в первом чтении, предполагает введение уголовной ответственности за предложение или обещание взятки. В кулуарах журналисты уточнили: есть ли в законе критерий, по которому будут отличать взятку от обычной благодарности, например, в виде цветов или коробки конфет врачу или учителю.""Что касается благодарности – (она допустима. – Прим.) когда нет причинно-следственной связи. Вот мы говорим, даже в кафе посидели, чаевые дали. Тоже благодарность. Здесь никаких вопросов нет. Вы же взамен ничего не требуете. А когда есть причинно-следственная связь, ты приходишь к врачу, действительно человек болеет, действительно ему необходима какая-то реабилитация или операция, ему врач говорит: ""Извините, вы в портале стоите 25-м, впереди вас люди"". Он ему говорит: ""Ну, можно же этот вопрос решить..."" Здесь, конечно же, вопросы возникают. Соответственно, предложение, обещание, требование взятки – этого для общества не должно быть"", – ответил Улан Саркулов.Он пояснил, чтолюбая сумма свыше 2 МРП (7864 тенге в 2025 году) будет считаться взяткой, если ""есть причинно-следственная связь"". При этом коробка конфет для учителя или врача в качестве ""спасибо"" – это не взятка.""А если я хочу в качестве благодарности миллион принести своему врачу?""– спросила журналистка.""Миллион? Да, пожалуйста, если подарки кто-то дарит – у нас есть специальный фонд. Он давно уже существует. Какие-то превышающие суммы – пожалуйста, сдаешь в фонд. Превышающие 5 МРП (19 660 тенге в 2025 году)"", – ответил зампред Антикора.Напомним: мажилисмены одобрили в первом чтении законопроект по вопросам противодействия коррупции. Какую конкретно уголовную ответственность введут за такие правонарушения, пока неизвестно.В рамках этого же законопроектав Казахстане введут публичный реестр коррупционеров. Туда будут включаться сведения об осужденных за тяжкие и особо тяжкие коррупционные преступления. Основанием для включения в реестр станет вступивший в законную силу обвинительный приговор.Читайте также:В Уголовном кодексе Казахстана появится новая статьяНажмите сюда, чтобы получать самые важные новости в вашем WhatsAppВзяткаКоррупцияантикорантикоррупционная службаЗаконопроектМажилисУчительВрачПодарок"
2016-12-27,"Родители одноклассников ребенка жительницы Алматы Сауле Волковой подали на нее в суд за появившиеся видеозаписи со школьного собрания, передает корреспондентTengrinews.kz.Продолжение■Жительница Алматы выиграла в суде спор из-за школьного видео15 февраля 2017, 12:51В суд на Волкову подали шестеро родителей. С нее требуют возмещения морального вреда в сумме 1,3 миллиона тенге. В своем иске они пишут, что Волкова якобы разместила на YouTube видео с информацией, порочащей их честь и достоинство, а также в личной переписке в группе WhatsApp был размещен список с указанием имен и фамилий учеников второго класса. На распространение имен детей родители Волковой разрешения не давали.""В результате истцы испытали и продолжают испытывать нравственные страдания, выражающиеся в страхе за безопасность своих детей, раздражении и гневе в связи с использованием имен их детей ответчиком в своих целях. При этом дети также испытывают стыд и дискомфортное состояние, не хотят ходить в школу"", - говорится в иске.Адвокат заявителей не стала комментировать ситуацию.Одна из истцов Оксана Бойко также была немногословна.""Она пишет по шесть-восемь заявлений и претензии в Министерство образования, чтобы они приняли меры. Вот к моему ребенку приходят чужие дядьки и спрашивают, не это ли телефон твоего отца. Это реально было такое. И вот эти всякие сведения"", - сказала Бойко.Сама Сауле Волкова на суд не пришла. Ее представители считают, что истцы не смогли предоставить доказательства того, что именно их клиент выложила сведения о детях и видеозаписи в Интернет. Истцы говорят, что Волкова не отрицает свое авторство и есть свидетели, которые это подтвердят.Другой иск в отношении Сауле Волковой подал отец ребенка из другого класса. Он возмутился тем, что на видеозаписи, снятой Волковой, был запечатлен его сын. Мужчина требует с Волковой сто тысяч тенге в качестве возмещения морального вреда и удаления записи из Интернета.""На видео лицо ребенка было ""замылено"". Ребенок в кадре присутствует две секунды, лицо ""замыленное"", во второй половине видео он идет с опущенной головой и опознать, кто это, невозможно. Автором ролика было сделано все, чтобы все лица участников были замазаны. Тем самым, на наш взгляд, были соблюдены все требования закона"", - объяснила адвокат ответчика Жанна Уразбахова.По словам Уразбаховой, в суде еще не выяснили, кто именно выложил видео на YouTube.""Сауле Волкова авторство записи не отрицает, поскольку снимала на свой мобильный телефон. Там слышен ее голос. Она является непосредственным участником этого собрания"", - рассказала представитель ответчика Салтанат Дильманова. Суд назначил экспертизу.Ранее Сауле Волкова заявила о коррупции в школе. На YouTube появлялись различные видеозаписи, включая собрания родителей с представителями управления образования Алматы. Затем в гимназии появилась табличка о запрете фото-, видеосъемки. Добавим, что директор школы был освобожден от занимаемой должности, а классный руководитель привлечен к дисциплинарной ответственности.ШколаКоррупцияАлматы"
2016-11-07,"В Антикоррупционной службе РК рассказали подробности задержания председателя Комитета ветеринарного контроля и надзора Министерства сельского хозяйства РК Сакташа Хасенова, передаетTengrinews.kz.Продолжение■В МСХ РК прокомментировали задержание главы комитета07 ноября 2016, 16:47■В деятельности Минсельхоза РК выявлены серьезные коррупционные риски07 ноября 2016, 17:33■Глава МСХ: Задержанный за взятки Хасенов не освобожден от должности08 ноября 2016, 12:40■Экс-главе Комитета МСХ РК Сакташу Хасенову продлили арест06 января 2017, 12:21По данным Нацбюро по противодействию коррупции, Хасенов ежемесячно получал взятки за выдачу разрешений на ввоз мясной продукции на территорию Казахстана.""Следствие выявило, что Хасенов С. и его доверенное лицо Решетько Е., установили определенную таксу, по которой предпринимателям ежемесячно приходилось платить за каждый килограмм ввозимой в Казахстан продукции. При незаконном покровительстве Хасенова с марта по октябрь 2016 года на территорию страны было беспрепятственно завезено более 7,4 тысячи тонн мяса птицы. Сумма полученных Хасеновым С. и Решетько Е. взяток составила 37 миллионов тенге"", - отметили в сообщении Антикоррупционной службы.Проводится досудебное расследование. Как рассказали в Нацбюро, добытые преступным путем денежные средства Сакташ Хасенов тратил на личные нужды. ""В октябре приобрел в салоне автомобиль марки Toyota Land Cruiser 200 2016 года выпуска. В настоящее время Хасенов с санкции суда арестован"", - резюмировали в Нацбюро по противодействию коррупции.Сакташ Хасеновбыл задержан4 ноября за неоднократное получение взяток. Он полностью признал свою вину.""6 ноября постановлением районного суда №2 Алматинского района Астаны санкционирована мера пресечения в виде содержания под стражей в отношении Хасенова С., подозреваемого в совершении уголовного правонарушения, предусмотренного статье 366 ч. 4 УК, сроком до двух месяцев"", - сообщается на сайте столичного суда.КоррупцияВзятки"
2016-11-08,"Задержан генеральный директор футбольного клуба ""Актобе"" Дмитрий Васильев, передаетTengrinews.kzсо ссылкой на пресс-службу Национального бюро по противодействию коррупции.Продолжение■ФК ""Актобе"" просит Генпрокурора разобраться в деле Васильева09 ноября 2016, 17:55■Оглашен приговор экс-директору ФК ""Актобе"" Дмитрию Васильеву26 мая 2017, 18:09■В Верховном суде объяснили, почему оправдан бывший директор ФК ""Актобе""03 марта 2018, 12:35Нацбюро по противодействию коррупции установлены факты хищения бюджетных средств руководством АО ""Областной футбольный клуб ""Актобе"".""Следствием установлено, что генеральным директором АО Васильевым путем незаконной выплаты премиальных совершено хищение бюджетных средств на сумму более 300 миллионов тенге. При этом размер своего ""премирования"" Васильев определял единолично"", - отмечается в сообщении Антикоррупционной службы.""В том числе выявлен факт незаконного премирования тренеров и футболистов ФК ""Актобе"" за выход в шестерку сильнейших команд до окончания первого этапа чемпионата Казахстана по футболу на общую сумму 69 миллионов тенге. Из указанной суммы 15 миллионов тенге получил сам Васильев"", - также отметили в пресс-службе Нацбюро.8 ноября Антикоррупционной службой Васильев задержан на основании статьи 128 УПК РК и водворен в ИВС ДВД по Актюбинской области.Ранее актюбинская газета ""Диапазон"" сообщала, что Антикоррупционная служба проводит проверку финансовой деятельности ФК ""Актобе"". Счета клуба заморожены, из-за чего сотрудники не получили зарплаты за прошедший месяц. Также СМИ сообщали о возможном договорном характере матча 23-го тура ""Актобе"" - ""Ордабасы"". Органы, по версии СМИ, проверяют возможную связь представителей клубов со ставками в букмекерских конторах.После игры в Сети появилась запись, в которой собеседники, чьи голоса похожи на голоса гендиректора ""Актобе"" Дмитрия Васильева и главного тренера ""Ордабасы"" Бахтияра Байсеитова, договариваются о нужном результате.Стали известны размеры зарплат Смакова и Щеткина в ФК ""Актобе""ФутболКоррупцияВзяткиАктобе"
2016-11-09,"При получении взятки в 150 тысяч долларов задержан сотрудник Комитета госдоходов РК, сообщаетTengrinews.kzсо ссылкой на пресс-службу Нацбюро по противодействию коррупции по Астане.Продолжение■Сотрудников ДГД Атырауской области задержали за неоднократное взяточничество10 ноября 2016, 11:48■В Сети появилось видео, как девушка пытается дать взятку сотруднику КГД10 ноября 2016, 19:17""8 ноября этого года Департаментом Национального бюро по противодействию коррупции по Астане при получении взятки в размере 150 тысяч долларов от индивидуального предпринимателя за выдачу положительного заключения по экспертизе нефтепродуктов задержан с поличным главный специалист РГУ ""Центральная таможенная лаборатория Комитета государственных доходов РК"" Агубаев А.Б."", - говорится в распространенном сообщении.Подозреваемый задержан и находится в ИВС ДВД Астаны. Проводится досудебное расследование.КоррупцияЗадержаниеВзятки"
2016-11-21,"Капшагайским городским судом оглашен приговор руководителю и сотрудникам отдела по чрезвычайным ситуациям по Капшагаю, передаетTengrinews.kzсо ссылкой на пресс-службу суда Алматинской области.Продолжение■Суд амнистировал главу отдела по ЧС Капшагая, осужденного за коррупцию06 марта 2017, 19:10Руководитель отдела Абдикеримов признан виновным по статьям 365, 366 и 369Уголовного кодекса РК(""Воспрепятствование законной предпринимательской деятельности"", ""Получение взятки"" и ""Служебный подлог""). По данным статьям ему назначили 9 лет лишения свободы в колонии общего режима с конфискацией имущества, с пожизненным лишением права занимать должности на государственной службе.Отмечается, что Абдикеримов оправдан за отсутствием состава преступления по статьям 361, 362 и 364 УК РК (""Злоупотребление должностными полномочиями"", ""Превышение власти и должностных полномочий"", а также ""Незаконное участие в предпринимательской деятельности"").Главного специалиста отдела Куандыкова признали виновным по статьям 362, 365 и 366 УК РК (""Превышение власти и должностных полномочий"", ""Воспрепятствование законной предпринимательской деятельности"" и ""Получение взятки""). Ему назначено 8 лет 6 месяцев лишения свободы в колонии общего режима с конфискацией имущества, добытого преступным путем,  с пожизненным лишением права занимать должности на государственной службе.Сотрудники отдела Ильясов и Нурбосынов признаны виновными по статье 369 УК РК ""Служебный подлог"". Им назначено наказание в виде ограничения свободы на 2 года, с пожизненным лишением права занимать должности на государственной службе, с конфискацией имущества.Также директор компании ""БОРЗ-09"" Абубакаров признан виновным по статье 365 УК РК ""Пособничество в воспрепятствовании законной предпринимательской деятельности"". Ему назначено наказание в виде ограничения свободы на 2 года, с пожизненным лишением права заниматься деятельностью в сфере обслуживания населения, с конфискацией имущества.Отмечается, что приговор не вступил в законную силу.МЧС КазахстанаКоррупцияКапшагайАлматинская область"
2025-01-31,"Tengrinews.kzподготовил дайджест главных и интересных новостей за четверг, 31 января.1. Токаев принял японского депутатаКасым-Жомарт Токаевпринял специального советника премьер-министра Японии, депутата палаты представителей Парламента Акихису Нагашиму. Президент Казахстана отметил значительный потенциал для расширения торгово-экономического, инвестиционного и научно-технического сотрудничества между двумя странами. Иностранный гость передал Главе государства теплые слова приветствия премьер-министра Японии Шигеру Ишибы.Фото пресс-службы Акорды2. Строительство АЭС в Казахстане: кто вошел в шорт-лист потенциальных подрядчиковВ Министерстве энергетики представилисписок потенциальных подрядчиковатомной электростанции (АЭС), которую построят в Казахстане. В него вошли госкорпорация ""Росатом"", корейская компания KHNP, китайская CNNC и французская EDF.Ранее вице-министр энергетики Сунгат Есимханов сообщил, чтопотенциального вендора могут определить в июне этого года. Президент Касым-Жомарт Токаев на расширенном заседании правительствапоручил ускорить строительство АЭС, а также определить место для второй станции.Фото:depositphotos.com3. Болату Мажагулову дали 8,6 года тюрьмыЭкс-руководитель управления культуры Астаны признан виновным по статье ""Присвоение или растрата вверенного чужого имущества"", суд приговорил егок 8 годам 6 месяцам лишения свободы. Подробности читайтездесь.Информация озадержанииБолата Мажагулова появилась в начале сентября прошлого года. По данным АФМ, досудебное расследование в отношении экс-руководителя управления и представителей подрядной организации велось по факту хищения бюджетных средств в особо крупном размере.Болат Мажагулов. Фото:gov.kz4. Крупных чиновников в сфере экологии заподозрили в коррупцииВ ходе брифинга в Антикоре стало известно, что за последние два года в коррупции изобличен ряд чиновников из департаментов экологии сразу четырех регионов и представителей различных организаций. С подробностями можно ознакомитьсяздесь.Ранее мы писали, чтовзят под стражу руководитель департамента экологии области Улытау.Читайте также:Бывший главный эколог ВКО получил срок за взятку.Фото:depositphotos.com5. 250 тысяч молодых казахстанцев не воспользовались деньгами из НацфондаМинистр финансов Мади Такиев озвучил статистические данные касательно использования казахстанцами средств из Нацфонда на образование своих детей. Согласно информации, 250 тысяч молодых казахстанцевне подали заявкина использование средств.Сегодня мы писали, чтоказахстанским детям поступили 129 долларов из Нацфонда.Ранее мы сообщали,сколько денег получит каждый ребенок в 2025 году по программе ""Нацфонд - детям"".Фото: depositphotos.com6. Озвучена новая инициатива по мобильным переводамВ Министерстве финансов выступили с новой инициативой по установлению нижнего порога поступлений путем мобильных переводов для проведения проверок. Если инициативу поддержат, топорог составит 1 020 000 тенге.Ранее в Комитете госдоходов предложиливвести лимит на мобильные переводы, установив планку в 3 минимальные заработные платы, или 255 тысяч тенге. Читайте также:Контроль мобильных переводов: примут ли порог в 255 тысяч тенге.Изображение сгенерировано при помощи нейросети Midjourney7. Подозреваемого пытали в Жамбылской областиВ Жамбылской области прокуроры выявили факт пытки подозреваемого по уголовному делу. Начатодосудебное расследование.В конце декабря 2024 годав Караганде осудили полицейских за пытки, примененные к свидетелю. Читайте также:""Меня доставили в РОВД и начали избивать. Били головой об стену, выкручивали половые органы"".Фото ©️ Tengrinews.kz / Турар Казангапов8. Итоги дела о гибели тренера в АктауВ Актау апелляционный суд вынес решение по делу о гибели тренера Алины Сериковой, которая погибла после того, как над ней несколько часов измывались пятеро мужчин. Апелляционный суд приговорилглавного фигуранта дела к пожизненному сроку.Алина Серикова совершиласуицид в мае прошлого года. За несколько дней до трагедии незнакомые мужчины под наркотическим воздействием напали на молодую девушку, похитили, избили, изнасиловали и заставили оформить кредит на сумму два миллиона тенге.Фотоколлаж Tengrinews.kz9. Казахстанка рассказала о трех работах и поразила соцсетиВ социальных сетях распространился видеоролик, в котором девушка по имени Жания рассказала о своем тяжелом графике работы. Женщинатрудится на трех работах, чтобы выбраться из долговой ямы и выплатить кредиты.Ранее 19-летняя казахстанка рассказала о том, какуспевает совмещать 5 работ, в том числе трудиться учительницей в начальных классах.Кадры из видео10. Опасную бактерию нашли в казахстанской курицеВ сети распространилась информация о том, что в поставляемом из Казахстана в Россию мясе курицы обнаружили смертельно опасную листерию. Информациюпрокомментировали в Комитете Минсельхоза.Ранее в Россельхознадзоресообщили, что в результате анализа пробы из партии филе цыпленка-бройлера охлажденного листерию выявили в птице казахстанского производителя ""Макинская птицефабрика"".Фото:depositphotos.comНажмите сюда, чтобы получать самые важные новости в вашем WhatsAppАЭСАктаусуицидМобильные переводыНацфонд - детямЭкологКоррупцияСудкультураМинистерство энергетики РКСтроительствоБактерии"
2016-11-07,"Специальная комиссия совместно со специалистами МСХ РК создана после задержания председателя комитета МСХ РК Сакташа Хасенова, прокомментировал первый вице-министр сельского хозяйства РК Кайрат Айтуганов, передает корреспондентTengrinews.kz.""Сейчас этим занимаются правоохранительные органы. Также создана специальная комиссия, которая будет работать с нашими специалистами. Такие вещи нельзя допускать"", - отметил Айтуганов, добавив, что не может охарактеризовать Хасенова как работника, так как работает в министерстве всего три месяца.Напомним, председатель Комитета ветеринарного контроля и надзора МСХ РК Сакташ Хасенов былзадержанв пятницу, 4 ноября, за неоднократное получение взяток. Национальным бюро по противодействию коррупции установлено, что председатель Хасенов организовал преступную схему по выдаче разрешений на ввоз мясной продукции на территорию Казахстана и на системной основе получал взятки по установленной ""таксе"". Сумма полученных Хасеновым и его подельника взяток составила37 миллионов тенге.Сакташ Хасенов былназначенпредседателем Комитета ветеринарного контроля и надзора Министерства сельского хозяйства Казахстана в июне 2015 года. До этого он возглавлял Комитет государственной инспекции в агропромышленном комплексе МСХ РК.КоррупцияВзятки"
2016-11-30,"Арестован бывший председатель правления АО ""Байтерек Development"" Бахыт Жаксыбаев, передаетTengrinews.kzсо ссылкой на пресс-службу Национального бюро по противодействию коррупции.""В ходе расследования дела в отношении должностных лиц АО ""Байтерек Development"" по фактам получения взяток в особо крупном размере арестован один из организаторов преступной схемы - бывший председатель правления Жаксыбаев Б., ныне председатель правления АО ""Казахстанский центр модернизации и развития ЖКХ"" Министерства национальной экономики РК. Жаксыбаев Б. руководил деятельностью всех участников преступления, распределял между ними роли и размер получаемых взяток"", - сообщили в пресс-службе Нацбюро по противодействию коррупции.30 ноября 2016 года в отношении него с санкции районного суда № 2 Алматинского района избрана мера пресечения ""содержание под стражей"".Ранеебыли задержаныдолжностные лица АО ""Байтерек Development"". Среди нихсын экс-спикераМажилиса.КоррупцияЗадержаниеВзяткиАрест"
2016-11-01,"Инвестор, давший взятку Василию Ни, продолжит строительство пятизвездочного гостиничного комплекса в Международном центре приграничного сотрудничества ""Хоргос"", передает корреспондентTengrinews.kz.Продолжение■Экс-президенту МЦПС ""Хоргос"" продлили арест14 ноября 2016, 17:36""Конкурс объявлен состоявшимся. Строительство гостиницы продолжается, инвестор действующий. За дачу взятки его к ответственности не привлекли, потому что, как мы узнали из СМИ, он сам обратился в Национальное бюро по противодействию коррупции, это не его личная инициатива была (дачи взятки - прим. автора)"", - сообщил в интервью пресс-секретарь МЦПС ""Хоргос"" Равиль Будуков.По его словам, в настоящее время фактическое строительство гостиницы еще не началось, на данном этапе продолжается проектная работа. Пятизвездочный комплекс по плану должен быть сдан до конца 2018 года.""Она будет располагаться на казахстанской части ""Хоргоса"" и будет открыта для китайской и казахстанской сторон. Соглашение предусматривает безвизовое нахождение на МЦПС в течение 30 дней, поэтому проектом предусмотрена гостиница, где граждане Казахстана, Китая и третьих стран могут воспользоваться соответствующими услугами"", - уточнил Равиль Будуков.Ранее Нацбюро по противодействию коррупции сообщило, что президент МЦПС ""Хоргос"" Василий Ни путем вымогательстваполучил взятку на сумму миллион долларов СШАза положительное решение результатов инвестиционного тендера.После задержания президента Василия Ни МЦПС ""Хоргос"" продолжил работув штатном режиме.Коррупция"
2016-11-24,"В Агентстве по делам госслужбы и противодействию коррупции назвали самые распространенные коррупционные риски в деятельности Комитета административной полиции МВД РК, передает корреспондентTengrinews.kz.В ходе совместного селекторного совещания был сделан вывод, что сфера дорожно-патрульной полиции является наиболее коррумпированной. По информации Агентства, количество коррупционных преступлений в системе органов внутренних дел с 2015 года выросло на 50 процентов (с 126 до 180).Как отметил директор Департамента антикоррупционной политики Агентства Салауат Муксимов, ""результаты антикоррупционного мониторинга подтверждаются и внушительной правовой статистикой: каждое третье коррупционное преступление в органах внутренних дел приходится на сотрудников дорожно-патрульной полиции"".Предметом особого обсуждения стало резонансное дело организованной преступной группы, возглавляемой руководителем регистрационно-экзаменационного отдела ДВД по Южно-Казахстанской области.В результате незаконных действий ОПГ, на территорию Казахстана ввезено контрабандным путем более 600 автомобилей из стран Европейского Союза, тем самым, государству был нанесен ущерб в сумме более 4,4 миллиарда тенге. Зафиксированы также многочисленные факты вымогательства за выдачу разрешительных документов и водительских удостоверений. В ходе следственных действий было установлено, что сотрудники РЭО получали взятки и за оформление автомобильных номеров с буквенными сериями VIP-класса, пользующихся значительным спросом. На сегодняшний день из 24 фигурантов по данному делу арестовано 19 должностных лиц.Агентством отмечено, что аналогичные преступления выявлены и в других регионах страны, в результате чего, Парламентом уже рассматривается законопроект о включении ""зеркальных"" номеров и ""красивых"" буквенных серий в перечень государственных знаков повышенного спроса и выдаваемых по особому тарифу.Отмечается, что эта инициатива Агентства продиктована тем, что теневой оборот подобных номеров сопоставим с объемом бюджетных поступлений от официальных продаж госномеров, размеры которых за последние 2 года составили более 5,2 миллиарда тенге.""Главной проблемой в деятельности сотрудников административной полиции является наличие субъективной возможности альтернативного взыскания в виде предупреждения или штрафа. Так, в Северо-Казахстанской области по статье 620 КоАП 99 процентов административных материалов завершены вынесением предупреждения, что может наталкивать на определенные выводы"", - заявил спикер Агентства.Особое внимание было обращено на необходимость приведения в соответствие стандартов и регламентов госуслуг Комитета, максимальной автоматизации контроля дорожного движения путем внедрения систем ""интеллектуальных перекрестков"", стационарных скоростемеров и онлайн-камер, а также более четкой регламентации использования госавтоинспекторами ручных радаров и видеорегистраторов.Правоохранительные органыКоррупция"
2016-12-06,"Председатель Агентства РК по делам госслужбы и противодействию коррупции Кайрат Кожамжаров призвал бизнесменов решать вопросы без дачи взяток, передаетTengrinews.kzсо ссылкой на пресс-службу ведомства.Кайрат Кожамжаров призвал предпринимателей сообщать о любых правонарушениях, так как агентство принципиально в вопросах искоренения коррупции.""Немаловажно, чтобы и предприниматели перешли к принципам честности и прозрачности ведения бизнеса. Но здесь нужна ваша твердая воля решать вопрос законным путем, а не дачей взяток"", - подчеркнул Кожамжаров, выступая на Республиканском форуме предпринимателей по вопросам противодействия коррупции.Председатель агентства заявил, что форум является вызовом всем ""нечистым на руку"" управленцам и сигналом бизнесу, что не надо участвовать в коррупции, ""поскольку мы объединяем свои усилия"".Кожамжаров добавил, что в Казахстане будет внедрена программа Red tape challenge по снижению излишнего госрегулирования. Данная система успешно зарекомендовала себя в Великобритании и Канаде. Она позволит предпринимателям совместно с государством выявлять и устранять препятствия для ведения бизнеса. ""Роль предпринимателей очень важна в данной работе, так как они будут не только раскрывать проблемные зоны, но и давать предложения по их устранению"", - сказал он.КоррупцияГосслужба"
2016-12-05,"Недобросовестные госслужащие за свои ошибки, зачастую повлекшие убытки бизнеса, никакой ответственности не несут. Об этом заявил заместитель председателя правления НПП ""Атамекен"" Рустам Журсунов, передает корреспондентTengrinews.kz.""Серьезной проблемой остается огромный дисбаланс между количеством жалоб на притеснение бизнеса и числом наказаний должностных лиц за совершение ими правонарушений, а порой и преступлений. Так, только за 2016 год в НПП ""Атамекен"" поступило более 5 тысяч жалоб. Органами прокуратуры в ходе проверок в сфере экономики выявлено почти 20 тысяч правонарушений. По актам прокурорского надзора изменено более 3 тысяч незаконных решений и эти цифры наглядно показывают только малую долю того пресса, который испытывает казахстанский бизнес"", - сообщил Рустам Журсунов в ходе Республиканского форума предпринимателей по вопросам противодействия коррупции.Зампред НПП привел данные Комитета по правовой статистике: за 2015 год и 9 месяцев 2016 года по статье 365 УК РК ""Воспрепятствование законной предпринимательской деятельности"" из 16 зарегистрированных дел обвинительный приговор вынесен только двум лицам. По статье 370 УК РК ""Бездействие по службе"" за два года - нулевая статистика.""В отношении количества госслужащих, привлеченных к административной ответственности, картина не лучше. Так, за аналогичный период по статье 173 КоАП ""Незаконное вмешательство"" возбуждено всего четыре административных производства. Из них только по двум вынесены постановления на наложение взыскания. По статье 175 ""Нарушение порядка проведения проверки"" к ответственности привлечено 27 лиц за два года.Ситуация носит аналогичный характер по дисциплинарной ответственности. Так, согласно правовой статистике, в 2015 году по обращению физических и юридических лиц из 17,5 тысячи жалоб к дисциплинарной ответственности привлечено всего 8 человек. За 9 месяцев 2016 года количество таких жалоб выросло в два раза - 32 тысячи. В дисциплинарном порядке наказано только три человека. Указанные цифры наглядно демонстрируют, что система издержек и противовесов не работает. Недобросовестные госслужащие за свои ошибки, зачастую повлекшие летальные убытки бизнеса, фактически никакой ответственности не несут"", - заявил Журсунов.КоррупцияГосслужба"
2016-11-10,"Из Объединенных Арабских Эмиратов экстрадирована гражданка Казахстана, которая обвиняется в присвоении мошенническим путем 120 тысяч долларов, передает корреспондентTengrinews.kzсо ссылкой на пресс-службу Генеральной прокуратуры.""Компетентными органами ОАЭ был удовлетворен запрос Генеральной прокуратуры РК о ее выдаче. Данная работа была проведена при содействии посольства Казахстана в ОАЭ и Интерпола МВД РК"", - сообщили в ведомстве.По данным Генпрокуратуры, женщина  в 2011 году, выдавая себя за бывшего работника одной из нефтяных компаний, ввела в заблуждение предпринимателя касательно возможности заключения выгодного контракта по поставке серы. На расходы по заключению контракта по ее просьбе ей были переданы денежные средства в размере 120 000 долларов. После получения денег она скрылась.В настоящее время подозреваемая Ким В.В. водворена в следственный изолятор Алматы.ОАЭКоррупция"
2025-01-05,"Антикор завершил расследование в отношении экс-вице-министра культуры и спорта Ерлана Кожагапанова, передаетTengrinews.kzсо ссылкой на пресс-службу ведомства.Продолжение■Казахстанке смягчили приговор за хищение более 600 миллионов08 января 2025, 09:28Агентством по противодействию коррупции продолжается работа по обеспечению принципа законности и порядка в обществе, а также по пресечению коррупции, в том числе среди высокопоставленных должностных лиц.""Агентством завершено расследование в отношении бывшего вице-министра культуры и спорта и руководства подрядной организации по подозрению в совершении тяжких преступлений. Ониобвиняются в злоупотреблении должностными полномочиями ихищении свыше одного миллиарда тенге. 13 декабря 2024 года Генеральной прокуратурой обвиняемые преданы суду"", – говорится в сообщении Антикоррупционной службы.Согласно положениям статьи 201 Уголовно-процессуального кодекса иная информация распространению не подлежит.Подробности задержания бывшего вице-министра культуры и спорта сообщили в АнтикореВ марте 2024 года стало известно, что Антикоррупционной службой по результатам негласных мероприятийбыл задержан экс-вице-министр культуры и спортапо подозрению в совершении тяжкого коррупционного преступления.""Действуя в интересах коммерческой организации, он пролоббировал заключение с ней договора по организации в 2018 году выставки XV межрегионального форума сотрудничества Республики Казахстан и Российской Федерации в городе Петропавловске"", – сообщил ранее официальный представитель Антикоррупционной службы.В соответствии с подпунктом 1 пункта 3 статьи 77 Конституции и частью 1 статьи 19 Уголовно-процессуального кодекса каждый считается невиновным, пока его виновность в совершении уголовного правонарушения не будет установлена вступившим в законную силу приговором суда.Что известно о Ерлане КожагапановеЕрлан Кожагапанов родился в 1968 году в Алматинской области.В 1992 году окончил Карагандинский государственный университет имени Букетова, Алматинский государственный университет имени Абая, Российскую таможенную академию.Трудовую деятельность начал в 1989 году.В 1990-1994 годах занимался предпринимательской деятельностью.В 1994-2007 годах работал в государственных органах и предприятиях.В 2007-2013 годах занимал должность заместителя акима Астаны.В 2013-2016 годах работал председателем Агентства по делам спорта и физической культуры, президентом Федерации футбола.С декабря 2016-го по ноябрь 2017 года занимал должность и. о. советника, советника премьер-министра.В 2017-2020 годах – вице-министр культуры и спорта.В 2020-2021 годах – первый заместитель акима Алматы.С апреля по сентябрь 2021 года являлся вице-министром культуры и спорта.После был назначен на должность советника премьер-министра.Также Ерлан Кожагапанов занимал пост председателя совета директоров ФК ""Астана"".Нажмите сюда, чтобы получать самые важные новости в вашем WhatsAppантикоррупционная службаРасследованиеАстаназаместителикультураСпортКоррупцияХищение"
2025-01-31,"Официальный представитель Антикоррупционной службы Данияр Бигайдаров сообщил о попытке внести ложные данные в единый государственный кадастр недвижимости, передает корреспондентTengrinews.kz.По его словам, случай произошел в Усть-Каменогорске.""Судом города Усть-Каменогорска оглашен приговор в отношении главного специалиста отдела регистрации недвижимости филиала НАО ""Государственная корпорация ""Правительство для граждан"" Восточно-Казахстанской области Кыдырбаевой А. и начальника отделения департамента полиции на транспорте Министерства внутренних дел Байчина Р. Кыдырбаева признана виновной во внесении заведомо ложных сведений в систему ""Единый государственный кадастр недвижимости"" об отсутствии у Байчина недвижимого имущества"", - сообщил Бигайдаров на брифинге в Антикоре.Этим же приговором Байчин признан виновным в завладении бюджетными средствами в виде жилищных выплат в сумме 7,2 миллиона тенге путем предоставления по месту работы фиктивной справки об отсутствии зарегистрированного за ним жилья.""Специалист осуждена к 3 годам и 6 месяцам лишения свободы условно с лишением права занимать должности в квазигосударственном секторе, связанные с допуском к информационно-коммуникационной инфраструктуре, сроком на 2 года. Сотрудник полиции в связи с полным возмещением ущерба осужден к 3 годам и 6 месяцам ограничения свободы с лишением специального звания ""старший лейтенант полиции"", - добавил спикер.Напомним: МВД сообщалоо внедрении механизма проверки сотрудников полиции на добропорядочностьв 2023 году. Меры предлагалось ввести для ""формирования у сотрудников полиции коррупционной устойчивости"".Читайте также:Полицейских и госслужащих в Казахстане будут проверять на склонность к коррупции.Нажмите сюда, чтобы получать самые важные новости в вашем WhatsAppКоррупцияПолицияПолицейскиеЦОНОбманВКОУсть-Каменогорск"
2016-11-12,"Департаментом Национального бюро по противодействию коррупции по Жамбылской области задержан главный инспектор – государственный аудитор ревизионной комиссии области Н. Дуйсенов, передает корреспондентTengrinews.kzсо ссылкой на пресс-службу ведомства.""Установлено, что Дуйсенов Н. путем вымогательства получил взятку в размере 4 500 000 тенге от заведующего сектором отдела образования акимата Таласского района за выдачу положительного заключения по итогам плановой проверки"", - сообщили в Нацбюро. В настоящее время инспектор водворен в ИВС УВД города Тараз.Проводится досудебное расследование.Финансовая полицияКоррупция"
2016-11-17,"Задержание руководителей АО ""Байтерек DEVELOPMENT"" прокомментировали в НУХ ""Байтерек"", сообщаетTengrinews.kz.Продолжение■После задержания руководства АО ""Байтерек DEVELOPMENT"" в компании сделали заявление18 ноября 2016, 13:05■Арестованы руководители АО ""Байтерек DEVELOPMENT""21 ноября 2016, 09:22■Арестован бывший председатель правления АО ""Байтерек Development""30 ноября 2016, 15:43■Коррупционный скандал в НУХ ""Байтерек"" прокомментировал Кожамжаров08 февраля 2017, 11:1217 ноября стало известно, что Нацбюро по противодействию коррупции начало расследование в отношении руководства АО ""Байтерек DEVELOPMENT"" по фактам получения взяток.Следствие установило, что должностные лица АО ""Байтерек DEVELOPMENT"" Джакупов А. (заместитель председателя Правления), Айтимбетов Б. (руководитель Департамента Дирекции государственно-частного партнерства) и Сариев Г. (управляющий директор) наладили коррупционную схему систематического получения взяток в особо крупных размерах за лоббирование интересов строительных компаний при закупках услуг по строительству арендного жилья в регионах в рамках госпрограммы ""Нұрлы жол"".""Следствие во всем разберется. Холдинг со своей стороны окажет содействие. Группа компаний Национального управляющего холдинга ""Байтерек"" ведет постоянную работу по предотвращению коррупционных фактов"", - сообщили в пресс-службе НУХ ""Байтерек"".Как стало известно, задержанный заместитель председателя правления АО ""Байтерек DEVELOPMENT"" Аслан Джакупов является сыном бывшего спикера Мажилиса Парламента РК Кабибуллы Джакупова, который сейчас является депутатом нижней палаты.Видео задержания руководства АО ""Байтерек DEVELOPMENT""здесь.КоррупцияЗадержаниеАстана"
2024-12-28,"Конституционный Суд Казахстана подтвердил законность нормы, ограничивающей условно-досрочное освобождение для осужденных за тяжкие коррупционные преступления, и призвал Верховный суд уточнить правоприменительную практику, передаетTengrinews.kz.Сообщается, что Конституционный Суд Казахстана рассмотрел обращения граждан о проверке на соответствие Конституции части второй статьи 2 Уголовно-исполнительного кодекса (УИК), регулирующей действие уголовно-исполнительного законодательства во времени.Согласно данной норме, исполнение и отбывание наказаний, применение средств исправления к осужденным, а также оказание помощи освобождаемым лицам осуществляются в соответствии с законодательством, действующим на момент их исполнения.""Поводом для обращения в Конституционный Суд граждан послужил отказ судов в условно-досрочном освобождении от уголовного наказания. Суды мотивировали свое решение со ссылкой на пункт 3) части восьмой статьи 72 УК об ограничении применения УДО к осужденным за тяжкое и особо тяжкое коррупционное преступление и частью второй статьи 2 УИК.По мнению граждан, оспариваемая норма УИК противоречит Конституции, поскольку ухудшает их положение, несмотря на то, что преступления были совершены до введения ограничения применения УДО за тяжкое и особо тяжкое коррупционное преступление. По результатам проверки конституционности указанной нормы Кодекса Конституционный Суд пришел к выводу о конституционности оспариваемой нормы"", -говоритсяв сообщении.Ранее, в своем нормативном постановлении от 16 мая 2024 года № 44-НП Конституционный Суд указал, что вопросы применения или неприменения УДО разрешаются в соответствии с уголовным законодательством, действующим на момент применения УДО. При этом учитываются правила обратной силы, установленные в самом уголовном законе, на основании которого был вынесен приговор.Для обеспечения единообразия судебной практики Конституционный Суд рекомендовал Верховному Суду дать дополнительные разъяснения по вопросам применения УДО к лицам, совершившим тяжкие и особо тяжкие коррупционные преступления. Эти разъяснения должны учитывать правовые позиции, изложенные в принятом нормативном постановлении.Напомним, в 2020 году Президент подписал закон,запрещающий применять условно-досрочное освобождение в отношении людей, осужденных за тяжкие и особо тяжкие коррупционные преступления.Новая норма, запрещающая условно-досрочное освобождение осужденным за коррупцию, вошла в пакет предложенных поправок по вопросам усиления защиты прав граждан в уголовном процессе и противодействия коррупции.Нажмите сюда, чтобы получать самые важные новости в вашем WhatsAppУДОКоррупцияЗаконКонституционный судКонституция"
2016-11-17,"Национальным бюро по противодействию коррупции ведется досудебное расследование в отношении руководства АО ""Байтерек DEVELOPMENT"" по фактам получения взяток, передаетTengrinews.kzсо ссылкой на пресс-службу Антикоррупционной службы.Продолжение■После задержания руководства АО ""Байтерек DEVELOPMENT"" в компании сделали заявление18 ноября 2016, 13:05■Арестованы руководители АО ""Байтерек DEVELOPMENT""21 ноября 2016, 09:22■Арестован бывший председатель правления АО ""Байтерек Development""30 ноября 2016, 15:43Следствием установлено, что должностные лица АО ""Байтерек DEVELOPMENT"" Джакупов А. (заместитель председателя Правления), Айтимбетов Б. (руководитель Департамента Дирекции государственно-частного партнерства) и Сариев Г. (управляющий директор) наладили коррупционную схему систематического получения взяток в особо крупных размерах за лоббирование интересов строительных компаний при закупках услуг по строительству арендного жилья в регионах в рамках госпрограммы ""Нұрлы жол"".""Каждому участнику преступной группы была отведена определенная роль. Так, Айтимбетов непосредственно получал денежные средства от представителей строительных компаний, которые в последующем передавал Джакупову и Сариеву. В свою очередь последние подписывали договоры, акты выполненных работ и счета к оплате"", - рассказали в Антикоррупционной службе.По данным Нацбюро, преступная схема, в которую были вовлечены 13 предприятий, была распространена по объектам строительства в городах Уральск, Кокшетау, Атырау, Актобе, Тараз и Талдыкорган.17 ноября за получение очередной взятки в сумме 28 миллионов тенге задержаны Джакупов, Сариев и Айтимбетов.""Денежные средства предназначались за покровительство ТОО Project City Group при заключении договора на строительство двух 9-этажных жилых домов в Павлодаре стоимостью 3,4 миллиарда тенге и беспрепятственное подписание актов выполненных работ"", - отметили в Антикоррупционной службе.Кроме того, за неоднократную дачу взяток должностным лицам АО ""Байтерек DEVELOPMENT"" задержаны руководители и учредители ТОО Project City Group Есмуханов Б., Смагулов К., Жуманазар Е. и Комаров А.""По аналогичной преступной схеме получал взятки бывший управляющий директор Анарбай. В настоящее время в соответствии со статьей 128 УПК РК он также задержан"", - добавили в Нацбюро.Коррупция"
2016-11-10,"Названы самые коррупционные в сфере образования регионы Казахстана, передаетTengrinews.kzсо ссылкой на пресс-службу Агентства по делам государственной службы и противодействию коррупции.10 ноября Агентством по делам государственной службы и противодействию коррупции организовано селекторное совещание для представителей сферы образования.В работе совещания приняли участие заместитель председателя Агентства Алик Шпекбаев, вице-министр образования и науки Эльмира Суханбердиева, ректоры высших учебных заведений, представители образования, территориальных департаментов Агентства.Алик Шпекбаев отметил, что необходимо пересмотреть меры по предупреждению коррупции в системе образования, а также автоматизировать бизнес-процессы для исключения человеческого фактора. Он акцентировал внимание на устранении любых условий и причин, способствующих коррупции в сфере образования.""Система образования в Казахстане остается одной из сфер, наиболее подверженных коррупции. Только с начала текущего года количество совершенных коррупционных преступлений в сфере образования в сравнении с показателями прошлого года возросло на 50 процентов"", - рассказали в пресс-службе ведомства.За девять месяцев 2016 года за коррупционные преступления осужден 61 работник в сфере образования.В разрезе регионов наибольшее количество осужденных за совершение коррупционных преступлений приходится на Кызылординскую, Карагандинскую, Актюбинскую и Восточно-Казахстанскую области.""Основная часть работников сферы образования осуждены за присвоение и растрату вверенного имущества и получение взятки. При этом большинство преступлений совершаются руководителями управлений образования областных акиматов, должностных лиц комитета по контролю в сфере образования, директорами и бухгалтерами школ и детских садов"", - подчеркнули в Агентстве по делам госслужбы и противодействию коррупции.Отмечена системность проводимых директорами школ махинаций с бюджетными деньгами. За девять месяцев текущего года в отношении директоров школ и колледжей вынесено 30 обвинительных приговоров. Системный характер носят факты злоупотребления полномочиями и хищения, которые сопряжены с решением кадровых вопросов, начислением заработной платы ""мертвым душам"", выдачей поддельных сертификатов и аттестатов.Ранее Агентство рекомендовало Министерству образования и науки принять комплексные меры по предупреждению и профилактике коррупционных правонарушений, в том числе проверить школы на соответствие официальной численности их персонала фактической, а также провести работу по повышению правовой и антикоррупционной культуры и обеспечению неукоснительного соблюдения стандартов и ограничений директорами и педагогами школ.КоррупцияВзятки"
2016-11-20,"В Transparency International назвали самые коррумпированные структуры в Казахстане, передаетTengrinews.kz.Казахстан во второй раз стал участником исследования ""Барометр мировой коррупции Транспаренси Интернэшнл"", важнейший вопрос которого - ""Платили ли вы взятки за получение государственных услуг в течение последних 12 месяцев?"".Согласно опросу, в 2016 году 29 процентов респондентов из Казахстана ответили, что давали взятки. Для сравнения, в 2013 году на данный вопрос утвердительно ответили 39,9 процента опрошенных. По данным исследования, процент граждан, дававших взятки, снизился на 10,9 процента по сравнению с 2013 годом.Отвечая на вопрос ""Снизился ли уровень коррупции за последние четыре года?"", 37 процентов участников опроса ответили утвердительно, 32 процента заявили, что не заметили прогресса в борьбе с коррупцией. Еще 22 процента опрошенных не определились в своем мнении.Вместе с тем респонденты уточнили, что наиболее коррумпированными структурами они считают правоохранительные органы (35 процентов опрошенных), руководителей бизнес-компаний (29 процентов), судей и работников судов (28 процентов). ""Сами граждане признались, что чаще всего платят взятки дорожным полицейским (47 процентов), за получение пособий по безработице (33 процента), в судах при рассмотрении гражданских дел (31 процент). Менее трети опрошенных заявили, что давали взятки за устройство на работу в системе образования (23 процента), за устройство ребенка в детский сад, школу (17 процентов), получение социальных выплат (21 процент), медицинских услуг (20 процентов) и получение официальных документов в госорганах (19 процентов)"", - сообщается в докладе.При этом отмечается, что 46 процентов респондентов дали низкие оценки работе правительства в сфере противодействия коррупции, а 37 процентов опрошенных в целом позитивно оценили принимаемые в этой сфере меры.Что касается других стран СНГ, то в плане дачи взяток лидирует Таджикистан. Так, 50 процентов опрошенных признались в том, что прибегали к этому методу для решения своих вопросов. На втором месте находится Молдова - 42 процента респондентов. Третье место разделили три страны - Азербайджан, Украина и Кыргызстан - 38 процентов опрошенных давали взятки чиновникам за последние 12 месяцев. На четвертом месте расположилась Россия - 34 процента. Замыкает пятерку лидеров Казахстан со своими 29 процентами.Коррупция"
2024-12-30,"В области Жетысу прошла широкая информационная кампания по противодействию коррупции. В рамках акции охвачены 8 районов и 2 города, организованы консультации, распространены тысячи информационных материалов и реализованы проекты, направленные на укрепление антикоррупционной культуры.Коррупция – серьезная социальная проблема, которая наносит большой ущерб развитию государства и благополучию общества. Это ослабляет доверие граждан к государственным органам и приводит к экономическим потерям и политической нестабильности. Поэтому необходимы системные и комплексные меры против этой проблемы.Формирование антикоррупционной культуры – один из основных приоритетов государства. В этом направлении ключевую роль играют повышение правовой грамотности, обеспечение прозрачности государственных органов, воспитание принципов честности в системе образования, внедрение цифровых технологий и усиление общественного контроля.В Казахстане реализуется концепция антикоррупционной политики на 2022-2026 годы. Ее цель – искоренить коррупцию, укрепив в обществе ценности честности и справедливости. Активность и законопослушие каждого гражданина – залог успеха этой борьбы. Только совместными усилиями можно создать более справедливое общество, свободное от коррупции.В соответствии с этим в этом году управлением общественного развития области Жетысу была проведена широкомасштабная информационная кампания, направленная на профилактику коррупции.В рамках акции в 8 районах и 2 городах области развернуты информационно-пропагандистская работа, правовое консультирование, распространение по 2000 специально разработанных информационных брошюр и 150 билбордов в 113 сельских округах и 6 городах.Кроме того, в регионе в 2024 году в целях профилактики коррупции и повышения культуры реализовано 5 крупных проектов с участием учащихся, волонтеров, молодежи, государственных служащих, представителей НПО, СМИ и бизнеса.Фото: МОО ""Жетісу жастар Конгресі""Рекламный материалобласть ЖетысуКоррупция"
2024-12-26,"В Атырау директор и бухгалтер Центра специальных социальных услуг признаны виновными в хищении бюджетных средств, передаетTengrinews.kzсо ссылкой на агентство Республики Казахстан по противодействию коррупции.По данным ведомства, суд Жылыойского района Атырауской области вынес приговор в отношении директора КГУ ""Центр специальных социальных услуг для взрослых № 2"" Гульнары Жалекеновой и бухгалтера Галины Шмидовой.""Они признаны виновными в хищении бюджетных средств на сумму более 73 миллионов тенге путем незаконного перечисления заработной платы лицам, фактически не осуществлявшим трудовую деятельность в КГУ"", – говорится в сообщении.Суд назначил Шмидовой семь лет лишения свободы. Жалекеновой, учитывая возмещение ущерба и наличие малолетнего ребенка, наказание смягчено до ограничения свободы на три года и шесть месяцев.Кроме того, обе женщины пожизненно лишены права занимать должности на государственной службе и в квазигосударственном секторе.Приговор суда пока не вступил в законную силу.Ранее мы писали, что в казахстанской авиакомпании FlyArystan выявилихищения финансовых средств.Читайте также:Хищения и вымогательство: экс-главу ФК ""Каспий"" арестовали в МангистауНажмите сюда, чтобы получать самые важные новости в вашем WhatsAppдиректорХищениябухгалтерСудАтырауКоррупция"
2023-07-03,"В Астане озвучили приговор руководителям ТОО ""Оператор РОП"" и экс-вице-министру экологии Ахметжану Примкулову, передает корреспондентTengrinews.kzсоссылкойна Межрайонный суд по уголовным делам Астаны.Продолжение■Бывшую главу ""Оператора РОП"" экстрадировали из ОАЭ27 июля 2023, 19:54■Экс-главу ""Оператора РОП"" привели в суд в Астане10 октября 2023, 16:00■Суд над экс-главой ""Оператора РОП"": что просят защита и обвинители10 октября 2023, 17:03■Суд по делу ""Оператора РОП"": экс-глава выплатила 920 миллионов тенге02 ноября 2023, 10:38■Сколько министров, вице-министров и акимов осудили за коррупцию в 2023 году15 ноября 2023, 06:22■Привилегии для экс-главы ""Оператора РОП"" создали в колонии в ВКО12 июля 2024, 19:27Судом установлено, что трое руководителей РОП поочередно, начиная с 2016 года, при пособничестве вице-министра экологии неоднократно совершали хищение бюджетных средств в особо крупном размере.Как сообщается, хищение совершено путем необоснованных оплат услуг аффилированной компании по утилизации вышедших из эксплуатации транспортных средств по завышенной стоимости.Общая сумма причиненного ущерба - 26,8 миллиарда тенге.Кроме того, по данным суда, вице-министр экологии, злоупотребляя своими полномочиями, подписал незаконный приказ, которым ввел расширенные обязательства производителей и импортеров кабельно-проводниковой продукции. В результате чего наступили тяжкие последствия в виде причиненногоущерба более 325 миллионов тенге, говорится в сообщении.В этот же период, как отмечается, руководители ТОО ""Оператор РОП"" при пособничестве экс-вице-министрапокушались похитить 180 миллиардов тенге, находящиеся на счету ТОО. Хищение осужденные планировали совершить при строительстве аффилированной компанией шести мусоросжигающих заводов на территории Казахстана.Финансирование строительства осужденные необоснованно включили в мероприятия по реализации Инвестиционной политики на 2022 год.Также руководитель К. и учредитель М. (Шнар Муктарова в розыске. - Прим.) ТОО, используя управленческие функции в коммерческой организации, злоупотребляя полномочиями, под видом получения дивидендов совершилихищение бюджетных средств в размере 920 миллионов тенге.""Вина осужденных доказана показаниями потерпевших, свидетелей, заключениями судебных экспертиз, специалистов и аудиторскими отчетами, которыми установленразмер причиненного ущерба в 28,2 миллиарда тенге"", - сообщили в суде.Сообщается, что приговором суда Светлана Коротенкопризнана виновной в совершении уголовных правонарушений, предусмотренных статьями 189, часть 4, пункт 2; 250, часть 1; 24, часть 3; 28, часть 3; 189, часть 4, пункт 2 УК иосуждена на 7 лет лишения свободыс лишением права занимать руководящие должности в коммерческих организациях сроком на 10 лет.Медет Кумаргалиев признан виновным в совершении уголовных правонарушений, предусмотренных статьями 189, часть 4, пункт 2; 24, часть 3 УК и осужден на7 лет лишения свободыс лишением права занимать руководящие должности в коммерческих организациях сроком на 10 лет.Ахметжан Примкулов также признан виновным в совершении уголовных правонарушений, предусмотренных статьями 28, часть 5; 189, часть 4, пункт 2; 24, часть 3; 28, часть 5; 189, часть 4, пункт 2; 361, часть 4; пункт 3 УК иосужден на 7 лет лишения свободыс пожизненным лишением права занимать должности на госслужбе и в квазигосударственном секторе.Финансовый директор Рустам Темирбек признан виновным по статье 250, часть 1 УК иосужден на два года лишения свободы. На основании пункта 1 статьи 3 закона ""Об амнистии в связи с тридцатилетием Независимости Казахстана"" наказание ему сокращено наполовину и окончательно назначенодин год лишения свободыс лишением права занимать руководящие должности в коммерческих организациях сроком на 5 лет.Президенту Казахстана будет внесено представление о лишении осужденных государственных наград.Гражданский иск удовлетворен на сумму 28,2 миллиарда тенге в пользу АО ""Ж"". Также в доход государства конфисковано движимое и недвижимое имущество осужденных, добытое преступным путем.Приговор не вступил в законную силу.Напомним, 1 апреля 2022 года по подозрению в хищении свыше 13 миллиардов тенге был задержан бывший управляющий директор ТОО ""Оператор РОП"".По версии Антикора, преступные действия совершались в период 2016-2019 годов совместно с другими работниками ТОО ""Оператор РОП"".С санкции суда подозреваемый заключен под стражу. Итоговая правовая оценка его действиям будет дана судом. В соответствии со статьей 201 Уголовно-процессуального кодекса иная информация не разглашается.28 января 2022 года вице-министр экологии, геологии и природных ресурсов Ахметжан Примкулов и председатель правления ТОО ""Оператор РОП"" Медет Кумаргалиеввзяты под стражу сроком на два месяцас санкции Специализированного межрайонного следственного суда Нур-Султана.Все новости с нашего сайта - в нашем новом Telegram-канале. Вы будете в курсе главных событий - подписывайтесь по ссылке!СудКоррупцияХищение"
2025-01-22,"Депутаты Мажилиса приняли в работу законопроект, с принятием которого в Казахстане введут тестирование на профессиональную добропорядочность для полицейских и госслужащих, передает корреспондентTengrinews.kz.Правоохранителей и сотрудников гражданских органов будут тестировать на добропорядочность в целях предотвращения фактов коррупции. В документе регламентированы их права и обязанности, предусмотрены основа назначения тестирования и меры ответственности по результатам тестирования.""В результате будут своевременно выявлены недобропорядочные сотрудники и будут приняты меры против возможных коррупционных действий"", - рассказала депутат Мажилиса Снежанна Имашева.Согласно правилам, перед зачислением на правоохранительную службу кандидата будут письменно уведомлять о прохождении тестирования. По мнению разработчиков законопроекта, его введение ""способствует повышению доверия населения к этим органам"".Напомним:МВД сообщало о внедрении механизма проверки сотрудников полиции на добропорядочностьеще в 2023 году. Меры предлагалось ввести для ""формирования у сотрудников полиции коррупционной устойчивости"".Читайте также:“Любой вопрос у нас в стране можно решить за деньги“ - депутат о коррупции в КазахстанеНажмите сюда, чтобы получать самые важные новости в вашем WhatsAppГосслужащиеМажилисЗаконопроектПолицейскиеГосслужбаТестПроверкаКоррупция"
2016-11-20,"Прокуроры Южной Кореи предъявили официальные обвинения подруге президента страны Пак Кын Хе, замешанной в коррупционном скандале, сообщаетРИА Новости.Отмечается, что в рамках дела обвинения были предъявлены также и бывшему старшему помощнику главы государства. Самой Пак Кын Хе обвинения по делу предъявить не могут из-за ее иммунитета. При этом, как уточняет агентство Франс Пресс, прокуратура подозревает, что она могла сыграть ""существенную роль"" в коррупционном скандале.Рейтинг популярности Пак Кын Хе упал до рекордно низкого за всю историю страны уровня в 5 процентов, а ее политику не одобряют 90 процентов населения. Политический скандал вокруг президента Южной Кореи разгорелся после того, как Пак Кын Хе принесла публичные извинения за так называемую ""утечку"" к ее подруге Цой Сун Силь десятков текстов президентских выступлений до того, как они были публично прочитаны.Кроме этого, Цой, вероятно, оказывала давление и проводила поборы с крупных южнокорейских корпораций на счета двух принадлежащих ей некоммерческих фондов, пользуясь своим политическим влиянием.Ранее сообщалось, что от 43 тысяч, по данным полиции, до 100 тысяч человек, по данным организаторов,собралисьв центре Сеула, чтобы потребовать отставки президента Южной Кореи Пак Кын Хе в связи с коррупционным скандалом.Южная КореяКоррупция"
2016-11-28,"Агентство по делам госслужбы и противодействию коррупции РК провело анализ коррупционных правонарушений при строительстве автомобильных дорог, связанных  с хищением, злоупотреблением должностными полномочиями, взяточничеством и служебным подлогом, передает корреспондентTengrinews.kzсо ссылкой на пресс-службу ведомства.Продолжение■В ЮКО завершено дело о хищении выделенных на земучастки 68 миллионов тенге28 ноября 2016, 11:23Так, среди причин, способствующих совершению коррупции, выделяются нарушения правил проведения госзакупок при определении поставщика услуг. Завышение стоимости проекта при разработке проектно-сметной документации также является фактором коррупции. Кроме того, агентство указало на наличие ""откатов"" должностным лицам и экономию средств на строительных материалах.Наряду с этим установлены риски, способствующие коррупции при приеме объектов в эксплуатацию, контроле за строительством дорог и ответственности за нарушения. При строительстве, реконструкции и ремонте дорог проверочные процедуры осуществляются исключительно заинтересованными лицами, что увеличивает риски коррупции.""Технический надзор осуществляется лицами, не обладающими необходимыми знаниями в данной сфере. Проведение экспертизы некомпетентными специалистами, безусловно, влияет на качество строительства дорог. Еще одним условием для коррупции при строительстве дорог является отсутствие контроля со стороны общественности при принятии решений. Так, при приеме объектов в эксплуатацию создаются специальные комиссии. В их состав входят исключительно представители заказчика, генерального подрядчика, архитектуры и градостроительства местных исполнительных органов. Отсутствие институтов гражданского общества в приемочных комиссиях является одним из условий для коррупции"", - говорится в сообщении.В связи со сложившейся ситуацией агентство назвало меры, которые необходимо принять в целях исключения коррупционных рисков и повышения качества строительства автомобильных дорог. Предлагается кардинально пересмотреть механизмы контроля за строительством автомобильных дорог с широким привлечением общественных институтов. Также, по мнению ведомства, нужно обеспечить исполнение законодательства ""О доступе к информации""  национальным оператором АО ""КазАвтоЖол"" и местными исполнительными органами в части публикации на собственных сайтах полной информации о строительстве дорог.Вместе с тем предлагается установить в качестве необходимого требования для аккредитации организаций, осуществляющих инжиниринговые услуги по техническому надзору, обязательное наличие в штате аттестованных экспертов, имеющих специализацию в области строительства автомобильных дорог.Агентство считает, что необходимо еще и пересмотреть систему планирования и освоения бюджетных средств местными исполнительными органами, так как при существующих подходах к проведению госзакупок, финансированию и принятию объектов в эксплуатацию существуют риски фиктивного подписания актов выполненных работ с целью своевременного освоения бюджетных средств.Также предлагается пересмотреть существующие стандарты, нормы и правила (СНиП) строительства автомобильных дорог с внедрением новых передовых технологий. Министерству по инвестициям и развитию, местным исполнительным органам агентство рекомендует провести глубокий внутренний анализ коррупционных рисков с последующим их устранением, а также усилить контроль при строительстве автомобильных дорог.СтроительствоКоррупцияДорогиАвтомобили"
2016-12-23,"О задержанных за взятки госаудиторах рассказали в Счетном комитете по контролю за исполнением республиканского бюджета, сообщает корреспондентTengrinews.kz.Продолжение■Бывших госаудиторов Счетного комитета осудили в Астане29 декабря 2017, 20:36""Б. Копобаева работает в Счетном комитете с мая 2009 года, А. Жангирбаева - с июля 2012 года. За период работы в Счетном комитете они характеризовались с положительной стороны, к дисциплинарной ответственности не привлекались"", - ответили в ведомстве на официальный запрос.В Счетном комитете пояснили, что госаудиторы будут уволены в случае, если их вина будет доказана судом.""На сегодняшний день основания для исследования результатов предыдущих проверок, проведенных Б. Копобаевой и А. Жангирбаевой, у Счетного комитета отсутствуют"", - пояснили в ведомстве.Отметим, с санкции районного суда № 2 Алматинского района Астаны в отношении государственного аудитора Счетного комитета А. Жангирбаевой мерой пресеченияизбран арест. В отношении госаудитора Б. Копобаевой мерой пресечения избран домашний арест. Госаудиторы признали вину и раскаиваются в содеянном.Напомним, 20 декабря стало известно озадержаниигосаудиторов Счетного комитета и руководства ""Казахавтодор"".КоррупцияВзятки"
2016-12-26,"Главный редактор сайта ""Радиоточка"" Бекжан Идрисов покинул Казахстан, об этом он сообщил на своейстранице в Facebook.Свое решение он связывает с арестом директора издания Бигельды Габдуллина, сообщает корреспондентTengrinews.kz.Идрисов написал, что уехал неожиданно для всех, в том числе и для редакции. Журналист даже не успел попрощаться с родителями. В личной беседе с корреспондентом Tengrinews.kz Идрисов сообщил, что рядом только супруга и дети, но пока не знает чем займется за границей.""Я вот подумал, что наверное, пришло время подумать о другой профессии. Как я выяснил, в других странах ""любая работа почетна"" это не просто фраза, это часть экономической системы. Хочу ее опробовать, систему"", - сказал он, не пожелав назвать место, где он сейчас находится. Однако он пообещал позже поделиться информацией, куда все-таки уехал.""Я уехал один и три недели ждал, приедут ли они... Вчера они приехали (жена и дети- Прим. автора)"", - рассказал журналист.В редакции ""Радиоточки""прокомментировали сообщение Бекжана Идрисова. На сайте говорится, что редакционный телефон разрывается, коллеги беспокоятся и спрашивают, что происходит и что будет с проектом дальше. ""Бекжан покинул пост главного редактора ""Радиоточки"" в начале декабря. С тех пор почти не выходил на связь, и сообщение об его отъезде стало новостью и для нас тоже. ""Радиоточка"" работает в штатном режиме. Обязанности главного редактора исполняет Евгения Сазонова. Да, нам трудно, пришлось сократить число сотрудников и затянуть пояса, но мы продолжаем работать, писать новые материалы и искать новые темы и форматы, интересные нашей аудитории"", - говорится на сайте.Напомним, в ноябре по подозрению в вымогательстве был арестован директор изданияБигельды Габдуллин.Следствием установлено, что Габдуллин, используя подконтрольные СМИ CentralAsiaMonitor и Radiotochka.kz, активизировал информационную атаку в отношении руководителей государственных органов путем публикаций негативных материалов, порочащих деловую репутацию.СМИКоррупцияАлматы"
2025-01-31,"Официальный представитель Агентства по противодействию коррупции Данияр Бигайдаров сообщил о борьбе с коррупцией в сфере экологии, передает корреспондентTengrinews.kz.По его словам, за последние два года в совершении коррупционных преступлений изобличены двое руководителей и заместитель главы департамента экологии по Восточно-Казахстанской области, руководитель и заместитель руководителя областного департамента экологии по области Улытау, заместитель руководителя департамента экологии по Кызылординской области, заместитель руководителя управления экологии и окружающей среды Алматы, директор Алакольского государственного заповедника, руководство государственных лесных резерватов ""Семей орманы"" и ""Ертіс орманы"", директора Сайрам-Угамского и Улытауского государственных национальных природных парков, аким Илийского района Алматинской области.""10 января 2025 года в Восточно-Казахстанской области судом города Усть-Каменогорска оглашен приговор в отношении заместителя руководителя областного департамента экологии Турарова Р. Он признан виновным в получении взятки в сумме 30 000 долларов от местного предпринимателя за непривлечение к административной ответственности по факту строительства золотодобывающей фабрики без экологического разрешения. Тураров осужден к 7 годам лишения свободы с пожизненным лишением права занимать должности на государственной службе и в квазигосударственном секторе"", - привел пример Бигайдаров.Кроме того, завершено расследование в отношении временно исполняющего обязанности руководителя областного департамента экологии в ВКО.Чиновник подозревается в получении взятки от заместителя директора коммерческой организации в сумме 8,5 миллиона тенге из ранее оговоренных 130 миллионов тенге за непривлечение предприятия к административной ответственности по факту реконструкции автодорожного полотна без выплаты эмиссии.""Антикоррупционной службой по области Улытау завершено досудебное расследование в отношении руководителя областного департамента экологии, его заместителя и двоих предпринимателей по фактам взяточничества. Должностные лица обвиняются в неоднократном получении взяток в общей сумме 7,2 миллиона тенге от субъектов бизнеса за выдачу разрешительных документов в сфере экологии"", - добавил Бигайдаров.Ранее мы писали, чтовзят под стражу руководитель департамента экологии области Улытау.Читайте также:Бывший главный эколог ВКО получил срок за взятку.Нажмите сюда, чтобы получать самые важные новости в вашем WhatsAppКоррупцияантикорВКОУлытауПавлодарская областьКызылординская областьЭкология"
2016-11-17,"Национальное бюро по противодействию коррупции обнародовало видео задержания руководителей АО ""Байтерек DEVELOPMENT"", передает корреспондентTengrinews.kz.Продолжение■Задержание руководителей АО ""Байтерек DEVELOPMENT"" прокомментировали в холдинге17 ноября 2016, 18:38■После задержания руководства АО ""Байтерек DEVELOPMENT"" в компании сделали заявление18 ноября 2016, 13:05■Кожамжаров считает, что задержания по делу Аслана Джакупова продолжатся18 ноября 2016, 15:31■Арестован бывший председатель правления АО ""Байтерек Development""30 ноября 2016, 15:43■Дело Бишимбаева: Сына мажилисмена просят освободить в зале суда22 февраля 2018, 12:49■Дело Бишимбаева: Аслан Джакупов может выйти на свободу20 августа 2018, 11:43По сообщению Антикоррупционной службы, ведется досудебное расследование в отношении руководства АО ""Байтерек DEVELOPMENT"" по фактам получения взяток.Следствием установлено, что должностные лица АО ""Байтерек DEVELOPMENT"" Джакупов Аслан (заместитель председателя Правления), Айтимбетов Бауыржан (руководитель Департамента Дирекции государственно-частного партнерства) и Сариев Г. (управляющий директор) наладили коррупционную схему систематического получения взяток в особо крупных размерах за лоббирование интересов строительных компаний при закупках услуг по строительству арендного жилья в регионах в рамках госпрограммы ""Нұрлы жол"".Аслан Джакупов был назначен на пост заместителя председателя правления АО ""Байтерек DEVELOPMENT"" в марте 2016 года. Он является одним из сыновей бывшего председателя Мажилиса Парламента РК Кабибуллы Джакупова.Подробнее о задержании читайтездесь.КоррупцияЗадержание"
2016-11-08,"Национальным бюро по противодействию коррупциизадержангенеральный директор ""Актобе"" Дмитрий Васильев. Функционера обвиняют в хищении бюджетных средств на сумму 300 миллионов тенге. Как рассказали в Антикоррупционной службе, деньги были выведены из клуба в виде премиальных за выход в первую шестерку.46-летний россиянин свои мысли любил доносить через соцсети и не стеснялся в выражениях. РедакцияVesti.kzвыбрала самые яркие твиты Васильева.Начнем с теорий заговоров, которые очень любил Васильев. Любых несогласных с его идеями он причислял к пятой колонне, обзывал предателями и негодяями, а еще нашел в казахстанском футболе ""Силы Зла"".Не все вчера на Центральном радовались победе@OFCAKTOBE. Глядя в глаза некоторым запереживал, как бы расстройство их не стало желудочным))— Дмитрий Васильев (@DPVasilyev)July 4, 2016К сожалению, предателей, которые спят и видят как@OFCAKTOBEразвалится хватает. Только вы или крестик снимите, или трусы наденьте, негодяи!— Дмитрий Васильев (@DPVasilyev)May 4, 2016Сегодня день Казахстанского футбола.Призываю Силы Зла перестать заниматься вредительством против@OFCAKTOBE.Давайте творить добро на футболе— Дмитрий Васильев (@DPVasilyev)April 25, 2016Духа признать, что ошибались в своих оценках команды у них не хватает. Для этого нужны я и ца. А откуда им их взять? Бабы же. Дальше без них— Дмитрий Васильев (@DPVasilyev)May 4, 2016Особенно любил Васильев конфликтовать с журналистами. Во всех публикациях он находил - опять же - заговоры.Иногда очень печально обнаруживать свою правоту. Много раз говорил Президенту#ФФК,что удел продажных спортжурналистов - ковыряние в носу.— Дмитрий Васильев (@DPVasilyev)March 9, 2016В этом сезоне Васильев конфликтовал еще и с клубами. Например, с ""Астаной"". Болгарский тренер Станимир Стойлов назвал Васильева ""феодалом из деревни"" за стиль управления и заявил, что таким людям не место в футболе.#Астанаоткрыто боится#Актобе: отжимает у нас Щеткина; перед нами не выставляет против греков своих лидеров. Значит мы знатно поработали!— Дмитрий Васильев (@DPVasilyev)October 22, 2016Директор клуба ""завидовал"" всем казахстанцам.Поздравляю казахстанцев, жителей#АКТОБЕс Днем Независимости! Обожаю Казахстан!Завидую вам Казахстанцам! Рад трудиться во благо Казахстана!— Дмитрий Васильев (@DPVasilyev)December 16, 2015Иногда было трудно поверить, что такие жесткие сообщения пишет официальный представитель клуба. Васильев не стесняясь выражался нецензурной речью в сторону руководителя Казахстанского альянса блогеров Галыма Байтука.Обещал уйти из ""Актобе"", если клуб не пройдет венгерский МТК в Лиге Европы.Стыдно за последние игры. Извините. Почему так происходит знаю. Не пройдем венгров напишу заявление. Прошу не давить на команду. Поддержите!— Дмитрий Васильев (@DPVasilyev)June 24, 2016А когда клуб вылетел, появились ""вновь открывшиеся обстоятельства"".По вновь открывшимся обстоятельствам мой уход в отставку из-за вылета@OFCAKTOBEиз Лиги Европы отменяется. Все ресурсы на Шахтер и Ордабасы— Дмитрий Васильев (@DPVasilyev)July 12, 2016Когда теперь Дмитрий Васильев выйдет в Сеть - неизвестно. Следствие продолжается, но не исключено, что казахстанский футбол лишился самого яркого твиттера.Подробный материал с другими яркими твитами можно прочитатьздесь.ФутболКоррупцияВзяткиАктюбинская областьАктобе ФК"
2024-12-19,"Специализированный межрайонный суд по уголовным делам Западно-Казахстанской области вынес приговор экс-сотруднику органов государственных доходов по Западно-Казахстанской области за получение взятки в особо крупном размере, передаетTengrinews.kzсо ссылкой на Главную транспортную прокуратуру.Бывшего налоговика экстрадировали из Грузии.""Подсудимый, будучи лицом, уполномоченным на выполнение государственных функций, с декабря 2021-го по сентябрь 2022 года получил взятку в сумме 75 720 000 тенге за беспрепятственный проезд транспортных средств через автомобильный пункт пропуска на казахстанско-российской границе"", - говорится в сообщении.Суд приговорил его к лишению свободы на 10 лет. Также он больше не сможет работать в государственных и финансовых организациях.""Суд применил конфискацию имущества и взыскал с подсудимого сумму взятки"", - говорится в сообщении.Приговор суда не вступил в законную силу.Ранее мы писали о том, что в Уральске вынесли приговор бывшему сотруднику таможенной службы по делу овзятке в 75 миллионов тенге.Читайте также:Антикор раскрыл подробности дела председателя Актауского городского судаНажмите сюда, чтобы получать самые важные новости в вашем WhatsAppВзяткаСудПрокуратураКоррупцияПриговорЗападно-Казахстанская область"
2016-11-07,"В результате проведенного анализа Агентством по делам госслужбы и противодействию коррупции выявлены серьезные коррупционные риски в деятельности Министерства сельского хозяйства и местных исполнительных органов в сферах ветеринарно-санитарного контроля и аграрного сектора, сообщает корреспонеднтTengrinews.kzсо ссылкой на пресс-службу Агенства.Анализ показал, что соблюдение ветеринарно-санитарных норм Министерством сельского хозяйства и местными исполнительными органами не обеспечивается в полной мере. ""Необходимость соблюдения этих норм обусловлена обеспечением защиты граждан от заражения заболеваниями вследствие употребления продуктов животноводства. Известно свыше ста видов болезней, из которых наибольшую угрозу для людей представляют сальмонеллез, бруцеллез, туберкулез, ящур, сибирская язва и другое"", - сообщили в Агентстве. Отмечается, что особое внимание требует контроль ввоза запрещенных продуктов на территорию страны.Напонмим, 4 ноября Национальным бюро по противодействию коррупции былзадержанПредседатель Комитета ветеринарного контроля и надзора МСХ РК Сакташ Хасенов, который на системной основе ежемесячно получал взятки от предпринимателей в общей сумме 37 миллионов тенге за выдачу разрешения на беспрепятственный ввоз более 7,4 тысяч тонн запрещенного мяса птицы.""Незаконное допущение ввоза запрещенных продуктов ведет к дальнейшему совершению коррупционных схем внутри страны по реализации мясной продукции, не отвечающей ветеринарно-санитарным требованиям. Так, Антикоррупционной службой по Астане была пресечена деятельность преступной группы во главе с бывшим руководителем столичной ветинспекции Жакупбаевым, его заместителем Имантаевой и руководителем отдела Шукубаевым, которые путем принятия незаконного ведомственного акта обязали государственных ветинспекторов осуществлять проверку в лаборатории ИП ""Мукашева"", фактически не имеющей возможности выявлять такие опасные заболевания как сальмонеллез и бруцеллез"", - отмечают в Агентстве.В результате, только за 2014 год на рынках столицы реализовано порядка 20 тысяч туш животных неустановленного происхождения. Криминальный доход от этого составил более 20 миллионов тенге. Аналогичные факты выявлены и в других регионах страны. ""Принимая во внимание тревожную ситуацию с коррупцией в сфере ветеринарно - санитарного контроля, Агентство рекомендует Министерству сельского хозяйства: Образовать ведомственную Комиссию по рассмотрению выдачи разрешительных документов на ввоз мясной продукции; Обеспечить получение разрешительных документов исключительно в электронном виде; Совместно с департаментом государственных услуг Агентства активизировать проверки по соблюдению законодательства по выдаче разрешения на право экспорта, импорта и транзита продукции, тем самым, усилить контроль за законностью принимаемых решений; Обеспечить прозрачность принимаемых Комитетом ветконтроля и надзора решений по ограничению на ввоз продукции из третьих стран, путем публикаций информации в СМИ; Уменьшить сроки рассмотрения выдачи разрешений"", - сообщили в Агентстве.Отмечается, что сейчас в аграрном секторе в основном преобладают факты хищения, взяточничество и злоупотребления должностными полномочиями при выделении субсидий. ""Например, в Костанайской области осуждены заместитель акима Сарыкольского района Жаксыбаев, руководитель отдела сельского хозяйства Ташетов, которые в сговоре с директором ТОО ""Бидай Торг"" Бугловой похитили бюджетные средства в размере 32 миллионов тенге. Преступная схема заключалась в содействии должностных лиц в положительном рассмотрении заявки ТОО с завышенными объемами засеянных площадей и выдаче субсидий. Аналогичные преступления пресечены в Алматинской, Жамбылской, Павлодарской, Кызылординской и Южно-Казахстанской областях"", - сообщили в Агентстве.Анализ показал, что имеются ряд причин способствующих совершению коррупционных правонарушений:- Несовершенство работы специальных Комиссий при организации выдачи субсидий;- Подписание актов приемки посевов без выездов на поля для визуального осмотра;- Несоответствие регламента госуслуг стандартам в области растениеводства;- В регламентах госуслуг ряда областей (города Алматы, Алматинской, Атырауской, Восточно-Казахстанской, Костанайской, Кызылординской и Мангистауской) в нарушение действующих стандартов установлен только один способ приема заявок исключительно через услугодателя (в бумажном формате).Выявленные недостатки свидетельствуют об отсутствии должного контроля со стороны местных исполнительных органов и Министерства сельского хозяйства.В этой связи Агентство настоятельно рекомендует Министерству сельского хозяйства и местным исполнительным органам обеспечить прозрачность работы Комиссии по субсидированию, привести регламенты в соответствие со стандартами, обеспечив единство подходов при их разработке и утверждении в регионах, а также внедрить единую базу данных о выделенных субсидиях интегрировав ее с информационной системой ""НПЦ Зем"". Кроме того, усилить контроль за деятельностью отделов сельского хозяйства, на системной основе проводить проверки по правомерности выделяемых субсидий.КоррупцияВзятки"
2025-01-15,"В Казахстане ужесточат ответственность за совершение коррупционных преступлений, но не для всех, передает корреспондентTengrinews.kz.Законопроект по вопросам противодействия коррупции предлагает усилить ответственность юридических лиц за такие правонарушения.Как сообщил первый заместитель председателя Агентства по противодействию коррупции Улан Саркулов, в настоящее время в Казахстане действует административная ответственность юрлиц по статье 678 Кодекса об административных правонарушениях (КоАП) за предоставление вознаграждения чиновникам. За это предусмотрен штраф в размере 750 МРП (2,9 миллиона тенге в 2025 году).""С учетом международных стандартов выработана новая редакция данной статьи КоАП, предусматривающая диспозицию и санкции в виде кратных штрафов по аналогии со статьей 367 Уголовного кодекса (""Дача взятки""). Штраф составит от 30 до 60-кратной суммы материального вознаграждения (взятки. – Прим.), предоставленного от имени или в интересах юридического лица, в зависимости от размера вознаграждения"", – рассказал Саркулов на пленарном заседании Мажилиса.Кроме этого, законопроект предусматривает поправки по итогам правоприменительной практики. В частности, речь идет об:установлении административной ответственности сотрудников специальных и правоохранительных органов за совершение административных коррупционных правонарушений (сейчас за это предусмотрена только дисциплинарная ответственность);усилении административной ответственности госслужащих и приравненных к ним лиц за незаконное вмешательство в предпринимательскую деятельность;ограничении дальнейшего продвижения по службе лиц, совершивших коррупционные преступления, которые были приняты на госслужбу до введения законодательного запрета на прием на работу коррупционеров (до 2005 года).""По сути, эти нормы являются для казахстанского законодательства новыми, и считаем их прорывными, что в итоге после одобрения и вступления в силу приведет к значительному снижению уровня коррупции и благоприятно повлияет на развитие страны в целом"", – добавил Улан Саркулов.Напомним: сегодня в Мажилисе в первом чтении рассматривают законопроект по вопросам противодействия коррупции и соответствующие поправки в КоАП. Если документ будет принят,в Казахстане появится публичный реестр коррупционеров. Кроме того,в Уголовном кодексе появится новая статья.Читайте также:В Казахстане введут уголовную ответственность за обещание взяткиНажмите сюда, чтобы получать самые важные новости в вашем WhatsAppКоррупцияантикорЮристПолицияЗаконодательствоМажилисантикоррупционная служба"
2025-01-23,"Агентство по противодействию коррупции провело всесторонний анализ дорожного строительства в Казахстане, передаетTengrinews.kz.По данным ведомства, выявлено свыше 1,2 тысячи коррупционных рисков на всех этапах строительства дорог – от планирования до освоения бюджетных средств и приемки выполненных работ.""Сейчас проекты проверяются вручную, что создает условия для явного завышения смет – установлен 591 факт на 11 миллиардов тенге. Это позволяет нечистоплотным экспертам за вознаграждения давать заключения без замечаний"", – говорится в сообщении.Агентство предлагает пересмотреть подходы к экспертизе проектов, сделав акцент на проверке обоснованности заявленных расходов. Ведомство ссылается на мировые практики (Сингапур, Гонконг, США, ЕС), где используется анализ эффективности смет, тогда как в Казахстане экспертиза ограничивается соответствием формальным требованиям.""Всего Министерству транспорта внесено порядка 100 рекомендаций, направленных на автоматизацию процессов составления и экспертизы ПСД (проектно-сметной документации), усиление полномочий Наццентра качества дорожных активов, ужесточение ответственности технадзора, создание цифровой карты автодорог и другие"", – указывается в сообщении.Также совместно с независимыми экспертами и волонтерами продолжается мониторинг строительства и ремонта дорог в регионах.""В 2024 году из 258 сопровождаемых участков приняты в эксплуатацию 119 протяженностью 1,8 тысячи километров, устранено 95 процентов выявленных дефектов"", – уточняется в информации.По поручению Президента проходит внедрение механизма ""окрашивания денег"" для борьбы с коррупцией в дорожной отрасли. Этот проект масштабируется на всю сферу дорожного строительства. Цифровизация всех процессов позволит отслеживать движение бюджетных средств на платформе ""Цифровой тенге"" при участии Нацбанка и Минфина.В рамках пилотного проекта каждая бюджетная единица (""тенге"") маркируется, что позволяет контролировать ее движение до конечного получателя. Уже задействованы отдельные регионы и объекты.""164 миллиарда ""окрашенных"" тенге перечислены в рамках строительства железной дороги Достык – Мойынты в Карагандинской области, 100 миллионов цифровых тенге – на ремонт автодороги Мукур – Кульсары в Атырауской области"", – сообщается в информации.Глава Антикора также отметил, что повсеместное внедрение этого проекта станет серьезным барьером для хищений.""Ожидается, что готовность подрядчиков работать ""в открытую"" с маркированными деньгами будет способствовать развитию честного бизнеса по принципу Open Book"", – отмечается в сообщении.Ранее мы писали, что при проверке строительства и ремонта дорог в Туркестанской области были выявленынарушения на миллиарды тенге.Читайте также:Первые ""пилюли"" против коррупции выдали строителям дорог в КазахстанеНажмите сюда, чтобы получать самые важные новости в вашем WhatsAppДорогиРемонтКоррупцияКазахстан"
2025-01-17,"В социальных сетях распространяется аудиозапись якобы ""приказа"" от начальника МПС из Жамбылской области, где полицейских призывают выписывать гражданам ""только штрафы, а не предупреждения"", передает корреспондентTengrinews.kz.Аудиозапись опубликовали в одном изTelegram-каналов. В аудиозаписи мужчина говорит, что сотрудникам полиции ""необходимо выписывать гражданам только штрафы, а не предупреждения, потому что такой приказ дал начальник департамента полиции"".Инцидент прокомментировали в пресс-службе департамента полиции Жамбылской области.""Доводы, указанные в опубликованной записи, проверяются. Все обстоятельства будут установлены. Действиям сотрудника полиции будет дана правовая оценка"", - сообщили в пресс-службе.Ранее мы писали о том, что всети появилась аудиозапись с голосом высокопоставленного полицейского из Карагандинской области. Авторы рассылки утверждали, что запись принадлежит начальнику ОМПС одного из районов области. В сообщении говорится, что он потребовал от подчиненных активизировать выявление правонарушений по статьям 440 (""Распитие алкогольных напитков или появление в общественных местах в состоянии опьянения"") и 434 (""Мелкое хулиганство"").Читайте также:“Пять штрафов в день“: депутат призвал проверить видео с полицейскими.Нажмите сюда, чтобы получать самые важные новости в вашем WhatsAppПолицияКоррупцияЖамбылская областьКомментарийМВД"
2025-01-15,"Первый заместитель председателя Агентства по противодействию коррупции Улан Саркулов объяснил, зачем Казахстану публичный реестр коррупционеров, передает корреспондентTengrinews.kz.По словам Саркулова, введение реестра не потребует никаких затрат из бюджета.""Мы над этим вопросом очень досконально работали с другими госорганами. Мы этот публичный реестр вводим, никаких затрат он не принесет фактически. Это люди, совершившие коррупционные преступления, подчеркиваю, тяжкие и особо тяжкие, по которым будут конечные приговоры суда. Суть данного вопроса - чтобы через общество (влиять на людей - прим.). Мы же говорим: ""Ұят болады"" (""Стыдно будет"" - прим.). Вот чтобы не было стыдно, они будут находиться в этом списке"", - сказал Улан Саркулов в кулуарах Мажилиса.Он подчеркнул, что в список войдут только те коррупционеры, которые будут осуждены после вступления закона в силу. Норма не будет иметь обратной силы.Напомним: сегодня в Мажилисе в первом чтении одобрили законопроект по вопросам противодействия коррупции и соответствующие поправки в Кодекс об административных правонарушениях. Если документ будет принят,в стране появится публичный реестр коррупционеров. Кроме того, в Уголовном кодексепоявится новая статья.Читайте также:В Казахстане введут уголовную ответственность за обещание взяткиНажмите сюда, чтобы получать самые важные новости в вашем WhatsAppУятЗаконодательствоВзяткаантикорКоррупцияантикоррупционная служба"
2016-11-10,"За взятку в полтора миллиона тенге задержаны руководитель отдела Управления таможенного контроля ДГД по Атырауской области и трое его подчиненных, передаетTengrinews.kzсо ссылкой на Комитет госдоходов МФ РК.Продолжение■В Сети появилось видео, как девушка пытается дать взятку сотруднику КГД10 ноября 2016, 19:17""Сотрудники Управления внутренней безопасности Комитета государственных доходов МФ РК задержали руководителя отдела Управления таможенного контроля ДГД по Атырауской области и троих его подчиненных в момент получения незаконного денежного вознаграждения на сумму свыше миллиона тенге и 1,7 тысячи долларов"", - сообщил официальный представитель КГД Мурат Жуманбай. Он добавил, что нарушители на системной основе получали взятки за беспрепятственное оформление и ускоренную регистрацию документов представителей околотаможенных структур.Жуманбай отметил, что по данному факту начато расследование по статье 366 части 3 подпунктам 2) и 4) УК РК (получение взятки).""Кроме того, в рамках досудебного производства в отношении пяти таможенных представителей брокерских компаний расследуются уголовные дела по семи фактам дачи взятки. Судом № 2 города Атырау указанные должностные лица ДГД по Атырауской области признаны виновными в неоднократном получении взятки в группе лиц и осуждены к выплате штрафов на общую сумму свыше 30 миллионов тенге"", - добавил официальный представитель КГД.Напомним, ранее при получении взятки в размере 150 тысяч долларов от индивидуального предпринимателя за выдачу положительного заключения по экспертизе нефтепродуктов былзадержанс поличным главный специалист РГУ ""Центральная таможенная лаборатория Комитета государственных доходов РК"" Агубаев А.Б.КоррупцияВзяткиАтырауская область"
2016-12-15,"Появилось видео задержания руководителя управления физкультуры и спорта Западно-Казахстанской области, передаетTengrinews.kzсо ссылкой на пресс-службу Нацбюро по противодействию коррупции.""Департаментом Национального бюро по противодействию коррупции по Западно-Казахстанской области задержан руководитель управления физической культуры и спорта области Тимур Шаяхметов. Установлено, что Шаяхметов, находясь в преступном сговоре со своим подчиненным руководителем отдела Ишановым, на системной основе получали взятки от тренеров более 10 спортивных школ Уральска за беспрепятственное проведение учебно-тренировочных сборов и общее покровительство"", - сообщили в пресс-службе.Отмечается, что в период с ноября по декабрь 2016 года Шаяхметов и Ишанов получили взяток на общую сумму более 1 500 000 тенге. В настоящее время Шаяхметов водворен в ИВС УВД Уральска. Проводится досудебное расследование.Тимур Шаяхметов родился в 1979 году. Окончил Карагандинский государственный университет имени академика Е.А.Букетова по специальности ""Физическая культура и спорт"" и Жезказганский университет имени О.А.Байконурова по специальности ""Экономика и менеджмент"", с отличием Карагандинский экономический университет по специальности ""Юрист"".Ранее работал специалистом управления международных связей, отдела координации туристической деятельности, отдела инфраструктуры спорта Комитета по делам спорта Министерства культуры, информации и спорта РК. С 2007 по 2016 год работал директором Специализированной ДЮСШ по футболу Управления физической культуры и спорта Астаны, директором ГККП ""Клуб единоборств ""Астана батыры"".КоррупцияВзятки"
2016-11-22,"К 10 годам лишения свободы приговорил суд подполковника полиции в Алматы, который в составе ОПГ покровительствовал проституткам и предупреждал их о проводимых оперативных мероприятиях, передаетTengrinews.kzсо ссылкой на пресс-службу Специализированного межрайонного суда по уголовным делам.Продолжение■Суд оставил за решеткой полицейского, покровительствовавшего проституткам в Алматы14 февраля 2017, 19:24В Специализированном межрайонном суде по уголовным делам города Алматы рассмотрено уголовное дело в отношении Н., обвиняемого по части 3 статьи 262  (участие в организованной преступной группе, с использованием своего служебного положения), части 5 статьи 28  (пособничество), части 3 статьи 309 (организация или содержание притонов для занятий проституцией, совершенные преступной группой), части 4 статьи 361  (злоупотребление должностными полномочиями, повлекшие тяжкие последствия) УК РК.По данным пресс-службы суда, установлено, что в июне 2015 года Н., будучи подполковником полиции, вступил в организованную преступную группу, которая занималась сводничеством, вербовала девушек легкого поведения для оказания интимных услуг, с целью оказания общего покровительства в незаконной деятельности, используя свое служебное положение, ставил их в известность о проводимых оперативных мероприятиях, не принимал меры по документированию и задержанию участников ОПГ, за что получал ежемесячно так называемую ""отметку"" в размере 150 тысяч тенге и выше.Приговором суда Н. осужден по статьям 262 части 3, 28 части 5, 309 части 3, 361 части 4, на основании статьи 58 части 3  УК РК  к 10 годам лишения свободы с пожизненным лишением права занимать должности на государственной и правоохранительной службе, с конфискацией имущества, с отбыванием наказания в исправительной колонии строгого режима. Внесено представление о лишении Н. специального звания - подполковник полиции. Другие участники данного преступления осуждены к различным мерам наказания. Приговор не вступил в законную силу.Отметим, ранее полковника полиции в Алматыосудилиза содержание притона. Его приговорили к девяти годам лишения свободы с конфискацией имущества, с отбыванием наказания в исправительной колонии строгого режима.КоррупцияАлматы"
2016-12-27,"Председатель Агентства по делам государственной службы и противодействию коррупции Кайрат Кожамжаров высказался о протекционизме в правоохранительных органах, передает корреспондентTengrinews.kz.""К сожалению, следственная практика и оперативный анализ показывают, что системная коррупция появляется и приобретает изощренную форму именно там, где к этому склонен сам первый руководитель. На практике есть немало примеров предательства интересов службы высокопоставленными офицерами. Подбор кадров по принципам протекционизма, так называемая ""своя команда"" и постановка перед ними задач по незаконному обогащению извращают смысл правоохранительной деятельности и вызывают отвращение у нашего населения"", - сказал Кайрат Кожамжаров, выступая на заседании Координационного совета.По его словам, поступающий в ряды правоохранительных органов молодой сотрудник изначально должен быть лишен мысли использования властных полномочий, которыми он наделен, для решения своих материальных потребностей. Сама система должна быть выстроена таким образом, чтобы каждый мог заслуженно и справедливо продвигаться по должностной иерархии, а случайные люди - отсеиваться на каждом этапе.""Настало время исключить формальный подход к борьбе с коррупцией в собственных рядах, принять действенные меры по ее искоренению. Каждый руководитель от районного звена до республиканского уровня должен заявить о своей чистоплотности и того же требовать от своих подчиненных. Уверен, что объединение усилий и последовательная реализация совместных мер позволят минимизировать коррупцию в правоохранительной системе"", - отметил председатель АДГСПК.Напомним, генпрокурор Казахстана Жакип Асанов отметил, что бывают случаи, когда полицейские совершают коррупционные преступлениявопреки своей воле, их вынуждают их же начальники. Эти и другие вопросы были обсуждены в Агентстве по делам госслужбы и противодействию коррупции на заседании Координационного совета по обеспечению законности, правопорядка и борьбы с преступностью под председательством Асанова.Правоохранительные органыКоррупцияКожамжаров Кайрат"
2025-01-08,"Агентство по противодействию коррупции опубликовало оперативное видео задержания руководителей предприятия ""Еңбек"" КУИС МВД, передаетTengrinews.kz.По данным ведомства, заместитель генерального директора и его подчиненный – начальник управления строительства подозреваются в получении на системной основе взяток от предпринимателей за заключение договоров госзакупок, подписание актов выполненных работ и оплату по ним.Факты системной коррупции были выявлены Антикоррупционной службой по Астане совместно с Департаментом собственной безопасности МВД при координации прокуратуры города.Подозреваемые с санкции суда взяты под стражу. Досудебное расследование продолжается.Республиканское государственное предприятие на праве хозяйственного ведения ""Еңбек"" обеспечивает хозяйственную деятельность учреждений пенитенциарной системы и выполняет социально-экономические задачи, связанные с реинтеграцией осужденных в общество. Основные виды деятельности ""Еңбек"": производство и реализация продукции, в том числе сельскохозяйственной продукции; строительные работы; работа со средствами охраны и системами видеонаблюдения; обеспечение тепло-, водо- и энергоснабжения объектов пенитенциарной системы и организация питания.Ранее мы писали, что представительницу Министерства труда и социальной защиты населенияподозревают в коррупции.Читайте также:Бывший начальник колонии ""заработал"" себе срок за взяткиНажмите сюда, чтобы получать самые важные новости в вашем WhatsAppКоррупцияруководительМВД РК"
2025-01-17,"Глава государства принял председателя Агентства по противодействию коррупции Асхата Жумагали, передаетTengrinews.kzсо ссылкой на сообщение Акорды.Президент заслушал доклад о принимаемых Агентством мерах по противодействию коррупции в стране. Его проинформировали о планах и ключевых задачах Антикоррупционной службы на текущий год, в том числе по реализации принципа ""Закон и Порядок"".Как сообщил Асхат Жумагали, в прошедшем году зарегистрировано 1641 коррупционное преступление, установлено 68 фактов системной коррупции, выявлена преступная деятельность 2 ОПГ, в отношении 2 групп вынесены приговоры. В совершении коррупции изобличено 1493 лица, в том числе 229 руководителей различного уровня. Осуждено 914 лиц.В рамках своей деятельности Агентством с 2022 годаобеспечен возврат имущественных активов и денежных средств государству на сумму 1,12 триллиона тенге, в том числе 486,5 миллиарда – в прошлом году.""Главе государства доложено, что в ходе мониторинга государственных закупок и целевого расходования средств Агентством предотвращено нерациональное использование на сумму 87,7 миллиарда тенге. Продолжена работа по сопровождению строительства важных инфраструктурных и социальных проектов. Под мониторингом Агентства находятся 182 объекта, 81 из которых завершен"", - отмечает пресс-служба Главы государства.Руководитель Антикоррупционной службы рассказал Президенту об исполнении отдельных поручений. Так, в рамках работы по искоренению коррупции в дорожной отрасли проведен анализ, уполномоченным органам внесен ряд рекомендаций. Одновременно специально созданными рабочими группами продолжается мониторинг строительства и ремонта дорог в регионах. Из сопровождаемых 258 проектов принято в эксплуатацию 119 участков протяженностью 1,8 тысячи километров, устранено 95 процентов выявленных дефектов.Реализуется пилотный проект ""окрашивания денег"" на платформе ""Цифровой тенге"". Данный инструмент применяется по отдельным направлениям сельского хозяйства и дорожной сферы, после чего планируется масштабировать его с цифровым охватом всех этапов движения бюджетных средств.Также завершен внешний анализ коррупционных рисков в сферах медицины, спорта и социальной поддержки.""Касым-Жомарту Токаеву представлена информация о том, что по результатам анализа в сфере здравоохранения снижены наценки на лекарства, что окажет положительный эффект в решении социальных проблем и потребностей граждан. По всей стране запущен проект по выдаче бесплатных лекарств пациентам через QR-код, что снижает риски выписки фиктивных рецептов и хищения лекарств, а также экономит бюджетные средства"", - отметили в пресс-службе Акорды.Также Президента проинформировали о результатах международного сотрудничества, в том числе о подписании меморандумов с антикоррупционными ведомствами Азербайджана, России, Гонконга, Иордании и Катара.Продолжается работа по реализации рекомендаций ОЭСР, ГРЕКО, в рамках которой в Мажилис внесены два законопроекта по имплементации передового международного опыта.""По итогам встречи Глава государства дал ряд поручений по дальнейшей борьбе с коррупцией в стране"", - отметили в пресс-службе Акорды.Окрашивание денег и дороги: Токаеву доложили о борьбе с коррупциейВ сентябре 2024 года глава Антикора доложил Токаеву о работе по пресечению правонарушений с участием высокопоставленных должностных лиц.Как сообщил ранее Асхат Жумагали, агентство с 2022 года обеспечило возврат имущественных активов и денежных средств государству и субъектам квазигоссектора на 1 триллион 90 миллиардов тенге.Ранее отмечалось, что в Фонд поддержки инфраструктуры образования зачислено 153,3 миллиарда тенге. Благодаря этим средствам уже открылось более 50 школ, ожидается строительство еще 30 учебных заведений.Нажмите сюда, чтобы получать самые важные новости в вашем WhatsAppантикоррупционная службаВстречаАкордаПоручениеАсхат ЖумагалиПрезидент КазахстанаКоррупцияАстанаКасым-Жомарт Токаевантикор"
2024-12-25,"Официальный представитель Антикоррупционной службы Данияр Бигайдаров рассказал о возвращенных в страну активах, передает корреспондентTengrinews.kz.Продолжение■Замдиректора филиала “Казавтожол“ получил срок за растрату почти 300 миллионов27 декабря 2024, 16:58Он напомнил, что в 2022 году агентством обеспечен возврат имущественных активов и денежных средств государству и субъектам квазигосударственного сектора на сумму более 1,1 триллиона тенге.""Из них денежные средства на сумму 321,6 миллиарда тенге возвращены напрямую в бюджеты. В число возвращенных активов входят административные здания, эксклюзивные драгоценности, люксовые дома, квартиры, автомобили, акции, доли участия в компаниях, железнодорожные пути и денежные средства, в том числе из-за рубежа"", - сказал Бигайдаров на брифинге в Антикоре.По его словам, в этом году возвращено несколько объектов, среди них - БЦ ""Кайсар Тауэр"" в Алматы стоимостью 7,9 миллиарда тенге, здание которого передано в распоряжение Казахского национального женского педагогического университета.""Кроме того, на баланс РГУ ""Казахская национальная академия искусств им. Жургенова"" передано административное здание стоимость более 800 миллионов тенге. В столице три особняка стоимостью более 5 миллиардов тенге переданы в КГУ ""Кабинет психолого-педагогической коррекции акимата Астаны для детей с инвалидностью"", - отметил спикер.Ранее сообщалось, чтоэти объекты принадлежали Кайрату Сатыбалдыулы.Бигайдаров напомнил, что все возвращенные активы государству направляются на использование в социальных целях. В частности, на перечисленные Антикоррупционной службой 153,3 миллиарда тенге профинансировано строительство 83 школ на 92 тысячи ученических мест в ряде регионов и крупных мегаполисах страны.""Так, с начала 2024 года построено 18 школ только в этом году. Основная доля приходится на столицу, Мангистаускую, Алматинскую и Жамбылскую области. В них созданы все необходимые условия для комфортного обучения детей. К примеру, в селе Толе би и Жамбылской области создана, сдана в эксплуатацию средняя школа имени Аль-Фараби на 300 мест. В Кызылорде на стадии завершения строительство школы-интерната с физико-математическим уклоном на 400 мест с общежитием на 300 мест. Строительство новых школ позволило решить вопрос дефицита мест в девяти организациях образования, включая шесть трехместных школ, две аварийные и одну ветку школ"", - сообщил представитель Антикора.В целом из запланированных 83 школ построены и введены в эксплуатацию 56, на стадии завершения - 10, на 25-й год запланировано завершение еще 17 школ.""Немалая доля активов, возвращенных из-за рубежа, сумма таких активов составила 670 миллионов долларов, это порядка 300 миллиардов в деньге, в том числе это деньги, возвращенные из Австрии. 36,8 миллиарда - Лихтенштейна, 116,7 миллиарда - Объединенных Арабских Эмиратов, 6,3 миллиарда - Турции. Деньги от продажи иностранных ценных бумаг. Это порядка 135,8 миллиарда. Кроме того, в России и Франции также установлены активы, которые на сегодня переданы Компании по управлению возвращенными активами. В целом поиск активов осуществляется путем анализа финансовых потоков фигурантов уголовных дел, их благосостояния. Проверке подвергаются не только подозреваемые лица, но и их доверенные родственники и другие лица"", - заключил Бигайдаров.Ранее Агентством по противодействию коррупции сообщалось о передаче государству объектов недвижимости, возвращенных осужденным Кайратом Сатыбалдыулы в качестве возмещения ущерба.Кайрат Сатыбалдыулы - племянник Нурсултана Назарбаева. 13 марта 2022 года Кайрат Сатыбалдыулы был задержан при попытке улететь из Казахстана. В августе 2024 года онпопросил прощенияу народа и Президента страны.Нажмите сюда, чтобы получать самые важные новости в вашем WhatsAppАктивывозврат активовКайрат СатыбалдыулыантикорКоррупцияХищение"
2025-01-15,"Казахстанцев будут наказывать за предложение или обещание взятки. Такая мера содержится в новом законопроекте по вопросам противодействия коррупции, передает корреспондентTengrinews.kz.Продолжение■Для кого ужесточат наказание за коррупцию в Казахстане15 января 2025, 11:20■Коробка конфет или миллион тенге: что будет считаться взяткой, пояснили в Антикоре15 января 2025, 13:14Как сообщил первый заместитель председателя Агентства по противодействию коррупции Улан Саркулов, введение уголовной ответственности за обещание или предложение взятки – одна из ключевых инициатив законопроекта.""Этот вопрос стоит на повестке уже 16 лет. О необходимости принятия законодательных мер по признанию в качестве уголовно наказуемых деяний обещания, предложения взятки, вымогательства взятки было указано в Конвенции ООН против коррупции, ратифицированной Казахстаном еще в мае 2008 года. Рекомендации по криминализации обещания и предложения взятки на постоянной основе содержатся в отчетах экспертов Организации экономического сотрудничества и развития (ОЭСР)"", – сообщил Улан Саркулов на пленарном заседании Мажилиса.В соответствии с концепцией антикоррупционной политики перед Антикором поставлена задача по присоединению в 2026 году к конвенции ОЭСР по борьбе с подкупом иностранных должностных лиц и конвенции Совета Европы об уголовной ответственности за коррупцию. Эти документы обязывают все страны-участницы криминализовать обещание, предложение и требование взятки.""В процессе проработки поправок по криминализации обещания, предложения взятки тщательно изучен международный опыт стран дальнего и ближнего зарубежья (...) Данная норма отражена и в законодательстве большинства государств постсоветского пространства"", – добавил Саркулов.Депутат Мажилиса Николай Арсютин заявил, что поддерживает законопроект. При этом он поинтересовался, как на практике будут доказывать намерение предложить или пообещать взятку.""Ведь в судебно-следственной практике дела, связанные со взяточничеством, относятся к трудно доказуемым преступлениям. Не повлечет ли это к необоснованному привлечению наших граждан к уголовной ответственности?"" – спросил мажилисмен.Улан Саркулов ответил, что ""повального привлечения"" к ответственности не будет.""Мы смотрели международную практику – там буквально единичные факты, больше всего профилактического характера. Здесь также нужно отметить, что есть вопросы надзора со стороны органов прокуратуры, суда. То есть вопрос профилактического характера"", – добавил зампред.В рамках этого же законопроектав Казахстане введут публичный реестр коррупционеров. В реестр будут включаться сведения об осужденных за тяжкие и особо тяжкие коррупционные преступления. Основанием для включения в реестр будет являться вступивший в законную силу обвинительный приговор.Читайте также:В Уголовном кодексе Казахстана появится новая статьяНажмите сюда, чтобы получать самые важные новости в вашем WhatsAppВзяткаКоррупцияантикорантикоррупционная службаУголовный кодексМажилисЗаконопроект"
2016-11-28,"Управляющий директор НУХ ""Байтерек"" Каирбек Ускенбаев предупредил застройщиков после инцидента с задержанием руководителей ""Байтерек DEVELOPMENT"", передает корреспондентTengrinews.kz.""До меня опять доходят слухи, что некоторые наши застройщики начинают искать ходы и проходы. Давайте обеспечим механизм, который будет работать на законном основании. Я вас опять предупреждаю - не вздумайте опять искать какие-то выходы или заходы"", - обратился к застройщикам в ходе встречи Каирбек Ускенбаев.Ускенбаев признал, что в компании были и имеются коррупционные риски, и призвал застройщиков к совместному решению текущих вопросов. По его словам, самым страшным последствием преступлений арестованных руководителей ""Байтерек DEVELOPMENT"" является дискредитация самой идеи компании.""Завтра в правительстве возникнет предложение: ""Может, закрыть этот механизм, раз там воруют""? И общественное мнение создается, что там все воры. Закрыть - проблем нет, служащие пойдут другим делом заниматься. Вы за счет каких денег будете строить? (обращается к застройщикам - прим. автора). Это напрямую вас всех касается. Если кто-то думает, что ""Байтерек DEVELOPMENT"" будет бегать за застройщиками, я абсолютно не переживаю - у нас в залоге находятся ваши объекты, ваша земля, поэтому если у вас будут какие-то проблемы, это не является для нас форс-мажором. Мы будем требовать, чтобы вы выполняли все свои обязательства согласно договорам. Если у вас в силу каких-то причин остановится стройка, тогда будем вводить внешнее управление и сами достраивать, потом, если надо, будем судиться"", - сказал управляющий директор НУХ ""Байтерек"".Ускенбаев отметил, что на сегодня внутренние функции ""Байтерек DEVELOPMENT"" разделены.""Да, наша стратегическая ошибка, что мы одному департаменту дали слишком много полномочий, он и заявки принимал, и акты выполненных работ, и представлял счета к оплате. Сейчас мы эти узлы развязали"", - сказал он.Напомним, на прошлой неделе Агентство по делам государственной службы и противодействию коррупции уличило в коррупции ряд нацкомпаний Казахстана. Так, 21 ноября былиарестованыруководители АО ""Байтерек DEVELOPMENT"". Было установлено, что должностными лицами АО ""Байтерек DEVELOPMENT"" от строительных компаний, вовлеченных в коррупционную схему, на системной основе было получено в качестве взяток 288 миллионов тенге.После задержания руководства АО ""Байтерек DEVELOPMENT"" в компании сделализаявлениео новом алгоритме обеспечения прозрачности принимаемых решений.СтроительствоКоррупция"
2016-12-05,"Санитарно-эпидемиологическую службу назвали одним из самых коррумпированных органов в Казахстане. Об этом сообщил заместитель председателя Агентства РК по делам государственной службы и противодействию коррупции Алик Шпекбаев, передает корреспондентTengrinews.kz.""По результатам соцопроса, проведенного Институтом экономических исследований, по мнению предпринимателей, в числе лидеров среди коррумпированных органов находится Санитарно-эпидемиологическая служба. В этой сфере нужны большие реформы, в отдельных странах этой структуры как таковой вообще нет"", - заявил в ходе Республиканского форума предпринимателей по вопросам противодействия коррупции Алик Шпекбаев.По его словам, серьезного анализа требует вся сфера здравоохранения.""На закупку лекарственных средств только в этом году выделено свыше 150 миллиардов тенге. Ключевая проблема - закрытость информации о процедурах закупок лекарственных препаратов. Все мы понимаем, что отсутствие прозрачности - идеальная среда для развития коррупции. Значительная доля этих закупок до сих пор проводится в бумажном виде. Это объясняется тем, что процесс закупок лекарственных препаратов регламентируется не законом РК ""О государственных закупках"", а отдельными правилами"", - отметил представитель АДГСПК.Кроме того, Шпекбаев указал на ряд проблем в части дублирования отдельных функций комитетов МЗСР РК.Коррупция"
2016-12-27,"В Нацбюро уточнили информацию об экс-главреде сайта ""Радиоточка"" Бекжане Идрисове, который покинул страну, передает корреспондентTengrinews.kz. Как сообщил журналистам в кулуарах Сената Парламента заместитель председателя Агентства РК по делам госслужбы и противодействию коррупции Алик Шпекбаев, Идрисов приглашался в качестве свидетеля.""Он приглашался всего лишь в качестве свидетеля. В отношении него никаких ограничений - ни по линии пограничной службы, ничего не было. Он выехал свободно. Его допросили, достаточно его показаний"", - сказал Алик Шпекбаев.Отвечая на вопрос журналиста, Шпекбаев отметил, что на суде свидетеля можно будет допросить через видеосвязь. ""Время покажет. Если надо будет, у нас же возможности сейчас технические большие, могут и там, где он будет, через видеосвязь опросить. Проблем не должно быть"", - отметил зампред Агентства.Напомним, Бекжан Идрисовсообщило том, что покинул Казахстан, на своей странице в Facebook. Свое решение он связывает с арестом директора издания Бигельды Габдуллина.В редакции ""Радиоточки"" прокомментировали сообщение Идрисова. На сайте издания говорилось, что редакционный телефон разрывается, коллеги беспокоятся и спрашивают, что происходит и что будет с проектом дальше. ""Бекжан покинул пост главного редактора ""Радиоточки"" в начале декабря. С тех пор почти не выходил на связь, и сообщение о его отъезде стало новостью и для нас тоже. ""Радиоточка"" работает в штатном режиме"", - отметили в редакции.Напомним, в ноябре по подозрению в вымогательстве быларестовандиректор издания Бигельды Габдуллин. Следствие полагает, что Габдуллин, используя подконтрольные СМИ CentralAsiaMonitor и Radiotochka.kz, активизировал информационную атаку в отношении руководителей государственных органов путем публикаций негативных материалов, порочащих деловую репутацию.Коррупция"
2025-01-31,"В Антикоррупционной службе сообщили о вынесенных судами приговорах в отношении сотрудников правоохранительных органов за различные коррупционные преступления, передаетTengrinews.kz.В Антикоре отметили, что в рамках меморандума с МВД о взаимном сотрудничестве в борьбе с коррупцией два ведомства ведут совместную работу по пресечению коррупционных проявлений в органах внутренних дел.В области Абай вынесен приговор в отношении заместителя начальника отдела полиции Калиясова Е. и старшего оперуполномоченного этого же отдела Ташиева А. Бывшие правоохранители получили один миллион тенге от местного жителя за непривлечение к уголовной ответственности.""Калиясову и Ташиеву назначено наказание в виде штрафа в размере 10 миллионов тенге каждому с пожизненным лишением права занимать должности на государственной службе и в квазигосударственном секторе. Кроме того, Калиясов лишен специального звания подполковника полиции, Ташиев – майора полиции"", - сообщили в Антикоре.В Усть-Каменогорске вынесли приговор в отношении главного специалиста отдела регистрации недвижимости филиала НАО ""Гоударственная корпорация ""Правительство для граждан"" Восточно-Казахстанской области Кыдырбаевой А. и начальника отделения департамента полиции на транспорте Министерства внутренних дел Байчина Р.""Кыдырбаева признана виновной во внесении заведомо ложных сведений в систему ""Единый государственный кадастр недвижимости"" , а Байчин - в завладении бюджетными средствами в виде жилищных выплат в сумме 7,2 миллиона тенге путем предоставления по месту работы фиктивной справки об отсутствии зарегистрированного за ним жилья"", - говорится в сообщении.Специалиста осудили на 3,5 года лишения свободы условно с лишением права занимать должности в квазигосударственном секторе, связанные с допуском к информационно-коммуникационной инфраструктуре, сроком на 2 года.Сотрудник полиции в связи с полным возмещением ущерба осужден на 3 года и 6 месяцев ограничения свободы с лишением специального звания старшего лейтенанта полиции.В Костанае огласили приговор в отношении оперуполномоченного Линейного отдела полиции на станции Костанай Аушамина С.""Он признан виновным в получении взятки в сумме 300 тысяч тенге от руководства Эксплуатационного локомотивного ДЕПО Костанайского отделения филиала ТОО ""КТЖ-Грузовые перевозки"" за общее покровительство. Аушамину назначено наказание в виде штрафа в размере 9 млн тенге с пожизненным лишением права занимать должности на государственной службе и в субъектах квазигосударственного сектора"", - говорится в сообщении Антикора.Он также лишен специального звания лейтенанта полиции.В Таразе приговор вынесли следователю управления собственной безопасности ДП Жамбылской области Кенжебаеву Е.Суд признал его виновным в получении взятки в сумме 400 тысяч тенге от свидетеля по уголовному делу за ненаправление представления об устранении нарушений закона по месту его работы.Кенжебаев должен заплатить штраф в размере 12 миллионов тенге, он также пожизнено лишен права занимать должности на государственной службе и в субъектах квазигосударственного сектора и специального звания капитана полиции.Все судебные акты не вступили в законную силу.Вместе с тем в соответствии с подпунктом 1 пункта 3 статьи 77 Конституции и частью 1 статьи 19 Уголовно-процессуального кодекса каждый считается невиновным, пока его виновность в совершении уголовного правонарушения не будет установлена вступившим в законную силу приговором суда.Ранее официальный представитель Агентства по противодействию коррупции Данияр Бигайдаров сообщил оборьбе с коррупцией в сфере экологии. По его словам, за последние два года в совершении коррупционных преступлений изобличены двое руководителей и заместитель главы департамента экологии по Восточно-Казахстанской области, руководитель и заместитель руководителя областного департамента экологии по области Улытау, заместитель руководителя департамента экологии по Кызылординской области, заместитель руководителя управления экологии и окружающей среды Алматы, директор Алакольского государственного заповедника, руководство государственных лесных резерватов ""Семей орманы"" и ""Ертіс орманы"", директора Сайрам-Угамского и Улытауского государственных национальных природных парков, аким Илийского района Алматинской области.Нажмите сюда, чтобы получать самые важные новости в вашем WhatsAppКоррупцияПравоохранительные органыПриговорСуд"
2016-12-12,"В понедельник, 12 декабря, силовики провели задержание работников таможенного поста ""Костанай-ЦТО"". Об этом на своей странице вFacebookсообщил официальный представитель Комитета государственных доходов Министерства финансов Казахстана Мурат Жуманбай.""12.12.2016 в 18 часов 30 минут в результате длительных оперативно-розыскных мероприятий сотрудники Управления внутренней безопасности ДГД по Костанайской области совместно с сотрудниками ДНБПК по Костанайской области задержали должностных лиц таможенного поста ""Костанай-ЦТО"" ДГД по Костанайской области. Они подозреваются в систематическом получении взяток в период с сентября по декабрь 2016 года от декларантов и таможенных представителей за положительное решение при таможенном оформлении товаров и транспортных средств (занижение таможенной стоимости, некачественный таможенный досмотр/осмотр товаров)"", - написал Жуманбай.© facebook.com/Murat Zhumanbay""По данному факту в Едином реестре досудебных расследований зарегистрировано уголовное дело по факту получения взятки"", - говорится в сообщении.ТаможняПравоохранительные органыПравительство КазахстанаКоррупцияЗадержаниеВзяткиFacebook"
2016-12-27,"С лихачами на дорогах должны разбираться скоростомеры и камеры. Об этом заявил генеральный прокурор Казахстана Жакип Асанов, назвав ""средневековьем"" патрули на дорогах, передает корреспондентTengrinews.kz.""Бывают случаи, когда полицейские делают это (совершают коррупционные преступления - прим. автора) вопреки своей воле, их вынуждают их же начальники. В Алматинской области командиры роты ДПС установили поборы с подчиненных. Еженедельно каждый должен сдавать определенную сумму. Конечно, они боялись, что их уволят, поэтому вымогали с водителей и давали начальникам. Думаю, что с лихачами на дорогах должны разбираться скоростомеры и камеры. Надо вообще это прекращать, это уже средневековье"", - сказал Жакип Асанов.Генпрокурор рассказал об итогах исследования международной некоммерческой организации Transparency International. По его словам, в исследовании приводятся показания 1 500 респондентов, из которых каждый второй признался, что давал взятку дорожным полицейским.""Полиция чаще находится под ударом, с одной стороны они всегда на передовой, противостоят вооруженным преступникам, рискуют жизнью. С другой они постоянно находятся в зоне коррупционных рисков"", - отметил Асанов.Также генпрокурор отметил, что, по данным того же исследования, 37 процентов респондентов признали, что в борьбе с коррупцией есть прогресс и соответствующие органы стали более активно бороться с этим злом. По его словам, три года назад эта цифра была вдвое меньше.Отметим, в Агентстве по делам госслужбы и противодействию коррупции на заседании Координационного совета по обеспечению законности, правопорядка и борьбы с преступностью под председательством генпрокурора Жакипа Асанова были подняты вопросы соблюдения личным составом правоохранительных органов антикоррупционного законодательства и Этического кодекса госслужащих.ТранспортТехникаКоррупцияДороги"
2016-12-23,"Ранее задержанные должностные лица Счетного комитета по контролю за исполнением республиканского бюджета и РГП ""Казахавтодор"" признали вину и раскаиваются в содеянном, передаетTengrinews.kzсо ссылкой на пресс-службу Нацбюро по противодействию коррупции.Продолжение■Бывших госаудиторов Счетного комитета осудили в Астане29 декабря 2017, 20:36■""Это минус тебе в работе"" - Назарбаев Касымбеку09 февраля 2018, 13:49С санкции районного суда № 2 Алматинского района Астаны в отношении государственного аудитора Счетного комитета Жангирбаевой А., генерального директора РГП ""Казахавтодор"" Мукашева С., его заместителя Шамишева Е., руководителя отдела Ажигулова К. мерой пресечения избран арест.В связи с наличием на иждивении малолетних детей, инвалидов и достижением пенсионного возраста в отношении госаудитора Копобаевой Б., главного бухгалтера РГП ""Казахавтодор"" Кургановой Ш., руководителя отдела Елемесова Б. мерой пресечения избран домашний арест.В ходе следственных мероприятий Копобаева Б., Мукашев С., Ажигулов К., Шамишев Е., Курганова Ш. и Елемесов Б. полностью признали свою вину и раскаялись в содеянном.Кроме того, вовлеченные в коррупционную схему руководители территориальных подразделений РГП ""Казахавтодор"" признали свое участие в сборе денег для передачи взятки государственным аудиторам Счетного комитета в сумме 16 миллионов тенге. В отношении них мерой пресечения избран залог.Напомним, 20 декабрястало известно о задержаниигосаудиторов Счетного комитета и руководства ""Казахавтодор"".КоррупцияВзятки"
2016-11-22,"Арест министра экономического развития России Алексея Улюкаева стал результатом противостояния нескольких групп силовиков под руководством главы Следственного комитета Александра Бастрыкина и их конкурентов из ФСБ. Об этом говорится в расследовании""Новой газеты"".По данным издания, разработкой Улюкаева занимались глава службы безопасности ""Роснефти"" Олег Феоктистов - генерал ФСБ, которого летом Путин отправил в резерв, а также руководитель Управления ""К"" ФСБ Иван Ткачев. Обоих газета называет ""выходцами из самой влиятельной и эффективной"" в недавнем прошлом межведомственной команды силовиков. В нее якобы входили ближайшие соратники Бастрыкина - руководитель УСБ СКР Михаил Максименко и его заместитель Александр Ламонов, которые сейчас находятся под арестом.Однако завершила дело Улюкаева другая команда силовиков - управление ""М"" ФСБ России, возглавляемое Сергеем Алпатовым. Именно Алпатову и его людям, пишет ""Новая газета"", удалось ""разбить группу Феоктистов-Максименко"". Это позволило директору ФСБ Бортникову практически отправить на пенсию своего могущественного конкурента Феоктистова (источники газеты отмечают, что Феоктистов входил в число силовиков, имевших прямой доступ к Путину) и едва ли не снять с должности председателя СКР Бастрыкина.При этом, как пишет газета, новый виток войны между противоборствующими кланами оказался спровоцирован ссорой ""между внебрачной дочерью высокопоставленного чиновника из Казахстана Жанной Ким и московским дизайнером Фатимой Мисиковой"".Речь идет о перестрелке в декабре 2015 года в ресторане корейской кухни Elements в Москве, в которой бывший сотрудник спецслужб Эдуард Буданцев (""Новая"" предполагает, что он может быть близким знакомым генерала Сергея Алпатова) убил двух человек и ранил восьмерых. Поводом для конфликта стало то, что Мисикова сделала дизайн-проект ресторана по заказу Ким, однако заказчица отказалась оплачивать работы.После того как о конфликте в Elements доложили Путину, были арестованы высокопоставленные сотрудники Следственного комитета. Их обвинили в получении взятки от криминального авторитета Шакро Молодого (знакомого Мисиковой). Это ослабило позиции группы Феоктистова, Бастрыкина и Ткачева, говорится в статье. Причем Бастрыкин после конфликта с участием своих подчиненных якобы ""потерял доступ к президенту"".Однако связка Ткачев-Феоктистов-Бастрыкин, потеряв значимых людей, все-таки сохранила боеспособность. ""Арест министра Улюкаева - красноречивое тому подтверждение, - отмечает ""Новая"". - Он совершенно очевидно снова выводит на сцену ""опального"" Бастрыкина"".В публикации отмечается, что громкий арест министра экономического развития выполнил все поставленные задачи. А именно:1. ""Минимизировано влияние так называемых ""либералов"" в правительстве Медведева, причем главной целью этой спецоперации был, конечно же, не Улюкаев, а Дворкович и Шувалов"".2. ""Путину снова продемонстрирована эффективность силовой связки СКР-ФСБ (причем той части ФСБ, которую, условно говоря, ""контролирует"" Сечин). Бастрыкин снова на политической сцене, у него появилась возможность отыграться и реабилитировать не только себя, но и своих ближайших подчиненных, находящихся под следствием"".3. ""31 октября Путин встречался с Вагитом Алекперовым. По информации источника ""Ведомостей"", Путин предложил Алекперову выкупить 19,5 процента акций ""Роснефти"". На условиях, которые до 15 ноября 2016 года владелец ЛУКОЙЛа счел бы неприемлемыми. Теперь же это выглядит как предложение, от которого нельзя отказаться. Впрочем, в силе оно до сих пор и было ли на самом деле, доподлинно неизвестно. По крайней мере, сам факт опровергается как ЛУКОЙЛом, так и администрацией президента"".Напомним, министр экономического развития России Алексей Улюкаев был задержан в офисе ""Роснефти"" 14 ноября. Его подозревают в получении взятки в сумме два миллиона долларов за выданную от Минэкономразвития положительную оценку, которая позволила ""Роснефти"" приобрести государственный пакет акций ""Башнефти"". Басманный суд Москвы отправил чиновника под домашний арест до 15 января.По информации источников""Росбалта""в правоохранительных органах, телефонные разговоры Улюкаева прослушивались. Во время беседы с президентом крупного государственного банка, который состоял в доверительных отношениях как с самим Улюкаевым, так и с главой ""Роснефти"" Игорем Сечиным, министр заявил, что он лично и его аппарат в ускоренном порядке, почти круглосуточно, работали над подготовкой документации, необходимой, чтобы сделка по покупке ""Башнефти"" ""Роснефтью"" прошла максимально быстро. ""При этом он дал понять, что в авральном порядке трудился еще ряд чиновников из правительства. Улюкаев возмущался тем, что никакой благодарности за это он, ""его аппарат"" и ряд других лиц не получили, из-за чего очень недоволен"", - говорится в материале.Сразу после этого министр якобы заявил, что с этого момента и в дальнейшем по линии его ведомства ""Роснефти"" не стоит ждать ускоренных темпов работы. Наоборот: будет происходить препятствование и затягивание всего, что касается нефтяной компании. Данные слова следствие в дальнейшем расценило как угрозы.Также оперативниками зафиксирован разговор Улюкаева и Сечина. Последний, по версии источника, сообщил, что ему передали пожелания министра, и предложил заехать в офис ""Роснефти"" на Софийской набережной. В указанное время (вечером 14 ноября) министр прибыл в нефтяную компанию. ""Вместе со встречающими Улюкаев прошел в один из кабинетов, где находилось два чемоданчика. Один из них Улюкаев взял лично, а другой не смог, поскольку вторая рука была занята личным портфелем главы МЭРТ. Помочь ему согласился один из представителей ""Роснефти"". Все вместе спустились вниз. Когда Улюкаев положил чемоданчик в служебный автомобиль, он был задержан сотрудниками ФСБ и препровожден на место преступления - непосредственно в офис ""Роснефти"""", - описывает издание события того дня.ФСБСМИРоснефтьПравоохранительные органыПравительство РоссииКоррупцияАрест"
2016-11-08,"Тунгышбай Жаманкулов обратился к Президенту Казахстана Нурсултану Назарбаеву. Видеозапись была сделана за неделю до его задержания, но обнародована только сейчас, передает корреспондентTengrinews.kz.Продолжение■Тунгышбай Жаманкулов вернул шесть миллионов тенге16 ноября 2016, 11:43■Задержан режиссер Талгад Жаныбеков - адвокат28 декабря 2016, 15:16В своей речи народный артист Казахстана Жаманкулов просит у Главы государства поддержки в связи со сложившейся ситуацией. ""Уважаемый Президент, я Тунгышбай Жаманкулов, любимый вами народный артист. Для обращения к вам возникла некая ситуация, в которую я прошу вас вмешаться (....)"", - начинает свое обращение артист.Далее он рассказывает весь расклад с фильмом ""Феникс"", из-за которого и возникла неприятная ситуация - Жаманкулова обвинили в многомиллионном хищении денег, выделенных на фильм. Кроме того, он затрагивает встречу с министром Арыстанбеком Мухамедиулы в Астане и разговоры о молодой актрисе Енлик, которая ранее заявляла о домогательствах. Он также рассказал, что министр якобы ставил препоны в ходе реализации проектов, а более 90 процентов выделенных денег, как утверждает Жаманкулов, перекинули на съемки фильма ""Казак ели"".""Прошу вас вмешаться и защитить меня, господин Президент. Я рискую опозориться перед народом, который меня так любит. Я вам до этого писал несколько писем, но, получается, они не дошли до вас, поэтому я решил записать видеообращение"", - говорит Жаманкулов.Сразу на видео отреагировал глава Министерства культуры Мухамедиулы и прокомментировал слова Жаманкулова корреспонденту Tengrinews.kz. Чиновник ранее говорил, что готов оказать содействие восвобождении под залог. ""По видеообращению, смотрите, в какое время оно было. Вы сами это видите, чтобы избежать уголовной ответственности, идут на разные методы. И представьте, в течение года вот таким обращением, шантажом, хотели в российскую компанию вывести 450 миллионов тенге, в то время три миллиона долларов. Вот делайте выводы, сами же видите, что мне приходится выдерживать все ради того, чтобы не дать возможность им вывести деньги"", - сказал он.Напомним, Жаманкулов был задержан, затем отпущен под залог. Его обвиняют в хищении 69 миллионов тенге. Кроме того, он вину свою признал.""Денежные средства обналичивались через субподрядные организации и передавались Жаманкулову. Также доказано участие в хищении бывшего управляющего директора по экономике и финансам АО ""Казахфильм"" Искаковой Г. и исполнительного продюсера фильма Юдиной Н., которые ранее с санкции суда были арестованы"", - говорилось в пресс-релизе Нацбюро по противодействию коррупции.Назарбаев НурсултанКоррупцияКинопрокатЗадержание"
2025-01-12,"Суд вынес приговор заместителю руководителя департамента экологии по Восточно-Казахстанской области. Его обвиняли в получении взятки в особо крупном размере, передаетTengrinews.kz.Как сообщила пресс-служба областного суда, суд №2 в Усть-Каменогорске рассмотрел уголовное дело в отношении гражданина Т. - заместителя руководителя департамента экологии по Восточно-Казахстанской области Комитета экологического регулирования и контроля Минэкологии.По данным следствия, замглавы департамента провел проверку золотоизвлекательной фабрики (ЗИФ) на предмет соблюдения норм экологического законодательства. Проверка выявила нарушения в части отклонения от проектных решений по срокам завершения строительства ЗИФ. В соответствии со статьей 328 Кодекса об административных правонарушениях это влечет временный запрет деятельности предприятия.""Гражданин Т. за непривлечение организации к административной ответственности, положительный акт по результатам проверки деятельности ЗИФ получил в мае 2023 года от директора ТОО взятку в сумме30 тысяч долларов(по курсу доллара к тенге на 12 мая 2023 года эквивалентно 13 326 600 тенге)"", - рассказали в суде.Вину чиновника удалось доказать: при себе у него были 6,9 миллиона тенге, а свидетели дали показания и подтвердили договоренность положительного решения вопроса за вознаграждение. Также вина доказана результатами негласных следственных действий, заключениями экспертиз.Подсудимый вину не признал и просил его оправдать. Прокурор просил суд назначить чиновнику наказание в виде лишения свободы.Суд, исходя из тяжести совершенного преступления, назначил обвиняемомулишение свободы сроком на 7 лет, с пожизненным лишением права занимать должности на государственной службе.По данным суда, отягчающим обстоятельством признано совершение уголовного правонарушения лицом, нарушившим принятую присягу. Смягчающим обстоятельством признано наличие на иждивении пяти малолетних детей.Стоит отметить, что к лицам, осужденным за совершение тяжких коррупционных преступлений, условно-досрочное освобождение не применяется. Приговор не вступил в законную силу.Напомним, ранее суд Усть-Каменогорскавынес приговор в отношении руководителя областного департамента экологии. Приговором суда чиновник осужден к 4 годам лишения свободы за получение взятки.Читайте также:Взят под стражу руководитель департамента экологии области УлытауНажмите сюда, чтобы получать самые важные новости в вашем WhatsAppВКОЭкологияСудПриговорчиновникиВосточно-Казахстанская областьКоррупцияВзятка"
2016-12-25,"Корейские СМИ обвинили генерального секретаря ООН Пан Ги Муна в получении взяток, сообщаютРИА Новости.По данным издания Sisa Journal, Пан Ги Мун получил от корейского бизнесмена взятку на сумму более 200 тысяч долларов. В 2005 году, неся службу в министерстве иностранных дел и внешней торговли Республики Кореи, Пан Ги Мун получил 200 тысяч долларов, а в 2007 году, когда он уже занимал пост генсека ООН, еще 30 тысяч.Сообщается, что первая взятка была передана бизнесменом Пак Ен Ха во время приезда вьетнамской делегации в Сеул, куда Пак Ен Ха был приглашен в качестве генерального консула. Бизнесмен прибыл на час раньше и при встрече ""тет-а-тет"" передал деньги ""на транспортные расходы"". Вторую сумму Пан Ги Мун получил от него в 2007 году в ""подарок с поздравлениями в связи с назначением в качестве генсека ООН"".Пан Ги Мун отрицает эти обвинения и намерен привлечь к ответственности корейское издание.ООНКоррупцияВзятки"
2025-01-17,"В суде № 2 города Тараза огласили приговор в отношении руководителя медицинского центра онкологии города, передаетTengrinews.kz.Ему предъявлено обвинение в коррупционном правонарушении, в частности получении взятки за трудоустройство.В суде было установлено, что в мае 2023 года гражданка С., дочь давнего знакомого А., обратилась к нему с целью трудоустройства на должность медсестры в медицинский центр онкологии. В ходе разговора А. написал на клочке газеты ""400 000 тенге"" и сказал С., что для трудоустройства она должна заплатить ему указанную сумму.Женщина заняла деньги у своей матери и в служебном кабинете передала их подсудимому А.Гражданка С. проработала в учреждении полтора года и уволилась по собственному желанию из-за замечаний со стороны коллег.Женщина сразу же обратилась в Антикоррупционную службу с заявлением о привлечении к уголовной ответственности А. по факту получения взятки.""В декабре 2024 года сотрудниками Антикоррупционной службы зафиксированы разговоры, изобличающие криминальные действия. Подсудимый А. был изобличен в получении взятки"", – говорится в сообщении суда.Половину суммы он вернул женщине.Подсудимый просил назначить ему наказание, не связанное с лишением свободы. Прокурор просил для него наказание в виде лишения свободы на срок 3 года 6 месяцев.Суд посчитал вину подсудимого доказанной и назначил ему штраф в размере 30-кратной суммы взятки, то есть 12 миллионов тенге, с пожизненным лишением права занимать должности на государственной службе и в органах управления.Приговор не вступил в законную силу.Ранеесуд вынес приговорзаместителю руководителя департамента экологии по Восточно-Казахстанской области. Его обвиняли в получении взятки в особо крупном размере.Нажмите сюда, чтобы получать самые важные новости в вашем WhatsAppКоррупцияСудПриговорЖамбылская область"
2016-11-14,"Агентство РК по делам государственной службы и противодействию коррупции назвало основные причины роста коррупции в сфере земельных отношений, сообщает корреспондентTengrinews.kzсо ссылкой на пресс-службу ведомства.Агентством выявлены серьезные коррупционные риски в сфере земельных отношений. По данным ведомства, анализ показал рост количества коррупционных правонарушений в данном направлении почти в два раза (со 138 до 247).""Здесь в основном преобладают факты взяточничества, мошенничества и злоупотребления должностными полномочиями при выделении земельных участков. К примеру, в Алматинской области предан суду руководитель отдела земельных отношений Караталского района Косжанов, который получил взятку в размере 15 тысяч долларов за выделение двух земельных участков путем внесения изменений в конкурсную документацию. Аналогичные преступления пресечены в Акмолинской, Атырауской, Западно-Казахстанской, Павлодарской, Кызылординской, Мангистауской и Южно-Казахстанской областях"", - говорится в сообщении ведомства.В Агентстве по делам государственной службы и противодействию коррупции назвали причины, способствующие совершению коррупционных правонарушений:- местными исполнительными органами не обеспечен открытый доступ к информации о наличии свободных земельных участков, очередности их получения;- должностные лица преднамеренно в корыстных целях вносят в земельный кадастр недостоверные сведения о наличии свободных земельных участков;- имеют место манипуляции со списком очередников на их получение.Агентство отмечает, что выявленные недостатки свидетельствуют об отсутствии должного контроля со стороны местных исполнительных органов и уполномоченного органа Министерства национальной экономики. Ведомство предлагает следующие меры по борьбе с коррупционными нарушениями:- кардинально пересмотреть механизмы выделения земельных участков, обеспечив открытый доступ к информации о подготовке площадок для отвода в списках очередности на получение земельного участка посредством их размещения на сайте акимата и интернет-ресурсах;- внести изменения в Правила организации и проведения торгов по продаже земельного участка в части включения в состав Комиссии представителей неправительственных организаций, общественности и других;- в целях прозрачности процедуры выделения земельных участков разработать автоматизированную базу данных о наличии свободных земельных участков (с отражением места расположения, целевого назначения и границ) с обеспечением к ней свободного доступа населения;- рекомендовать Комитету по делам строительства, жилищно-коммунального хозяйства и управления земельными ресурсами МНЭ пересмотреть сроки оказания государственных услуг по предоставлению земельных участков;- акиматам и уполномоченному органу в сфере земельных отношений (МНЭ) усилить контроль за деятельностью структурных подразделений, на системной основе проводить проверки о правомерности выделяемых земельных участков.""Антикоррупционная служба в дальнейшем на постоянной основе будет осуществлять мониторинг соблюдения требований земельного законодательства и правомерности принятия решений должностными лицами при выделении земельных участков, отмечая, что они наиболее подвержены коррупциогенным рискам"", - также отметили в Агентстве.КоррупцияВзятки"
2016-11-10,"За два года сотрудников Комитета госдоходов пытались подкупить на общую сумму свыше 77 миллионов тенге. Об этом рассказал официальный представитель КГД МФ РК Мурат Жуманбай, передаетTengrinews.kz.""Наряду с сотрудниками, берущими взятки, к строгой уголовной ответственности привлекаются и лица, дающие взятки. Другими словами, мы взялись за тех, кто дает взятки нашим сотрудникам"", - заявил Мурат Жуманбай на традиционном брифинге ведомства.По его словам, начиная с прошлого года, КГД совместно с уполномоченным органом по противодействию коррупции пресекли 25 фактов дачи взятки сотрудникам органов госдоходов. На сегодня половина взяткодателей (14 из 25) уже осуждены. К ним применены различные меры наказания от выплаты штрафов до лишения свободы.Официальный представительпривелнесколько примеров пресечения фактов дачи взятки сотрудникам ведомства. На видео показано, как гражданка Ж. Ташкенбаева, представившись посредником по перепродаже фирм ТОО ""Юг-Спецстройпроект"" и ТОО Phaeton concept в Карагандинской области, в целях освобождения их от уголовной ответственности за неуплату налогов предприняла попытку подкупа следователя Службы экономических расследований и была задержана при передаче ему 27 тысяч долларов. Сейчас Ташкенбаева осуждена к 6 годам лишения свободы с конфискацией имущества.Также к выплате 30 миллионов тенге штрафа осужден директор ТОО ""Газовое хозяйство Шымкент-Газ"" Юсупов С. Он был задержан при даче взятки в сумме миллиона тенге следователю СЭР ДГД по ЮКО за положительное решение вопроса по уголовному делу. При даче взятки в размере 50 тысяч тенге должностному лицу ДГД по Мангистауской области за не привлечение к административной ответственности были задержаны Я.Сулейманов и гражданин Грузии М.Масаливи. Масаливи осужден к выплате штрафа в сумме 1 миллиона тенге, Сулейманов – 500 тысяч тенге. Всего за последние два года, по его словам, взяткодатели пытались подкупить сотрудников комитета на общую сумму свыше 77 миллионов тенге.""Таким образом, мы даем четкий сигнал всем налогоплательщикам и участникам внешнеэкономической деятельности о том, что Комитет государственных доходов борется с фактами дачи взяток и возникшие вопросы решает исключительно законными способами"", - резюмировал Жуманбай.Напомним, сегодня стало известно, что за взятку в полтора миллиона тенгезадержаныруководитель отдела Управления таможенного контроля ДГД по Атырауской области и трое его подчиненных. Ранее при получении взятки в размере 150 тысяч долларов от ИПбыл задержанс поличным главный специалист РГУ ""Центральная таможенная лаборатория Комитета государственных доходов РК"".КоррупцияВзятки"
2016-12-22,"По результатам торгов автомобили, принадлежавшие экс-руководителю НК ""Астана ЭКСПО-2017"" Талгату Ермегияеву, передали Антикоррупционной службе и управлению госзакупок Астаны, передаетTengrinews.kzсо ссылкой на пресс-службу Департамента госимущества и приватизации.В департамент на сегодняшний день по приговору суда поступило три автомашины - Mercedes-Benz 500S 2009 года выпуска и два Lexus LX 570 2010 и 2014 годов выпуска, ранее принадлежавших Талгату Ермегияеву, осужденному на 14 лет колонии за крупные хищения из нацбюджета.""Согласно протоколам, получателем автомашин Mercedes-Benz модель 500 S с госномером 991 DXA 01, оценочной стоимостью 8,7 миллиона тенге и Lexus модель LX 570 с госномером 072 АС 01, оценочной стоимостью 19,4 миллиона определено РГУ ""Национальное бюро по противодействию коррупции (Антикоррупционная служба) Агентства по делам госслужбы и противодействию коррупции"". Получателем автомашины Lexus LX 570 с регистрационным номером 814ETA01, оценочной стоимостью 12,5 миллиона тенге стало ГУ ""Управление коммунального имущества и государственных закупок города Астаны"", - сообщили в пресс-службе.Машины Талгата Ермегияевавыставили для передачигосорганам 12 декабря. На сайте реестра госимущества сообщили о четырех автомобиля со статусом ""Передача и закрепление имущества на балансе государственных юридических лиц"".Напомним, в июне 2016 года специализированный межрайонный суд по уголовным делам АстаныприговорилТалгата Ермегияева к 14 годам колонии. В доход государства у него конфисковали движимое и недвижимое имущество: квартиру в Алматы, земельные участки в Астане и Алматы, денежные счета в нескольких банках, доли в нескольких ТОО и автомобили.КоррупцияАвтомобили"
2016-11-18,"Глава Агентства РК по делам госслужбы Кайрат Кожамжаров прокомментировал задержание заместителя председателя Правления АО ""Байтерек DEVELOPMENT"" Аслана Джакупова, передаетTengrinews.kz.""Эта коррупционная схема действовала на протяжении долгого времени. В рамках этого общества. Программа ""Нұрлы жол"", вы знаете, это приоритетная программа для нашей страны. Поэтому мы держали постоянный оперативный контроль за распределением средств. Я думаю, что круг лиц, которые будут привлекаться к уголовной ответственности, будет расширяться. Следствие это покажет. Так же как и регионы, так же как и предприниматели, которые платили систематические взятки должностным лицам"", - заявил Кожамжаров.При этом Кожамжаров отметил, что отец подозреваемого, экс-спикер нижней палаты Парламента Кабибола Жакупов не должен отвечать за преступление сына.""Причем тут он? Сын совершеннолетний, дееспособный. Правда же, да? Знает закон, знает, какие могут быть последствия за нарушение закона. Здесь же вопрос так стоит?"" - добавил глава Агентства по делам госслужбы.По сообщению Антикоррупционной службы, ведется досудебноерасследованиев отношении руководства АО ""Байтерек DEVELOPMENT"" по фактам получения взяток.Следствием установлено, что должностные лица АО ""Байтерек DEVELOPMENT"" Джакупов Аслан (заместитель председателя Правления), Айтимбетов Бауыржан (руководитель Департамента Дирекции государственно-частного партнерства) и Сариев Г. (управляющий директор) наладили коррупционную схему систематического получения взяток в особо крупных размерах за лоббирование интересов строительных компаний при закупках услуг по строительству арендного жилья в регионах в рамках госпрограммы ""Нұрлы жол"".КоррупцияЗадержание"
2025-01-15,"Публичный реестр коррупционеров появится в Казахстане. Об этом сообщил первый заместитель председателя Агентства по противодействию коррупции Улан Саркулов, передает корреспондентTengrinews.kz.Продолжение■Для кого ужесточат наказание за коррупцию в Казахстане15 января 2025, 11:20Сегодня в Мажилисе рассматривают законопроекты ""О внесении изменений и дополнений в некоторые законодательные акты Республики Казахстан по вопросам противодействия коррупции"" и ""О внесении изменений и дополнений в Кодекс Республики Казахстан об административных правонарушениях по вопросам противодействия коррупции"".В рамках законопроектов планируется введение в стране публичного реестра коррупционеров.""Это профилактический инструмент. Основная его цель – через общественное порицание сформировать в обществе нетерпимость к коррупции. В реестр будут включаться сведения об осужденных за совершение тяжких и особо тяжких коррупционных преступлений. Основанием для включения лиц в реестр будет являться вступивший в законную силу обвинительный приговор"", – пояснил Саркулов во время заседания.Как сообщается, исключение из реестра будет возможным на основании вступившего в законную силу оправдательного приговора и погашения судимости.Реестр будет размещаться на сайте агентства.Напомним: в 2022 году Антикоррупционная служба представила проект изменений в профильное законодательство, в рамках котороговпервые было предложено создание публичного реестра коррупционеров.Читайте также:Норму о запрете УДО для коррупционеров признали конституционной в КазахстанеНажмите сюда, чтобы получать самые важные новости в вашем WhatsAppЗаконопроектМажилисКоррупцияЗаконантикорантикоррупционная служба"
2024-12-25,"В Жетысу активно формируют культуру добропорядочности и честности. С использованием креативных форматов, таких как TEDx, интеллектуальные игры и онлайн-челленджи, удалось привлечь более 1000 человек. Участники обсуждают вред коррупции и ищут пути ее предотвращения.Воспитание у молодежи нулевой терпимости к коррупции, популяризация ценностей добропорядочности – важные шаги в формировании антикоррупционной культуры. Особое значение в этом направлении имеет открытый диалог с молодежью на всех возможных площадках, обсуждение вреда коррупции и способов ее предотвращения. В этой связи были организованы встречи с использованием эффективных и творческих подходов к противодействию коррупции в формате TEDx. Такие мероприятия формируют критическое отношение молодежи к проблеме коррупции и позволяют выдвигать новые идеи и инициативы. Это шаг к тому, чтобы направить общество в будущее, основанное на принципах честности и справедливости.В 2024 году Управлением общественного развития области Жетысу с участием более 1000 человек в 8 районах и 2 городах были организованы встречи с участием известных спикеров республиканского уровня, писателей, деятели культуры, психологов, теологов и общественных активистов, таких как Жандарбек Булгаков, Сырым Ауезхан, Амре Арин, Жуматай Амреев, Жумахмет Жайлаубаев и Канат Мутебаев.Была организована республиканская интеллектуальная игра с участием 15 команд из разных регионов страны, призовой фонд которой 1 500 000 тенге с участием 50 человек. Был запущен онлайн-челлендж на тему ""Адалдық жолы"", где около 100 общественных деятелей, журналистов, педагогов, активной молодежи и других граждан прочитали произведения известных поэтов и писателей казахской литературы на тему справедливости, честности и моральных принципов. Также в честь Дня защиты детей и празднования Нового года для воспитанников детских домов и школ-интернатов проведено 4 благотворительных мероприятия, вручение подарков и акции по раздаче мороженого.Кроме того, в вузах, колледжах и школах прошли 5 гостевых лекций, были показаны видеоролики, проведены социологические исследования.Фото: МОО ""Жетісу жастар Конгресі""Рекламный материалКоррупцияКонференция"
2024-10-14,"В Польше планируют ужесточить визовые правила, передаетTengri Travelсо ссылкой наIndependent.Власти Польши намерены ужесточить контроль получения виз в связи с подтверждением масштабных нарушений в системе их выдачи. Об этом заявил министр иностранных дел страны Радек Сикорский на пресс-конференции.Решение ужесточить визовую политику последовало после того, как главное контрольное управление Польши опубликовало результаты расследования, которое подтвердило многолетние нарушения в работе консульств. В частности, было выявлено, что польские консульства в странах Азии и Африки незаконно получали тысячи долларов за каждую выданную рабочую визу, что шло вразрез с установленными правилами.Одним из ярких примеров нарушений стала ситуация с группой индийских фермеров, которые в их визовых документах были указаны как болливудские кинорежиссеры. Как отметил Сикорский, случаи подобного рода стали возможны из-за потери контроля над системой выдачи виз в период с 2018 по 2023 год.Министр иностранных дел подчеркнул, что процесс получения виз будет значительно усложнен, а проверка заявителей станет более строгой. Особое внимание будет уделено заявкам на студенческие визы, чтобы предотвратить использование учебных виз для нелегальной миграции в Европу.""Теперь получить визу в Польшу будет гораздо сложнее"", – заявил Сикорский.Отмечается, что польская виза дает право на свободное перемещение в рамках Шенгенской зоны, поэтому страны ЕС особенно заинтересованы в усилении контроля за процессом ее выдачи.Отчет контрольного управления показывает, что с 2018-го по начало 2024 года агентства, сотрудничающие с польскими консульствами, выдали тысячи виз в обход установленных процедур. В одном из случаев одно агентство выдало более 4200 виз за период с 1 января 2018 года по 29 марта 2024 года, а некоторые заявители заплатили до 30 000 злотых (примерно 3,7 миллиона тенге).Сообщается также, что министерство иностранных дел Польши уже увеличило стоимость виз, которые ранее считались одними из самых дешевых в Европе, что привлекало множество мигрантов. Тем не менее ужесточение правил – это только первая мера в череде изменений, которые планируется ввести. Теперь польские власти проводят тщательную проверку всех виз, выданных в этот период, и рассматривают возможность передачи дел в прокуратуру.Ранее мы рассказывали,какие страны Европы отказывают в визе казахстанцамчаще всего. Подробнее – вматериале.Также делились,как казахстанцам оформить визу в Европуи на что следует обратить внимание. Детальнее – поссылке.Читать также:Новый код получат рейсы казахстанской авиакомпанииПольшаВизаКоррупцияСкандалЕвропейский СоюзМигранты"
2016-11-19,"В средней школе Панфилова в Алматинской области уволились директор и завуч, сообщает корреспондентTengrinews.kz. Учительница данной школы опубликовала запись о поборах в школе в социальной сети, приложив к тексту аудиозапись разговора с руководством школы и фотографии.По словам педагога, которая попросила не разглашать своего имени, поборы в школе стали обыденным делом для коллектива. Но последней каплей в чаше терпения стало удержание средств за курсы повышения квалификации. ""Курсы были бесплатными, мне никто не платил. Но за это меня лишают средств. У нас заработная плата маленькая, и тут еще каждый раз забирают на разные поборы. Лезут в карман"", - заявила учительница.После того как запись была опубликована, мы обратились за комментариями в районный отдел образования. Там изначально заявили, что была проведена проверка и факт не подтвердился. Но записью заинтересовались сотрудники областного филиала партии ""Нур Отан"". Первый заместитель председателя областного филиала партии Галиаскар Сарыбаев провел выездное совещание с учителями школы. Там было проведено анонимное анкетирование, результаты которого ничего не дали. Все работники школы дали положительную оценку деятельности директора школы и завучей.Однако после выездного совещания областного филиала директор школы и завуч написали заявления об освобождении от должности по собственному желанию. Данную информацию подтвердили в районном отделе образования. ""Действительно, директор Кайрбекова и ее заместитель написали заявления, которые были удовлетворены"", - сказал руководитель отдела образования Каратальского района Кайрат Касымов.ШколаКоррупцияАлматинская область"
2025-01-08,"6 января Антикоррупционная служба по области Улытау с поличным задержала руководителя областного департамента экологии, передаетTengrinews.kzсо ссылкой на пресс-службу Антикора.Как говорится в распространенном сообщении, чиновника подозревают в получении взятки в размере 2,5 миллиона тенге от предпринимателя за выдачу разрешительных документов в сфере экологии. 8 января с санкции суда он заключен под стражу. Расследование продолжается, проверяется причастность других лиц.""26 августа 2024 года данный руководитель в рамках проекта по защите бизнеса уже привлекался к административной ответственности за вмешательство в предпринимательскую деятельность. Тогда он установил незаконные требования в отношении предпринимателя о предоставлении ежеквартального отчета о выполнении плана мероприятий по охране окружающей среды"", - сообщили в Антикоре.Также в ведомстве напомнили, что в совершении коррупционных преступлений изобличены двое руководителей и заместитель руководителя департамента экологии по Восточно-Казахстанской области, заместитель руководителя департамента экологии по Кызылординской области и другие должностные лица.Ранее в Антикоре сообщили, чточиновницу из Минтруда будут судить по делу о взятках.Читайте также:Полицейский применил оружие при задержании сотрудниками АнтикораНажмите сюда, чтобы получать самые важные новости в вашем WhatsAppантикорантикоррупционная службаКоррупцияВосточно-Казахстанская областьЭкологияУлытауобласть Улытау"
2016-11-10,"Более 1 300 казахстанцев находятся в международном розыске, сообщает корреспондентTengrinews.kzcо ссылкой на Генеральную прокуратуру РК.""В настоящее время в международном розыске находятся более 1 300 граждан, совершивших преступления на территории Казахстана. Сведениями о данных лицах и странах их пребывания непосредственно располагает инициатор розыска"", - ответили в ведомстве на запрос редакции.В целях активизации работы по возврату активов Генеральной прокуратурой реализуется проект ""Возврат похищенных активов из-за рубежа"", также отметили в Генпрокуратуре.Ранее заместитель Генерального прокурора РК Андрей Кравченкоозвучилданные, согласно которым за десять лет из Казахстана вывезено около 100 миллиардов тенге.""Сумму назвать точно очень сложно, она исчисляется миллиардами тенге. Мы посчитали самые крупные уголовные дела, но не все еще пока, и хотим для себя понять, сколько за последние десять лет таких дел вообще. А таких дел, наверное, будет около двух сотен (...).  Сейчас мы располагаем примерной информацией о сумме где-то около 100 миллиардов тенге, вывезенных по этим уголовным делам. Порядка 30 процентов взыскано, то есть возвращено в Казахстан (...).  За последние десять лет"", - рассказал заместитель Генпрокурора РК журналистам.Также журналисты поинтересовались у Андрея Кравченко, в каких странах сосредоточены вывезенные из республики деньги. По данным заместителя Генпрокурора, это страны Северной Америки и Европы.""Очень сложно сейчас сказать. Но навскидку сказал бы, что страны Северной Америки и страны Европы. Но мы, конечно же, имеем примеры, когда денежные средства выведены в оффшоры"", - ответил Андрей Кравченко.Финансовая системаКоррупция"
2016-11-08,"Прокуроры Южной Кореи провели обыски в офисах компании Samsung Electronics в связи с разгоревшимся в стране коррупционным скандалом, сообщилоРИА Новостисо ссылкой на агентство Ренхап.Обыски были произведены в офисах отдела по внешним связям штаб-квартиры компании. Правоохранительные органы подозревают, что через отдел были направлены 2,8 миллиона евро на счета компании Цой Сун Силь - подруги президента Южной Кореи Пак Кын Хе под видом оплаты консультационных услуг, на самом же деле деньги шли на обучение дочери Цой конному спорту. Проверяются также дела отдела по внешним связям с Федерацией конного спорта Южной Кореи.Скандал разгорелся на прошлой неделе. В нем оказалась замешана подруга президента Цой Сун Силь, которая, не занимая никакой официальной должности, вмешивалась в государственные дела, преследуя собственные цели. Стало известно, в частности, что она редактировала речи Пак Кын Хе до того, как они были официально обнародованы. Цой Сун Силь подозревают в том, что она оказывала влияние на президента в личных и коммерческих целях.В частности, правоохранительные органы не исключают, что два ее фонда - MIR и K-Sport - занимались поборами с крупного бизнеса. Цой Сун Силь была задержана, суд выдал ордер на ее арест. Согласно обнародованным в пятницу данным, из-за скандала рейтинг президента упал до рекордного минимума - 5 процентов.Южная КореяКоррупция"
2025-01-06,"Суд Усть-Каменогорска вынес приговор в отношении руководителя областного департамента экологии, передаетTengrinews.kzсо ссылкой на Агентство по противодействию коррупции.Приговором суда чиновник осужден к 4 годам лишения свободы.""В Восточно-Казахстанской области судом города Усть-Каменогорска оглашен приговор в отношении руководителя областного департамента экологии Алиева Д., местного жителя Журкабаева М. и предпринимателя Длужевского К."", – говорится в сообщении.Отмечается, что Алиев был признан виновным в получении, Журкабаев – в посредничестве, а Длужевский – в даче взятки в сумме 4,5 миллиона тенге за выдачу коммерческой организации экологического разрешения на добычу золота.Житель города осужден к 1 году и 6 месяцам лишения свободы, предприниматель – к 3 годам и 6 месяцам. Всем троим запрещено занимать руководящие должности в коммерческих организациях в области разведки и добычи полезных ископаемых сроком на 5 лет.""Также они пожизненно лишены права занимать должности на государственной службе и в квазигосударственном секторе"", – указывается в информации.Судебный акт пока в законную силу не вступил.Читайте также:Бишимбаев, Сатыбалдыулы и Кантар: самые громкие судебные процессы 2024 годаНажмите сюда, чтобы получать самые важные новости в вашем WhatsAppЭкологияОсужденныйСудКоррупция"
2025-01-31,"Экс-руководитель управления культуры Астаны Болат Мажагулов, которого обвиняют в растрате вверенного имущества в особо крупном размере, выступил с последним словом на суде, передает корреспондентTengrinews.kz.Продолжение■Дело о фонтане “Солнце“ в Астане: Болату Мажагулову вынесли приговор31 января 2025, 16:05Он полностью отрицает свою вину по предъявленным обвинениям.""Это все настолько надуманно, без всяких доказательств. Я за собой никакой вины не чувствую. Мало того, в суде полностью доказана моя невиновность. Я ни в коем случае не сломлен. Я буду до конца доказывать свою правду, только потому что я нужен своим детям. Все обвинения против меня строятся на голословных утверждениях. В материалах дела отсутствуют доказательства перевода денег на мой счет или какого-либо незаконного обогащения с моей стороны. Были проверены все банковские счета, не обнаружено никакого имущества, приобретенного незаконным путем"", - сказал Мажагулов в своем последнем слове.Оглашение приговора ожидается сегодня в 15:00.Ранее прокурорзапросил10 лет лишения свободы для экс-руководителя управления культуры Астаны Болата Мажагулова, обвиняемого в растрате вверенного имущества в особо крупном размере.Напомним, что информация озадержаниибывшего руководителя управления культуры Болата Мажагулова появилась в начале сентября прошлого года. Позже ее подтвердили в Агентстве по финансовому мониторингу. По данным АФМ, досудебное расследование в отношении экс-руководителя управления и представителей подрядной организации проводится по факту хищения бюджетных средств в особо крупном размере.Фонтан в Астане и миллиард: за что задержали Болата МажагуловаВ сообщении говорилось, что в 2016 году при строительстве фонтана ""Солнце"" (""Светоиллюминационное и огненное шоу на реке Есиль""), приуроченного к празднованию дня города Астаны, договоры на строительство фонтана были заключены без проведения процедуры госзакупок. Уточнялось, что фонтан был построен без составления проектно-сметной документации и без прохождения госэкспертизы.Что известно о многострадальном фонтане в центре Астаны -читайте в нашем материале.Нажмите сюда, чтобы получать самые важные новости в вашем WhatsAppАстанаСудчиновникиКоррупция"
2025-01-15,"Tengrinews.kzподготовил дайджест главных и самых интересных новостей в Казахстане за среду, 15 января.1. Как проходил рабочий визит Токаева в ОАЭВ рамках поездки в Абу-Даби Касым-Жомарт Токаевпровел встречу с главным исполнительным директором компании MasdarМухаммедом Аль-Рамахи. Компания реализует крупный проект в Жамбылской области.Также на встрече присутствовал генеральный исполнительный директор по переработке и сбыту Abu Dhabi National Oil Company (ADNOC) Халид Салмин. Собеседники обсудили вопросы реализации совместных инвестиционных проектов в нефтегазовой отрасли, а также в области геологоразведочных работ.Фото пресс-служба АкордыПрезидент также встретился с директором Abu Dhabi Ports Group Мухаммедом Аль-Шамиси иподдержал планы компании по развитию морской и портовой инфраструктуры на Каспии.В Абу-Даби Касым-Жомарт Токаев встретился сэкспертами по вопросам развития искусственного интеллекта(ИИ). По словам Президента, ключевым приоритетом для Казахстана в сфере ИИ является подготовка и поддержка высококвалифицированных специалистов. Глава государства также сообщил, что в Казахстане создан центр передовых технологий AlemAI, который объединит лучшие мировые практики и будет способствовать внедрению инновационных решений.Фото пресс-службы АкордыНа полях ""Недели устойчивого развития Абу-Даби"" также состояласьвстреча Касым-Жомарта Токаева с председателем совета министров ИталииДжорджей Мелони. Президент Казахстана подарил Мелони букет цветов в честь ее дня рождения и пригласил в Астану.2. В Мажилисе поспорили о поправках по борьбе с коррупциейДепутат Мажилиса Азат Перуашев затронул вопросзапрета на выезд за рубеж для казахстанских коррупционеров. По его словам, коррупционеры, выведя средства в офшоры, отсидев небольшой срок, выходят по УДО и ""уезжают за рубеж к тем миллиардам, которые никогда бы честно не заработали"". Заместитель главы Антикора Улан Саркулов ответил, что подобные нормы ""будут внедрять по необходимости"" и нужно исходить из личной ответственности каждого. Депутата такой ответ не устроил. Он заявил, что общие рассуждения не помогают бороться с коррупцией.Азат Перуашев также предложил пересмотретьпараметры контроля мобильных переводов. По его словам, порог для контроля в 255 тысяч тенге слишком низкий и может привести к падению мобильных платежей. Он предложил установить нижний предел платежа, подлежащего мониторингу – от 3-5 тысяч тенге и более. Кроме того, общая сумма платежей в месяц должна превышать 1 миллион тенге.Другой депутат Сергей Пономаревзатронул вопрос по уголовной ответственностиза предоставление незаконного вознаграждения любому лицу, не являющемуся госслужащим. Мажилисмен поинтересовался у представителя Генпрокуратуры: не будет ли перегибов при правоприменении нового закона? И в каком случае дача вознаграждения будет законной, а в каком – нет?3. Для кого ужесточат наказание за коррупцию в КазахстанеВ Казахстане ужесточат ответственность за совершение коррупционных преступлений, но не для всех. Рассматриваемый в Мажилисе законопроект по вопросам противодействия коррупции предлагает усилить ответственность юридических лиц за такие правонарушения. Подробности читайтепо ссылке.Также предлагается ввестиответственность за обещание взятки. Уголовный кодекс Казахстана дополнится новой статьей, которая будет предусматривать ответственность занезаконное предоставление вознаграждения. В Антикоре такжепояснили, что, в связи с этой статьей, будет считаться взяткой.4. Черные ящики самолета Azerbaijan Airlines вернули в КазахстанВ Минтранспорта сообщили, что данные черных ящиков разбившегося в Актау самолета Azerbaijan Airlines (AZAL)вернули в Казахстан из Бразилиии передали комиссии для подготовки заключения. После изучения фактов комиссия представит отчет с установленной информацией и ходом расследования.Фото: instagram.com/mangystau_audany5. Отставка депутата и присяга нового мажилисменаГлава фракции НПК Магеррам Магеррамовпрокомментировал отставку депутата Гаухар Танашевой. По его словам, ее уход не связан с какими-то конкретными причинами, депутат выполнила поставленные задачи.Фото пресс-службы Мажилиса ПарламентаПрисягу в Мажилисепринес Асылбек Нуралин, который будет представлять фракцию Народной партии Казахстана вместо утратившей полномочия Гаухар Танашевой.6. Сколько грозит за провоз в Россию адраспанаВ департаменте государственных доходов по Мангистауской области сообщили, что занезаконное перемещение адраспаначерез государственную границу Российской Федерации предусмотрена уголовная ответственность в виде лишения свободы сроком от трех до семи лет со штрафом в размере до одного миллиона рублей, а за ввоз растения в особо крупном размере – лишение свободы от 15 до 20 лет.7. Массовое ДТП в Алматинской области15 января около 07:30 на 28-м километре участке автодороги Алматы – Усть-Каменогорск (направление Алматы – Конаев)произошло ДТП с участием 18 транспортных средств. Отмечается, что авария произошла в условиях густого тумана.Жертв и пострадавших в результате аварии нет. Обстоятельства происшествия уточняются.8. Пассажирка напала на сотрудника авиакомпании в аэропорту АлматыПресс-служба компании FlyArystan сообщила, что 14 января пассажирка рейса FS 7057 по маршруту Алматы – Астана напала на сотрудника наземной службы перевозчика в аэропорту Алматы. В компании заявили, что она подошла к стойке регистрации за 30 минут до вылета и не успела на посадку. После этого пассажирка вернулась в зону регистрации и начала вести себя агрессивно по отношению к сотруднику. В ходе инцидента она выбросила телефон сотрудника и нанесла удары по лицу и животу, продолжая угрожать словесно. В компании добавили, что она будет привлечена к ответственности в соответствии с действующим законодательством.9. Отношение водителя автобуса к пассажиру удивило алматинцевЭкоактивист Евгений Мухамеджанов поделился в социальных сетях историей о том, как стал свидетелем добросердечности и внимательности водителя автобуса, который помог пассажиру в инвалидной коляске. Водитель подъехал близко к бордюру, вышел, поздоровался с мужчиной и поднял помост, чтобы завезти коляску.Фото Facebook/Евгений МухамеджановИстория растрогала алматинцев, которые активно делятся ею в сети. После многочисленных просьб наградить добросердечного водителя выяснилось, что на фото блогера запечатлен Канат Ахметов – водитель городского маршрута № 66. Ему вручили ценный подарок и благодарственное письмо от акима города Ерболата Досаева.10. ДТП с участием боевых машин на трассе в Алматинской областиВ ""Казавтожоле"" сообщили, что в 13:40 водитель трала марки ""Цзефан"", следуя по автодороге Алматы - Усть-Каменогорск,допустил выпадение с трала двух единицвоенной техники МТ-ЛБ (многофункциональный тягач легкого бронирования).Посмотреть эту публикацию в InstagramПубликация от Конаев и Алматинская область (@konaevkz)В результате техника опрокинулась на проезжую часть, что привело к столкновению с сопровождающим автомобилем марки Ssang Yong Actyon. Жертв и пострадавших нет.Нажмите сюда, чтобы получать самые важные новости в вашем WhatsAppКасым-Жомарт ТокаевМажилисКоррупцияЗаконопроектРасследованиеАвиакатастрофаДТП"
2016-11-15,"Главное следственное управление по расследованию особо важных дел России возбудило уголовное дело в отношении министра экономического развития Алексея Улюкаева, сообщает корреспондентTengrinews.kzсо ссылкой на Следственный комитет РФ.Продолжение■Как живет сын арестованного министра Алексея Улюкаева16 ноября 2016, 05:44Высокопоставленного чиновника задержали 15 ноября 2016 года по результатам проведенного ФСБ комплекса оперативных мероприятий. Против Улюкаева начато расследование по признакам преступления, предусмотренного статьей 290 Уголовного кодекса РФ ""получение взятки в особо крупном размере"".""Обстоятельства преступления связаны с получением занимающим государственную должность Алексеем Улюкаевыем 14 ноября 2016 года двух миллионов долларов за выданную Минэкономразвития положительную оценку, позволившую ПАО ""НК ""Роснефть"" осуществить сделку по приобретению государственного пакета акций ПАО АНК ""Башнефть"" в размере 50 процентов"", - говорится в сообщении.В настоящее время министр задержан, и в отношении него проводятся необходимые оперативные следственные действия. В ближайшее время следствие планирует предъявить Алексею Улюкаеву обвинение и ходатайствовать об избрании меры пресечения.РоссияКоррупцияЗадержание"
2016-11-14,"Экс-президенту Международного центра приграничного сотрудничества (МЦПС) ""Хоргос"" Василию Ни продлен срок ареста, передает корреспондентTengrinews.kzсо ссылкой на пресс-службу Алматинского городского суда.""Следственным судьей Медеуского районного суда № 2 удовлетворено ходатайство следственно-оперативной группы Антикоррупционной службы РК о продлении сроков содержания под стражей в отношении Василия Ни до трех месяцев"", - сообщили в пресс-службе горсуда. Таким образом, под арестом президент МЦПС ""Хоргос"" будет находиться до 5 декабря текущего года.ОзадержанииВасилия Ни стало известно 5 сентября.  По данным Национального бюро по противодействию коррупции, он был задержан при получении взятки в размере миллиона долларов с поличным. Следствием установлено, что президент Международного центра приграничного сотрудничества ""Хоргос"" путем вымогательства через своего подчиненного руководителя отдела по работе с инвесторами Сайдуллаеву получил взятку в сумме миллиона долларов США от представителя ТОО ""Хоргос Тюльпан"" за положительное решение результатов инвестиционного тендера, а именно за признание победителем данного ТОО конкурса по строительству гостиничного комплекса пятого класса на территории международного центра.Проводится досудебное расследование.КоррупцияЗадержаниеВзятки"
2025-01-15,"В Казахстане любой вопрос можно решить за деньги. Такое мнение высказал депутат Мажилиса Сергей Пономарев, передает корреспондентTengrinews.kz.Сегодня в Мажилисе в первом чтении рассматривают законопроект по вопросам противодействия коррупции. Во время обсуждения Пономарев заявил о том, что казахстанцы часто сталкиваются с бытовой коррупцией.""Любой вопрос у нас в стране можно решить за деньги. В вузах преподаватели просят мзду за хорошую оценку. В поликлиниках врачи – за качественное лечение. Даже в банковской сфере, чтобы получить кредит, те же деньги, особенно если это льготный кредит, без этого не обходится. Законопроектом предлагается ввести уголовную ответственность за предоставление незаконного вознаграждения любому лицу, не являющемуся госслужащим. Логично, что ответственность несет как берущий незаконное вознаграждение, так и дающий его. Но тогда же дачу чаевых в кафе можно преподнести как криминал. Дал на чай – посадили за взятку"", – сказал Пономарев.Посмотреть эту публикацию в InstagramПубликация от TengriNews (@tengrinewskz)Мажилисмен поинтересовался у представителя Генеральной прокуратуры: не будет ли перегибов при правоприменении нового закона? И в каком случае дача вознаграждения будет законной, а в каком – нет?Начальник департамента координации нормотворческой деятельности Генеральной прокуратуры Альбина Маутова ответила, что данный вопрос необходимо регулировать на практике, исходя из правил.""У нас отношения между работником и работодателем регулируются трудовым законодательством. В каждой организации частного сектора есть свои акты корпоративного управления, также существует отраслевое действующее законодательство. Если в этих актах предусмотрена возможность каких-то поощрительных мер в виде вознаграждений и бонусов, то здесь она в орбиту уголовно-правовой сферы попадать не будет – если прямых запретов нет. Но если есть в отраслевых законодательствах, особенно в общественно-значимых каких-то функциях, то естественно, здесь уже будет состав преступления по вот этой новой статье"", – ответила она.По словам Альбины Маутовой, меры принимаются для того, чтобы сформировать в обществе культуру нетерпимости ко всем проявлениям коррупции.Напомним: сегодня в Мажилисе в первом чтении рассматривают законопроект по вопросам противодействия коррупции и соответствующие поправки в Кодекс об административных правонарушениях. Если документ будет принят,в Казахстане появится публичный реестр коррупционеров. Кроме того,в Уголовном кодексе появится новая статья.Читайте также:В Казахстане введут уголовную ответственность за обещание взяткиНажмите сюда, чтобы получать самые важные новости в вашем WhatsAppКоррупцияСергей ПономаревМажилисдепутатЗаконодательствоВзятка"
2016-12-20,"Задержаны госаудиторы Счетного комитета и руководство ""Казахавтодор"", сообщаетTengrinews.kzсо ссылкой на пресс-службу Антикоррупционной службы.Продолжение■Руководство ""Казахавтодор"" и госаудиторы раскаиваются в содеянном - Антикоррупционная служба23 декабря 2016, 10:35■Как коррупция сказывается на качестве дорог, рассказал Кожамжаров08 февраля 2017, 12:22■Бывших госаудиторов Счетного комитета осудили в Астане29 декабря 2017, 20:36■""Это минус тебе в работе"" - Назарбаев Касымбеку09 февраля 2018, 13:49Национальным бюро по противодействию коррупции сегодня задержаны главные государственные аудиторы Счетного комитета по контролю за исполнением республиканского бюджета Копобаева Б. и Жангирбаева А.""Должностные лица при проведении плановой проверки получили часть взятки в сумме 16 000 000 тенге от генерального директора РГП на ПХВ ""Казахавтодор"" Мукашева С. и его заместителя Шамишева Е. за неотражение в аудиторском отчете выявленных нарушений нецелевого использования бюджетных средств. В данную схему были вовлечены все руководители областных филиалов ""Казахавтодор"", которые собирали взятки для государственных аудиторов"", - говорится в распространенном сообщении.""За получение взятки в крупном размере задержаны главные государственные аудиторы Копобаева Б. и Жангирбаева А., за дачу взятки задержаны генеральный директор Мукашев С., его заместитель Шамишев Е., главный бухгалтер Курганова Ш., руководители отделов Елемесов Б., Ажигулов К., а также руководители областных филиалов ""Казахавтодор"", - говорится в информации.В настоящее время все взяткополучатели и взяткодатели водворены в ИВС ДВД Астаны. Досудебное расследование продолжается.Правоохранительные органыКоррупцияВзяткиАстана"
2024-12-20,"В Казахстане начали тестировать новую ""пилюлю"" против коррупции - систему ""окрашивания"" бюджетных денег, передаетTengrinews.kzсо ссылкой на Антикоррупционную службу.Продолжение■В сфере дорог нашли 1200 коррупционных лазеек23 января 2025, 11:17Если раньше было сложно понять, как именно тратятся выделенные средства, то теперь каждый тенге, направленный на строительство дорог или поддержку сельского хозяйства, получает свою уникальнуюцифровую метку. Борцы с коррупцией уверяют, что эта ""лечебная мера"" позволит следить за деньгами на каждом этапе: от их выделения до полного освоения.Первые ""окрашенные"" деньги уже пошли в дело. В Атырауской области на эти средства строят участок автодорогиМукур - Кульсары(2,1 миллиарда тенге), а в Карагандинской области обновляют железнодорожный маршрутДостык - Мойынты(более 160 миллиардов тенге).Под цифровой контроль взяли и микрокредиты на покупку сельхозживотных в Акмолинской области.Антикор хочет, чтобы ""окрашивание"" охватило больше отраслей.Проект по ""окрашиванию"" денег запущен на платформе цифрового тенге.""Он позволяет отслеживать использование бюджетных денег на всех этапах: от выделения до полного освоения. Каждый тенге получает уникальную цифровую метку, что исключает возможность хищений и способствует рациональному использованию бюджета"", - отметил Антикор.Ранее Антикоррупционная служба сообщала, что""окрашенные деньги"" запустят в сферу строительства дорог, однако, какие именно дороги, не уточнялось. Кроме того, следить за деньгами таким образом пообещали в самых коррумпированных сферах страны.Нажмите сюда, чтобы получать самые важные новости в вашем WhatsAppантикоррупционная службаантикорКоррупция"
2016-11-07,"Антикоррупционная служба начала проверку финансовой деятельности футбольного клуба ""Актобе"", сообщает""Диапазон""со ссылкой на источники.По данным издания, счета клуба заморожены, в связи с этим сотрудники ФК пока не могут получить зарплату за прошлый месяц. Источник также сообщил, что отрабатывается версия, по которой руководство ""Актобе"" выписало из бюджета многомиллионные премиальные за выход в первую шестерку чемпионата.Помимо финансовой стороны, антикоррупционщики продолжают расследовать на признак договорного характера матч ""Актобе"" - ""Ордабасы"", сыгранный вничью летом этого года. По имеющимся сведениям, проверяется связь представителей клубов к ставкам в букмекерской конторе.Напомним, в последнем матче первого этапа казахстанской премьер-лиги ""Актобе"" сыграл вничью 0:0 с шымкентским ""Ордабасы"" и обеспечил себе место в ТОП-6 чемпионата. В первой игре второго круга эти же команды также сыграли вничью на этот раз с редким счетом 4:4. После этого в Сети появилась аудиозапись, в которой идет речь о деньгах за договорной матч. Голоса собеседников на записи похожи на гендиректора ""Актобе"" Дмитрия Васильева и главного тренера ""Ордабасы"" Бахтияра Байсеитова.Отметим, что в прошедшем сезоне КПЛ ""Актобе"" занял шестое место. Клуб впервые с 2004 года закончил сезон без медалей чемпионата.Ранее ""Актобе""опубликовалзарплатную ведомость команды. Самым высокооплачиваемым оказался экс-форвард клуба Алексей Щеткин, получавший девять миллионов тенге в месяц. Позже ""Диапазон""раскрылнекоторые подробности контрактов, из которых следует, что ряд игроков зарабатывал больше оклада за счет некоторых бонусов.ФутболКоррупцияАктобе ФК"
2024-02-19,"В Агентстве по противодействию коррупции рассказали, сколько дел о коррупции было заведено за время их существования и сколько коррупционеров в итоге привлекли к ответственности, передает корреспондентTengrinews.kz.В ответ на запрос редакции в Антикоррупционной службе рассказали, сколько фактов коррупции было выявлено за период их работы и сколько человек ежегодно судят за коррупционные преступления. Отметим, что антикоррупционное ведомство было образовано в 2014 году взамен упраздненного ""финпола"" - Агентства по борьбе с экономической и коррупционной преступностью. В 2015 оно было переименовано в Национальное бюро по противодействию коррупции. Антикор предоставил данные именно за период с 2015 года.Всего за 8 лет, с 2015 по 2023 год, было зарегистрировано19 тысяч 778 коррупционных преступлений. Пик регистрации пришелся на 2016-й год - 2807 преступлений, а затем ежегодно их число уменьшалось в среднем на 100-200 в год. Наименьшее число подобных преступлений зарегистрировали в 2021 году - 1 557, после чего в 2022 (1 724) и 2023 (1 692) годы их число снова немного выросло.При этом далеко не все дела о коррупции были в итоге доведены до суда. Всего за 8 лет в суд направлено более14 тысяч дел. Пик пришелся на 2016-й год - 2 128, после чего ежегодно число направленных в суд дел уменьшалось ежегодно (1 981 в 2017-м, 1 767 в 2020-м) вплоть до 1 150 дел в 2021 году. В последние два года число дел о коррупции, рассматриваемых в судах, немного выросло - до 1 221 в прошедшем 2023 году.Иллюстрация: Тengrinews.kz/Акмарал КарашонОтметим, что прошедшие 8 лет связаны с широко известными и яркими ""коррупционными кейсами"". Так, 2015-й запомнился делами о строителях объектов выставки ""ЭКСПО-2017"", по которому были задержаны руководитель компании, ответственной за выставку, Талгат Ермегияев и его руководитель по строительству Кажимурат Усенов. В 2016 году бывший президент МЦПС ""Хоргос"" Василий Ни был арестован при получении взятки в 1 миллион долларов с поличным, однако позже его освободили от уголовной ответственности. 2017 год запомнился всем громким делом министра национальной экономики Куандыка Бишимбаева.В 2019 году, когда было зафиксировано 2245 коррупционных преступлений, разгорелся скандал вокруг дела о руководителях ""Астана LRT"". По делу также проходил заместитель акима Астаны Канат Султанбеков. На следующий год в СМИ уже прогремел другой коррупционный скандал после ареста министра здравоохранения Елжана Биртанова и вице-министра Олжаса Абишева, которых обвиняли в хищениях в ходе реализации программы по цифровизации области здравоохранения.2022 год (1 267 дел о коррупции в судах) вошел в историю страны по наибольшему количеству громких коррупционных расследований. Под арест были взяты бывший председатель КНБ и премьер-министр Карим Масимов. В числе других преступлений ему вменялись и факты получения крупных взяток. Бизнесмен и олигарх Кайрат Боранбаев был задержан по делу о коррупции при закупке сжиженного нефтяного газа, а его ""коллега по крупному бизнесу"" Кайрат Сатыбалдыулы по делу о хищениях в ""Казахтелекоме"" и других крупных компаниях. К суду также были привлечены экс-министр юстиции Марат Бекетаев и депутат Мажилиса Нуржан Альтаев.Иллюстрация: Тengrinews.kz/Акмарал КарашонПо статистике Антикора, с 2016 года, то есть за семь лет, за коррупцию и преступления, связанные с ней, были осуждены7 539 человек, включая чиновников и взяткодателей. В 2016 году к ответственности привлекли 903 коррупционера, в 2017-м - 1 001. Пик по осужденным за коррупцию пришелся на 2020 год - 1 021 человек. После этого число осужденных ежегодно падало до наименьших 725 человек в 2022 году. В 2023 году однако число осужденных снова выросло до916.Какими же приговорами за коррупцию запомнились прошедшие годы? В 2016 году экс-руководитель нацкомпании ""ЭКСПО""Талгат Ермегияев был приговорен к 14 годам строгого режима. Он продолжает отбывать наказание в исправительном учреждении. В 2018 годук 10 годам лишения свободы был приговорен экс-министр Куандык Бишимбаев, однако он вышел из заключения уже на следующий год в сентябре 2019-го. В итоге он снова оказался за решеткой, но уже по обвинению в убийстве.В 2020 году бывший аким Кызылординской областиКуанышбек Искаков был приговорен к семи годам лишения свободыза мошенничество. Другой экс-аким Павлодарской областиБулат Бакауов был приговорен к ограничению свободы на 3,5 годапо обвинению в превышении должностных полномочий, однако уже в 2023 году он был признан невиновным.В 2022 году предприниматель, тесно взаимодействующий с госкомпаниями Кайрат Сатыбалдыулы, был приговорен к шести годам лишения свободы. Он такжевернулгосударству 650 миллиардов тенге. В этом году также был вынесен приговор в отношенииЕлжана Биртанова и вице-министра Олжаса Абишева. Им назначили наказание в виде ограничения свободы сроком на пять лет и четыре года.В сентябре 2023 годаКайрата Боранбаева приговорили к шести годамколонии общего режима, однако в ноябре наказание заменили на ограничение свободы по неотбытому сроку. Другой осужденный в 2023 году -экс-министр культуры и директор Национального музея Арыстанбек Мухамедиулы, приговоренный к 8 годам,остался за решеткой и, более того, наказание емуувеличилидо 11 лет после того, как вскрылись факты его попытки выйти из заключения за взятку.В октябре 2023 года бывший вице-министр индустрии и инфраструктурного развитияТимур Токтабаевполучил семь летлишения свободыза злоупотребление должностными полномочиями, повлекшими тяжкие последствия. Защита пыталась подать апелляцию на приговор, однако суд удовлетворил апелляцию прокурора и перевел осужденного из учреждения минимальной безопасности в средней безопасности. В конце 2023 года по делу о создании преступной схемы перевалки грузов из Китая в Казахстан по статье о злоупотреблении властьюбылосужденэкс-заместитель председателя КНБ - бывший директор Пограничной службы Дархан Дильманов. Его приговорили к четырем года лишения свободы с конфискацией имущества.Тем временем среди бывших казахстанских чиновников и топ-менеджеров есть те, кому удалось бежать от правосудия. В розыске до сих пор находятсяэкс-аким Астаны Канат Султанбеков и бывший руководитель ТОО LRT Талгат Ардан. Ранее оба были заочно осуждены по громкому коррупционному делу, связанному с реализацией проекта легкорельсового транспорта в столице.Также в розыске находитсяэкс-аким Атырау и Атырауской области Бергей Рыскалиев, которого обвинили в хищении бюджетных средств в крупном размере и создании преступной группы.Наши новости теперь в WhatsApp! Подписывайтесь на наш канал в самом популярном мессенджереВзяткиКоррупцияПреступленияСудантикоррупционная службаНаказание"
2016-11-08,"Вице-премьер, министр сельского хозяйства РК Аскар Мырзахметов прокомментировал задержание председателя Комитета ветеринарного контроля и надзора МСХ Сакташа Хасенова, передает корреспондентTengrinews.kz.Мырзахметов выразил сожаление в связи с произошедшим фактом, отметив, что именно в области ветеринарии сейчас министерство принимает ряд достаточно серьезных мер для того, чтобы усилить ветеринарную деятельность.""В настоящее время Хасенов от должности не освобожден. Как вы знаете, когда происходят такие факты, нельзя освобождать от должности до вынесения решения суда. После того как суд примет решение, решение будем принимать и мы"", - отметил Мырзахметов.Говоря о деятельности Хасенова по выдаче разрешений на ввоз мясной продукции на территорию Казахстана, вице-премьер ответил, ""что бояться некачественного мяса не стоит, взятки председателя комитета не связаны с запрещенным провозом"".""Что касается импорта мясной продукции, то есть существующий порядок и абсолютно с этим (подозрениями в адрес Хасенова - прим. автора) не связано. И любой импорт, который поступает, завозится в страну в установленном порядке"", - подчеркнул глава МСХ.Сакташ Хасенов был задержан 4 ноября за неоднократное получение взяток. Он полностью признал свою вину. Как рассказали в Антикоррупционной службе, на взятки глава Комитета ветконтроля и надзоракупил новый внедорожник. Как позже отметили в Агентстве по делам госслужбы и противодействию коррупции,выявлены серьезные коррупционные рискив деятельности Министерства сельского хозяйства и местных исполнительных органов в сферах ветеринарно-санитарного контроля и аграрного сектора.Хасенов был назначен председателем Комитета ветеринарного контроля и надзора Министерства сельского хозяйства Казахстана в июне 2015 года. До этого он возглавлял Комитет государственной инспекции в агропромышленном комплексе МСХ РК. Также он дважды назначался вице-министром сельского хозяйства Казахстана: в 2005-2006 и 2010-2011 годах.КоррупцияВзятки"
2016-11-28,"В Южно-Казахстанской области завершено расследование уголовного дела в отношении заместителя директора Департамента автомобильных дорог области, передает корреспондентТengrinews.kzсо ссылкой на пресс-службу Агентства по делам госслужбы и противодействию коррупции.По данным ведомства,  Сейдувалиев в сговоре с руководителем компании Strike and Co Садырбаевым совершил коррупционное преступление. Он путем завышения фактической стоимости земельных участков похитил бюджетные деньги в размере 68 миллионов тенге. Данные средства были выделены на закупку участков для строительства автомагистрали Западная Европа - Западный Китай.Как сообщили в агентстве, аналогичные преступления пресечены и в других регионах. В частности, в Акмолинской, Жамбылской, Северо-Казахстанской, Западно-Казахстанской и Костанайской областях.Ранее былиназваныкоррупционные риски при строительстве дорог в Казахстане. Среди причин, способствующих совершению коррупции, - нарушения правил проведения госзакупок при определении поставщика услуг. Завышение стоимости проекта при разработке проектно-сметной документации также является фактором коррупции. Кроме того, агентство указало на наличие ""откатов"" должностным лицам и экономию средств на строительных материалах.Южно-Казахстанская областьКоррупция"
2016-12-13,"Стали известны подробности задержания главы таможенного поста ""Костанай-ЦТО"", сообщаетTengrinews.kzсо ссылкой на пресс-службу Департамента Национального бюро по противодействию коррупции по Костанайской области.Продолжение■Осуждены 8 сотрудников таможенного поста ""Костанай-ЦТО""05 января 2018, 11:59В ведомстве сообщили о задержании руководителя таможенного поста ""Костанай-ЦТО"" ДГД области.""Установлено, что Нургазина Л. создала преступную схему по получению взяток на системной основе от физических лиц за ускоренное таможенное оформление товаров. В данную схему было вовлечено 11 должностных лиц таможенного поста и более 30 предпринимателей. Каждому участнику была отведена своя роль. Общую координацию осуществляла Нургазина Л., роль кассира выполнял специалист таможенного поста Жаксалыков М."", - говорится в распространенной информации.Сумма полученных взяток в период с ноября по декабрь этого года составила более десяти миллионов тенге. В настоящее время Нургазина и Жаксалыков в соответствии со статьей 128 УПК РК задержаны и водворены в ИВС УВД Рудного. Проводится досудебное расследование.Правоохранительные органыКостанайская областьКоррупция"
2024-12-25,"Посольство США в Кыргызстане опубликовало заявление после критики президента страны Садыра Жапарова в адрес американского Госдепа, передаетTengrinews.kzсо ссылкой наKaktus.media.Жапаров, выступая 21 декабря на народном курултае, раскритиковал Госдеп США за поддержку неправительственных организаций и СМИ, которые, по его словам, создают негатив в обществе.В дипмиссии отметили, что независимые СМИ играют важную роль в развитии государства. Помощь Госдепа направлена на поддержку кыргызскоязычных СМИ и расследовательской журналистики, которые вносят существенный вклад в борьбу с коррупцией.""Посольство США гордится тем, что предоставляет финансовую помощь, которая поддерживает кыргызстанцев через партнерство с правительством и местными организациями. В области журналистики наша помощь направлена на финансирование программ по фактчекингу, поддержку кыргызскоязычной журналистики и помощь журналистам-расследователям, раскрывающим правонарушения, включая коррупцию.Независимые СМИ, выполняющие контрольные функции в обществе, имеют ключевое значение для любого правительства, которое эффективно реагирует на запросы граждан и борется с коррупцией. Мы реализуем наши программы помощи в сотрудничестве с кыргызским правительством, стремясь к общей цели – поддержке справедливой, безопасной и процветающей Кыргызской Республики"", – говорится в заявлении американского посольства.Нажмите сюда, чтобы получать самые важные новости в вашем WhatsAppСШАПосольство СШАБишкекКыргызстанСМИФинансированиеКоррупция"
2016-11-04,"Задержан председатель Комитета ветеринарного контроля и надзора МСХ РК, передаетTengrinews.kzсо ссылкой на пресс-службу Нацбюро по противодействию коррупции, за неоднократное получение взяток.Продолжение■Новый внедорожник купил на взятки арестованный Сакташ Хасенов - Антикоррупционная служба07 ноября 2016, 10:41■В МСХ РК прокомментировали задержание главы комитета07 ноября 2016, 16:47■В деятельности Минсельхоза РК выявлены серьезные коррупционные риски07 ноября 2016, 17:33■Экс-главе Комитета МСХ РК Сакташу Хасенову продлили арест06 января 2017, 12:21■Прокуроры по делу Сакташа Хасенова назвали размер взятки за ввоз мяса из Украины в РК01 июня 2017, 11:37""Национальным бюро по противодействию коррупции за неоднократное получение взяток задержан председатель Комитета ветеринарного контроля и надзора Министерства сельского хозяйства Республики Казахстан Хасенов С."", - сообщила пресс-служба антикоррупционной службы.""Установлено, что председатель Комитета Хасенов С. по предварительному сговору со своим доверенным лицом Решетько Е., которая ранее работала в министерстве, организовал преступную схему по выдаче разрешений на ввоз мясной продукции на территорию Казахстана. Хасенов С. на системной основе получал взятки по установленной ""таксе"". Так, при получении очередной взятки в размере пяти миллионов тенге от руководителей ТОО ""Хладоленд"" за выдачу разрешения на ввоз и беспрепятственный провоз по территории Казахстана 1 000 тонн мяса птицы Хасенов С. и Решетько Е. задержаны Антикоррупционной службой. Хасенов С. и Решетько Е. полностью признали вину"", - отмечается в распространенном сообщении.В настоящее время Хасенов С. водворен в ИВС ДВД Астаны. Проводится досудебное расследование.Сакташ Хасеновбыл назначенпредседателем Комитета ветеринарного контроля и надзора Министерства сельского хозяйства Казахстана в июне 2015 года. До этого он возглавлял Комитет государственной инспекции в агропромышленном комплексе МСХ РК.Сакташ Хасенов окончил Ленинградский сельскохозяйственный институт в 1982 году по специальности ""Агрономия"". Трудовую деятельность начал с должности главного агронома совхоза ""Карамыш"" Псковской области. В 1997-2000 годах работал директором совхоза имени ""30 лет Целины"" в Костанайской области, начальником Костанайского областного территориального управления Минсельхоза, в 2000-2005 годах занимал различные должности в Министерстве сельского хозяйства РК, дважды назначался вице-министром сельского хозяйства Казахстана: в 2005-2006 и 2010-2011 годах.КоррупцияВзятки"
2016-12-12,"50 процентов коррупционных правонарушений в сфере образования совершаются при финансировании дошкольных организаций, передаетTengrinews.kzсо ссылкой на Агентство РК по делам госслужбы и противодействию коррупции.Согласно результатам социологических исследований, сфера образования занимает высокое место по индексу восприятия коррупции в Казахстане.""Более 50 процентов коррупционных правонарушений совершается при финансировании дошкольных организаций. Проведенный анализ показал, что в основном они связаны с хищением, злоупотреблением должностными полномочиями, взяточничеством и служебным подлогом. К примеру, в Махтааральском районе Южно-Казахстанской области выявлены факты хищений бюджетных средств в размере более 100 миллионов тенге при реализации госпрограмм ""Балапан"" и ""Развитие образования на 2016-2019 годы"", - говорится в пресс-релизе ведомства.Сообщается, что акимы сельских округов Алиев, Ибрагимов, Калдыбаев, Туршаев, Еримбетов, Бектурсынов, Сатыбалдиев состояли в сговоре с руководителями аффилированных дошкольных учреждений, искусственно увеличив количество воспитанников, перечисляли на их содержание денежные средства, которые впоследствии расхищались.По данным ведомства, только за период с 2013 по 2015 год выявлено свыше тысячи детей, одновременно числящихся в нескольких дошкольных учреждениях. Наряду с этим выявлены многочисленные нарушения санитарно-эпидемиологических норм, практически все детсады не соответствовали установленным требованиям, использовались подложные заключения санитарно-эпидемиологических органов, что в конечном итоге поставило под угрозу жизни и здоровье детей.""Аналогичные коррупционные преступления пресечены в Алматинской, Восточно-Казахстанской, Жамбылской, Кызылординской, Мангистауской и Костанайской областях. Анализ показал, что основной причиной совершения этих и других преступлений послужило несовершенство правовых механизмов реализации программ. Так, на сегодняшний день отсутствуют единые подходы при размещении госзаказа в дошкольных организациях, что позволяет должностным лицам местных исполнительных органов по своему усмотрению определять порядок конкурсного отбора"", - добавили в агентстве.Также, согласно сообщению ведомства, не регламентированы правовой статус и состав комиссии, порядок ее создания, а также механизмы проведения конкурсов. ""К примеру, в Костанае приказ о создании конкурсной комиссии по размещению госзаказа в дошкольных организациях подписан руководителем отдела образования города. При этом в его состав включены исключительно должностные лица отдела без участия общественности и депутатов. Такая ситуация сложилась и в других регионах страны, где составы комиссий утверждаются руководителями различных уровней"", - рассказали в Агентстве по делам госслужбы и противодействию коррупции.""Анализ реестра госуслуг показал, что вопросам социальной защиты ребенка (рождение и опекунство, воспитание, образование, досуг, содержание и обеспечение) посвящена 31 услуга. Из них предоставляются только в бумажной форме 15 услуг, в электронной и (или) бумажной – 16, исключительно в электронной - 0. Прямой контакт населения с услугодателями способствует системным нарушениям прав граждан и является причиной совершения коррупционных правонарушений"", - говорится в пресс-релизе.Еще одним коррупционным фактором, по данным агентства, является существующая система формирования списка очередности в детские сады.""В настоящее время постановка ребенка в очередь автоматизирована через веб-портал ""Электронного правительства"" либо Государственную корпорацию ""Правительство для граждан"", которые выполняют лишь посредническую функцию. Список до сих пор формируется и контролируется территориальными подразделениями образования и сельскими акимами самостоятельно, что дает им возможность злоупотреблять должностными полномочиями"", - сообщает ведомство.""Другой немаловажной проблемой являются ""поборы"" в учреждениях образования. Так, на сегодняшний день в детских садах и школах активно функционируют ""родительские комитеты"", которые занимаются организационными вопросами, в том числе сбором денежных средств. При этом цели, сроки и размеры сборов устанавливаются по усмотрению работников организаций образования"", - заключили в Агентстве по делам госслужбы и противодействию коррупции.В агентстве подчеркивают, что вопросы защиты прав ребенка, регулируются в основном подзаконными нормативными правовыми актами. ""В законе ""Об образовании"" насчитывается более 250 отсылочных норм, из них порядка 100 касаются дошкольного воспитания и обучения. Это противоречит закону ""О правах ребенка"", где четко предусмотрено, что государственная политика в интересах детей должна быть основана на законодательном обеспечении прав ребенка, включая право на образование. Более того, закон ""Об образовании"" с 2007 года претерпел многочисленные изменения и дополнения (более 40 раз), что указывает на несовершенство законодательства"", - отметили в АДГСПК РК.В этой связи агентство настоятельно рекомендует Министерству образования и науки и местным исполнительным органам разработать единый нормативный правовой акт, регламентирующий порядок размещения государственного образовательного заказа, планирования и финансирования дошкольного воспитания и обучения, кардинально пересмотреть механизмы формирования списка очередности в дошкольные образовательные учреждения, предусмотрев максимальную прозрачность и исключение возможности манипулировать внесенными данными, оказывать государственные услуги в сфере дошкольного образования только в электронной форме, публиковать на своих сайтах полную информацию о финансировании учреждений образования, рассмотреть вопрос об упразднении родительских комитетов с активной и широкой реализацией института попечительских советов, а также в целях исключения выявленных коррупционных рисков, повышения качества и конкурентоспособности национального образования, систематизации норм права разработать и принять Кодекс об образовании.АДГСПК РК считает целесообразным проведение глубокого внутреннего анализа и последующего устранения коррупционных рисков в деятельности дошкольных учреждений.ОбразованиеКоррупция"
