News Link,Date
/other/eks-premer-mali-arestovan-po-obvineniyu-v-korruptsii-446920/,2021-08-27
/kazakhstan_news/chinovnitsa-iz-mangistau-zaplatit-pyatimillionnyiy-shtraf-388958/,2020-01-17
/sng/gulnara-karimova-v-blijayshie-dni-predstanet-pered-sudom-smi-329753/,2017-10-29
/kazakhstan_news/narusheniya-34-milliarda-tenge-vyiyavili-organyi-gosaudita-332579/,2017-12-05
/crime/vrachi-atyirau-ubili-mladentsa-ne-peredelyivat-dokumentyi-380763/,2019-10-04
/kazakhstan_news/osujdennyiy-eks-akim-kostanaya-poprosil-dosrochnom-361143/,2019-01-10
/kazakhstan_news/slujaschih-kakih-ministerstv-chasche-lovili-korruptsii-528510/,2024-03-06
/crime/politseyskih-spetstsona-almatyi-osudili-vzyatku-snyatie-avto-348277/,2018-07-04
/kazakhstan_news/osujden-eks-vitse-ministr-i-byivshiy-zamakima-almatyi-511549/,2023-09-26
/kazakhstan_news/doljnostnyie-litsa-ministerstva-kulturyi-podozrevayutsya-356651/,2018-11-01
/crime/byivshiy-direktor-detdoma-1-chinovnik-akimata-almatyi-323689/,2017-08-05
/crime/rukovoditelya-otdela-slujebnyih-rassledovaniy-dgd-almatyi-314429/,2017-03-18
/kazakhstan_news/paket-deneg-bagajnike-chinovnika-prigovorili-11-godam-541765/,2024-07-18
/kazakhstan_news/obogatilis-na-elke-dlya-detey-chinovnikov-sudyat-v-atyirau-380608/,2019-10-03
/kazakhstan_news/uscherb-100-millionov-tenge-podozrevayut-rabotnikov-akimata-543114/,2024-07-30
/world_news/eks-prezidenta-yujnoy-korei-prigovorili-k-24-godam-tyurmyi-341495/,2018-04-06
/kazakhstan_news/vozmojno-korrumpirovannyie-deputat-raskritikoval-chinovnikov-551184/,2024-10-16
/crime/politseyskiy-vyimogal-polmilliona-tenge-kollegi-shyimkente-379790/,2019-09-23
https://tengrisport.kz/tnsport/200-milliardov-tratah-kazahstanskih-klubov-rasskazali-538829/,2024-06-19
/kazakhstan_news/akimov-selskih-okrugov-almatinskoy-oblasti-zaveli-ugolovnyie-399838/,2020-04-23
/kazakhstan_news/kazahstanskie-chinovniki-otkazalis-podarkov-23-milliona-560614/,2025-01-28
/kazakhstan_news/chi-deklaratsii-stanut-publichnyimi-2025-goda-perechen-541569/,2024-07-19
/news/evropeyskie-ekspertyi-vpervyie-otsenivayut-448333/,2021-09-13
/kazakhstan_news/vyisokopostavlennogo-pavlodarskogo-chinovnika-podozrevayut-436117/,2021-04-30
/kazakhstan_news/mertvyie-dushi-nashli-v-podvedomstvennoy-organizatsii-msh-rk-308497/,2016-12-20
/events/nachalnika-upravleniya-delam-oboronyi-osudili-vzyatku-307202/,2016-11-30
/kazakhstan_news/poyavilis-podrobnosti-zaderjaniya-akima-bagdata-karasaeva-546900/,2024-09-04
/kazakhstan_news/zelenskiy-prizval-proverit-deputatov-na-detektore-lji-382318/,2019-10-23
/events/sudispolniteli-arestovali-prodali-elitnyiy-mercedes-321546/,2017-07-03
/crime/zaderjan-rejisser-talgad-janyibekov-advokat-309035/,2016-12-28
/kazakhstan_news/nachalnik-kolonii-hotel-obmanut-zaklyuchennogo-6-millionov-555042/,2024-11-25
/crime/prestupleniya-politseyskih-perechislil-glava-mvd-500063/,2023-05-25
/crime/ozvuchen-prigovor-nachalniku-upravleniya-dchs-almatyi-519929/,2023-12-12
/asia/glavu-samsung-doprosyat-kachestve-podozrevaemogo-delu-309835/,2017-01-11
/kazakhstan_news/nazarbaev-vstretilsya-s-shpekbaevyim-414230/,2020-09-15
/kazakhstan_news/sestra-nachalnika-kolonii-chernyiy-berkut-moego-brata-413019/,2020-09-03
/kazakhstan_news/uscherb-ot-korruptsii-v-goszakupkah-podschitali-v-kazahstane-387437/,2019-12-26
/kazakhstan_news/nachalniki-voinskoy-chasti-poluchali-vzyatki-v-zko-380997/,2019-10-08
/kazakhstan_news/stukachestvo-grajdanskaya-pozitsiya-ekspertyi-240-tyisyachah-346203/,2018-06-08
/kazakhstan_news/kazahstane-reshili-borotsya-korruptsiey-pomoschi-emodzi-365996/,2019-03-28
/asia/yujnoy-koree-obyiskali-ofisyi-lotte-fone-skandala-vokrug-306779/,2016-11-24
/crime/osujden-eks-direktor-filiala-ktj-424588/,2020-12-30
/kazakhstan_news/nachalnika-depo-posadili-vzyatku-15-milliona-tenge-553509/,2024-11-10
/kazakhstan_news/tokaev-provel-soveschanie-po-borbe-s-korruptsiey-411735/,2020-08-19
/kazakhstan_news/poyavilos-video-zaderjaniya-zamnachalnika-duis-379830/,2019-09-23
/kazakhstan_news/nedostatki-v-rabote-komiteta-minekologii-obsudili-v-akorde-386325/,2019-12-11
/crime/zaderjan-glava-slujbyi-pojarotusheniya-v-sko-374479/,2019-07-22
/kazakhstan_news/14-millionov-tenge-vyiplatili-soobschivshim-vzyatkah-405853/,2020-06-19
/kazakhstan_news/1300-smartfonov-izyyali-studentov-ekzamenah-magistraturu-376673/,2019-08-16
/kazakhstan_news/kommentariyah-internete-vyiskazalis-agentstve-delam-385790/,2019-12-05
/kazakhstan_news/12-millionov-poluchil-kazahstanets-soobschenie-korruptsii-489055/,2023-01-20
/kazakhstan_news/okrashennyiy-tenge-pomojet-borotsya-korruptsiey-otkatami-532143/,2024-04-15
/kazakhstan_news/glava-gask-pyitalsya-nekrasivo-trudoustroit-mat-karagande-374991/,2019-07-26
/kazakhstan_news/shpekbaev-zayavil-ob-usilenii-antikorruptsionnoy-slujbyi-374587/,2019-07-23
/kazakhstan_news/vernuli-857-milliardov-glava-antikora-dolojilsya-tokaevu-515995/,2023-11-06
/kazakhstan_news/nazvanyi-summyi-vzyatok-v-gosuchrejdeniyah-kazahstana-425808/,2021-01-13
/kazakhstan_news/glava-oblzdrava-zko-zaderjan-smi-418501/,2020-10-29
/crime/sotrudniki-kyizyilordinskogo-oblzdrava-podozrevayutsya-406531/,2020-06-26
/kazakhstan_news/otmenu-opravdatelnogo-prigovora-eks-glave-kazselezaschityi-542656/,2024-07-26
/kazakhstan_news/direktor-kyizyilordinskoy-shkolyi-pyitalas-poluchit-vzyatku-385062/,2019-11-27
https://tengrisport.kz/tnsport/vzyatka-17-milliona-zaversheno-sledstvie-glave-upravleniya-550603/,2024-10-10
/kazakhstan_news/eks-glave-pogranslujbyi-rk-mogut-sokratit-srok-amnistii-311228/,2017-01-31
/kazakhstan_news/bezobrazie-zamestitel-shpekbaeva-potreboval-navesti-poryadok-347715/,2018-06-28
/kazakhstan_news/almatyi-predlojili-otmenit-zachislenie-shkolyi-325159/,2017-08-25
/kazakhstan_news/ogromnyie-sredstva-veter-antikor-nachal-proveryat-minselhoz-451244/,2021-10-14
/kazakhstan_news/zaderjan-akim-rayona-turkestanskoy-oblasti-350091/,2018-07-25
/kazakhstan_news/hudaybergenov-situatsiya-gosslujbe-dostigla-pika-403385/,2020-05-25
/kazakhstan_news/korobka-konfet-million-tenge-budet-schitatsya-vzyatkoy-559751/,2025-01-15
/kazakhstan_news/sertifikatyi-ent-prodavali-v-vko-nazvana-tsena-524174/,2024-01-24
/autonews/kogo-smogut-sudit-za-vzyatki-s-2025-goda-v-kazahstane-542099/,2024-07-22
/kazakhstan_news/prokurora-podsudimogo-slushaniya-delu-eks-deputata-altaeva-514833/,2023-10-27
/kazakhstan_news/antikore-rasskazali-ugolovnyih-delah-sfere-zemelnyih-503646/,2023-07-01
/latin/desyatki-eks-chinovnikov-okazalis-sledstviem-delu-korruptsii-476040/,2022-08-23
/kazakhstan_news/kojamjarov-vyiskazalsya-o-prekraschenii-dela-manzorova-384603/,2019-11-21
/kazakhstan_news/poyavilos-video-po-delu-glavyi-komiteta-vodnyih-resursov-365364/,2019-03-19
/kazakhstan_news/antikorruptsionnyiy-hab-biznesmenov-tyurkoyazyichnyih-stran-353446/,2018-09-12
https://tengrisport.kz/world-cup-2022/katar-obvinili-podkupe-sbornoy-ekvadora-radi-pobedyi-matche-483479/,2022-11-18
/kazakhstan_news/skolko-perekupschiki-nakruchivayut-biletyi-poezd-atyirau-350011/,2018-07-24
https://tengrisport.kz/around_sports/dvukratnogo-chempiona-mira-pyitalis-podkupit-kosmicheskuyu-532231/,2024-04-13
/kazakhstan_news/nazvanyi-novyie-sroki-obschaya-stoimost-stroitelstva-lrt-507204/,2023-08-10
/crime/otsrochka-armii-inspektora-zapodozrili-obmane-prizyivnikov-400714/,2020-04-30
/crime/eks-glavvracha-detskoy-bolnitsyi-podozrevayut-hischenii-38-380770/,2019-10-04
/kazakhstan_news/deputatyi-predlojili-snizit-uroven-zaschityi-informatorov-462045/,2022-02-16
/kazakhstan_news/milliardnyie-otchisleniya-komiteta-nauki-mon-nazvali-361565/,2019-01-18
/sng/arestovan-sovetnik-karimova-kotorogo-mirzieev-nazval-vorom-338933/,2018-03-02
/kazakhstan_news/zahoronenie-sibirskoy-yazvyi-nashli-15-metrah-doma-uralske-516548/,2023-11-11
/crime/troih-politseyskih-v-almatyi-oshtrafovali-za-moshennichestvo-357738/,2018-11-15
/kazakhstan_news/jitelnitsu-almatyi-sudyat-za-video-co-shkolnogo-sobraniya-308973/,2016-12-27
/crime/ot-30-250-tyisyach-tenge-antikore-rasskazali-vzyatkah-454426/,2021-11-20
/kazakhstan_news/zaderjanie-politseyskih-prokommentirovali-v-almatyi-411647/,2020-08-18
/crime/9-tyisyach-napisali-zayavleniya-garant-24-estate-lombard-404394/,2020-06-04
/kazakhstan_news/sistematicheskih-vzyatkah-trassah-zapodozrili-politseyskih-394332/,2020-03-12
/crime/almatyi-spustya-9-let-osudili-sledovateley-poluchenie-319115/,2017-05-30
/kazakhstan_news/treboval-oplatit-uchebu-syina-vyinesen-prigovor-chinovniku-548220/,2024-09-17
/kazakhstan_news/korruptsiya-atyirauskoy-oblasti-nedopustimo-vyisokom-urovne-382967/,2019-10-31
/kazakhstan_news/10-let-lisheniya-svobodyi-zaprosil-prokuror-eks-glavyi-320667/,2017-06-20
/kazakhstan_news/podrobnosti-zaderjanii-politseyskoy-nachalnitsyi-donenbaevoy-511844/,2023-09-28
/kazakhstan_news/vzyatku-million-tenge-zaderjan-rukovoditel-upravleniya-truda-312175/,2017-02-14
/kazakhstan_news/eks-sotrudnik-knb-rasskazal-ob-afere-v-aktyubinskoy-oblasti-310068/,2017-01-15
/world_news/obyiski-po-delu-o-korruptsii-proshli-v-ofisah-evroparlamenta-485897/,2022-12-13
/crime/delo-eks-nachalnika-departamenta-oboronyi-kyizyilordinskoy-345195/,2018-05-26
/kazakhstan_news/chinovnika-iz-atyirauskoy-oblasti-zapodozrili-v-korruptsii-379214/,2019-09-16
/kazakhstan_news/kajdyiy-den-o-korruptsii-soobschayut-5-6-kazahstantsev-374864/,2019-07-25
/kazakhstan_news/eks-glavu-otdela-obrazovaniya-direktorov-shkol-osudili-aktau-542967/,2024-07-29
/kazakhstan_news/prosyat-200-300-tyisyach-tenge-doljnost-uchitelya-almatinka-428819/,2021-02-12
/kazakhstan_news/zvonka-call-tsentr-turkestanskoy-oblasti-nachato-385900/,2019-12-06
/kazakhstan_news/prestupnyie-shemyi-stali-bolee-izoschrennyimi-glava-antikora-456148/,2021-12-09
/crime/natsbyuro-zaderjalo-rukovoditelya-ubop-dvd-na-transporte-353498/,2018-09-13
/newseducation/bolshoy-srok-rastratu-millionov-tenge-poluchila-direktor-522565/,2024-01-09
/kazakhstan_news/5-tyisyach-tenge-propuskayut-blokpost-aktyubinskoy-oblasti-397925/,2020-04-08
/kazakhstan_news/vzyatku-osudili-eks-rukovoditelya-otdela-gorzdrava-almatyi-466212/,2022-04-11
/kazakhstan_news/pamyatki-hotyat-vruchat-kazahstanskim-chinovnikam-372317/,2019-06-26
/kazakhstan_news/kazahstanskogo-akima-osudili-za-korruptsiyu-438608/,2021-05-27
/crime/novyiy-vnedorojnik-kupil-vzyatki-arestovannyiy-saktash-305595/,2016-11-07
/crime/knb-utochnili-chem-podozrevaetsya-zampred-pravitelstva-317765/,2017-05-11
/kazakhstan_news/3-millionnyiy-shtraf-vyipisali-glavnomu-veterinaru-375353/,2019-07-31
/article/kak-vyiglyadyat-shkolyi-astanyi-s-korruptsionnyim-vkladom-2323/,2024-02-02
/kazakhstan_news/12-let-zaprosili-dlya-kuandyika-bishimbaeva-337771/,2018-02-19
/kazakhstan_news/eks-pomoschnika-akima-pavlodara-otpravili-v-koloniyu-520251/,2023-12-14
/crime/direktora-tsentra-bezdomnyih-almatyi-obvinyayut-hischenii-338684/,2018-02-27
/kazakhstan_news/v-natsbyuro-rasskazali-ob-ustranenii-lazeek-dlya-korruptsii-322981/,2017-07-25
/kazakhstan_news/stali-izvestnyi-podrobnosti-zaderjaniya-akima-almatinskoy-428431/,2021-02-09
/news/fsms-oshtrafoval-medorganizatsii-46-milliarda-tenge-410731/,2020-08-08
/kazakhstan_news/sotrudniki-duis-nur-sultana-okazalis-pod-sledstviem-437514/,2021-05-17
/kazakhstan_news/atyirau-politseyskomu-vyinesli-prigovor-pomosch-uklonenii-486111/,2022-12-15
/kazakhstan_news/nazvana-summa-uscherba-ekonomicheskih-prestupleniy-313861/,2017-03-10
/europe/almaznyiy-magnat-predstal-pered-sudom-po-delu-o-korruptsii-425696/,2021-01-12
/kazakhstan_news/kazahstanets-otpravil-sude-po-pochte-pismo-s-dengami-386389/,2019-12-12
/kazakhstan_news/naznachenyi-oblastnyie-rukovoditeli-antikorruptsionnoy-374833/,2019-07-25
/russia/navalnyiy-zapisal-otvet-generalu-zolotovu-vyizvavshemu-na-355919/,2018-10-19
/crime/rayonnyih-chinovnikov-podozrevayut-hischenii-byudjetnyih-329084/,2017-10-19
/news/jenu-yaponskogo-eks-ministra-otpravili-v-tyurmu-426623/,2021-01-21
/russia/rossii-prodoljayutsya-arestyi-chinovnikov-rabotavshih-542693/,2024-07-26
/asia/mongolii-massovo-protestuyut-protiv-korrumpirovannyih-360592/,2018-12-29
/crime/skolko-korruptsionerov-osudili-v-kazahstane-v-2021-godu-464962/,2022-03-25
/kazakhstan_news/eks-glavu-kazselezaschityi-opravdali-delu-neodnokratnom-537729/,2024-06-07
/sng/kyirgyizstane-spetsslujbyi-uvezli-dopros-glavnogo-nalogovika-556176/,2024-12-06
/crime/poyavilos-video-zaderjaniya-politseyskih-nachalnikov-379940/,2019-09-24
/kazakhstan_news/zaderjan-akim-satpaeva-antikor-526344/,2024-02-14
/kazakhstan_news/stala-izvestna-lichnost-zaderjannoy-eks-zamakima-atyirauskoy-365552/,2019-03-21
/kazakhstan_news/buhgaltera-bolnitsyi-zapodozrili-perevode-92-millionov-tenge-385293/,2019-11-29
/crime/dvuh-voennyih-osudili-pokrovitelstvo-kompanii-almatinskoy-405851/,2020-06-19
/kazakhstan_news/obvinennyiy-vzyatochnichestve-chinovnik-izbejal-nakazaniya-434728/,2021-04-15
/crime/gendirektora-fonda-sotsrazvitiya-osudili-korruptsiyu-386131/,2019-12-10
/kazakhstan_news/figurantyi-dela-bishimbaeva-poshli-na-sdelku-s-prokurorami-335884/,2018-01-22
/kazakhstan_news/shpekbaev-raskritikoval-fnb-samruk-kazyina-goszakupki-odnogo-320099/,2017-06-12
https://tengrisport.kz/tnsport/zakupali-uslugi-turfirm-zavyishennoy-tsene-antikor-538852/,2024-06-19
/kazakhstan_news/kostanae-vyiyavili-studentov-zachislennyih-vstupitelnyih-346737/,2018-06-16
/crime/zamakima-karasayskogo-rayona-zapodozrili-vzyatke-osobo-404403/,2020-06-04
/kazakhstan_news/bortsov-s-korruptsiey-budut-lishat-svobodyi-za-provokatsii-404285/,2020-06-03
/kazakhstan_news/akim-tekeli-podal-v-otstavku-413237/,2020-09-04
/kazakhstan_news/irak-elekeev-korruptsioneryi-doljnyi-platit-do-kontsa-jizni-423434/,2020-12-19
/kazakhstan_news/budem-besposchadnyi-glava-antikora-korruptsii-sredi-442678/,2021-07-09
/kazakhstan_news/kazakstannyin-brneshe-onrnde-jemkor-sheneunkter-sottaldyi-396078/,2020-03-26
/crime/oni-znali-chto-idut-bes-poputal-pomoschnik-shpekbaeva-dele-340890/,2018-03-29
/kazakhstan_news/akim-mangistauskoy-oblasti-vyiskazalsya-areste-svoego-358213/,2018-11-22
/crime/zaderjan-nachalnik-stantsii-altyinkol-363817/,2019-02-22
/crime/antikor-opublikoval-audio-razgovorov-rukovodstva-487379/,2022-12-30
/crime/bortsyi-korruptsiey-zaveli-delo-nachalnika-stantsii-409951/,2020-07-30
/kazakhstan_news/politseyskih-kazahstana-budut-proveryat-dobroporyadochnost-487968/,2023-01-08
/kazakhstan_news/roditelskie-whatsapp-chatyi-otslejivayut-pered-ent-405781/,2020-06-18
/crime/noutbuk-kachestve-vzyatki-eks-nachalniku-ispravitelnogo-331735/,2017-11-23
/crime/zaderjan-eks-glava-upravleniya-stroitelstva-aktyubinskoy-403005/,2020-05-21
/kazakhstan_news/shpekbaev-londone-rasskazal-borbe-korruptsiey-kazahstane-344998/,2018-05-24
/kazakhstan_news/zaderjan-rukovoditel-stantsii-skoroy-pomoschi-v-astane-519169/,2023-12-05
/crime/voennyiy-poluchil-million-tenge-trudoustroystvo-almatinskoy-402189/,2020-05-14
/football/zaderjan-direktor-futbolnogo-kluba-aktobe-dmitriy-vasilev-305728/,2016-11-08
/buildings/smi-uznali-chem-vladeyut-jena-i-deti-novogo-premera-rossii-389027/,2020-01-18
/kazakhstan_news/poluchenii-vzyatki-150-tyisyach-dollarov-zaderjan-sotrudnik-305829/,2016-11-09
/kazakhstan_news/antikor-rassleduet-ugolovnyie-dela-sfere-zemelnyih-497278/,2023-04-24
/crime/prokuror-prosit-naznachit-shtraf-90-millionov-tenge-erlanu-336151/,2018-02-05
/crime/direktor-instituta-sudebnyih-ekspertiz-karagandinskoy-348976/,2018-07-12
/kazakhstan_news/proekt-okrashivaniyu-deneg-startuet-odnoy-oblastey-549848/,2024-10-03
/crime/sotrudnikov-otdela-chs-po-kapshagayu-osudili-za-korruptsiyu-306595/,2016-11-21
/kazakhstan_news/pasporta-vaktsinatsii-prodavala-odna-poliklinika-almatyi-437030/,2021-05-11
/kazakhstan_news/bolashak-vpustuyu-tratit-dengi-predstavitelstva-399107/,2020-04-17
/kazakhstan_news/za-chto-osudili-chinovnikov-iz-minkulturyi-382888/,2019-10-31
/crime/eks-vyisokopostavlennogo-sotrudnika-kazavtojol-otpustili-338239/,2018-02-21
/kazakhstan_news/jitel-talgara-sdal-jenu-pravoohranitelnyim-organam-433459/,2021-04-03
/kazakhstan_news/bolee-50-rukovoditeley-podozrevayutsya-v-korruptsii-antikor-532735/,2024-04-18
/crime/polojili-11-milliardov-tenge-bank-shpekbaev-zayavil-proverke-392978/,2020-02-27
/kazakhstan_news/delo-bishimbaeva-prokuroryi-poprosili-ostavit-prigovor-344943/,2018-05-23
/crime/byivshego-sudyu-osudili-moshennichestvo-aktyubinskoy-oblasti-374172/,2019-07-18
/crime/poyavilos-video-zaderjaniya-rukovoditelya-podrazdeleniya-355213/,2018-10-09
/world_news/nexta-opublikovala-vtoruyu-chast-razoblacheniya-lukashenko-438839/,2021-05-30
/kazakhstan_news/stranyi-sng-dogovorilis-vyidavat-beglyih-korruptsionerov-481515/,2022-10-27
/kazakhstan_news/chto-izvestno-ob-arestovannoy-elmire-suhanberdievoy-370693/,2019-06-06
/kazakhstan_news/skolko-provedet-vitse-ministr-djaksaliev-domashnim-arestom-346001/,2018-06-06
/crime/zamakima-rayona-vko-zaderjali-posle-jalobyi-biznesmena-smi-444608/,2021-08-01
/kazakhstan_news/v-prodaje-voennogo-bileta-podozrevayut-chinovnikov-v-almatyi-380540/,2019-10-02
/crime/glava-upravleniya-akmolinskoy-oblasti-poluchil-10-let-472147/,2022-06-30
/kazakhstan_news/ob-ekstraditsii-sultanbekova-i-ardana-vyiskazalis-v-antikore-521069/,2023-12-24
/kazakhstan_news/podrobnosti-dela-zamnachalnika-departamenta-minoboronyi-413230/,2020-09-04
/kazakhstan_news/verhovnyiy-sud-potreboval-peresmotret-delo-osujdennogo-okolo-468825/,2022-05-18
/kazakhstan_news/brat-kayrata-boranbaeva-prohodit-delu-ablaya-myirzahmetova-523032/,2024-01-12
/crime/dvuh-vyisokopostavlennyih-politseyskih-osudili-zko-467682/,2022-04-30
/money/navalnyiy-opublikoval-rassledovanie-o-glave-roskosmosa-384669/,2019-11-22
/crime/tamojennik-poluchil-shtraf-vzyatki-voditeley-postu-nur-jolyi-430247/,2021-02-26
/kazakhstan_news/kto-zaplatil-i-proshel-ocheredi-granitse-vozmutili-376030/,2019-08-08
/crime/poyavilos-video-zaderjaniya-akima-rayona-turkestanskoy-351105/,2018-08-08
https://tengrisport.kz/tnsport/arest-eks-direktora-fk-akjayyik-podtverdili-v-antikore-543378/,2024-08-01
/crime/rassledovanie-delu-ozenmunaygaza-poyavilis-novyie-517058/,2023-11-16
https://tengrisport.kz/around_sports/real-obvinili-v-podkupe-sudey-otvet-madridskogo-kluba-512353/,2023-10-04
/kazakhstan_news/17-noyabrya-glavnyie-novosti-kazahstana-za-5-minut-517287/,2023-11-17
/kazakhstan_news/v-poluchenii-vzyatki-podozrevaetsya-glava-gorsuda-taraza-469375/,2022-05-25
/kazakhstan_news/nazvana-oblast-lider-po-chislu-vzyatok-v-kazahstane-412345/,2020-08-26
/kazakhstan_news/brat-suprugi-bishimbaeva-vyistupil-v-sude-335482/,2018-01-16
/kazakhstan_news/zamestitel-rukovoditelya-upravleniya-zdravoohraneniya-461721/,2022-02-12
/kazakhstan_news/v-ministerstve-energetiki-vyiyavili-korruptsionnyie-riski-309212/,2016-12-30
/kazakhstan_news/v-kazahstane-menyayut-metodiku-raspredeleniya-dozvolov-529507/,2024-03-17
/crime/vzyatku-navozom-potreboval-selskiy-akim-atyirauskoy-oblasti-324299/,2017-08-14
/kazakhstan_news/zaderjanie-rukovoditelya-upravleniya-atyirauskoy-oblasti-528482/,2024-03-06
/kazakhstan_news/ministerstvu-ekologii-ukazali-sereznyie-korruptsionnyie-449686/,2021-09-27
/kazakhstan_news/koronaviruspen-kureske-bolngen-karjyinyi-jyimkyirdyi-degen-418624/,2020-10-30
/kazakhstan_news/eks-zamestitel-nachalnika-ubop-v-sko-popal-pod-podozrenie-554871/,2024-11-22
https://tengrisport.kz/around_sports/est-sredi-mujik-kuat-hamitov-zapisal-plamennoe-obraschenie-517968/,2023-11-24
/kazakhstan_news/novoe-obvinenie-predyyavili-prokuroryi-bishimbaevu-335862/,2018-01-22
/kazakhstan_news/borets-korruptsiey-tokbergen-abiev-obyyasnil-video-saunyi-331731/,2017-11-23
/world_news/eks-glava-neftyanoy-kompanii-vetname-prigovoren-smertnoy-327566/,2017-09-29
/kazakhstan_news/vzyatka-rabotu-feldsherom-vyinesen-prigovor-rabotnitsam-548111/,2024-09-16
/world_news/pekin-nanes-novyiy-udar-po-imperii-djeka-ma-459894/,2022-01-22
/crime/zamnachalnika-uvd-po-zolotomu-delu-arestovali-v-stepnogorske-340036/,2018-03-16
/kazakhstan_news/mangistauskie-chinovniki-pohitili-12-millionov-tenge-314313/,2017-03-16
/kazakhstan_news/revaktsinatsiya-ipotekalyik-bagdarlama-tokaev-kanday-453030/,2021-11-04
/kazakhstan_news/shyimkente-vyidavali-zemelnyie-uchastki-biznesu-511201/,2023-09-22
/kazakhstan_news/skolko-kazahstantsev-zarabotali-na-korruptsionerah-516862/,2023-11-17
/kazakhstan_news/kakie-voprosyi-nameren-reshit-novyiy-ministr-finansov-354813/,2018-10-03
/kazakhstan_news/astane-zaderjan-gendirektor-professionalnoy-voenizirovannoy-318693/,2017-05-24
/kazakhstan_news/shpekbaev-poobeschal-240-tyisyach-tenge-informatsiyu-346059/,2018-06-06
/kazakhstan_news/nachala-ugasat-vera-naroda-tokaev-napomnil-beskompromissnoy-495557/,2023-04-05
/kazakhstan_news/gromkoe-delo-fontane-solntse-astane-sudyat-bolata-majagulova-556377/,2024-12-09
/kazakhstan_news/jiteli-shu-obvinili-gibeli-dvuh-detey-korruptsiyu-506080/,2023-07-29
/crime/byivshih-rukovoditeley-kazaviaspasa-kazavialesohranyi-337729/,2018-02-16
/kazakhstan_news/obyyavlennogo-rozyisk-god-nazad-byivshego-552816/,2024-11-04
/kazakhstan_news/vstrecha-saune-proslushka-sumka-dengami-reshali-sudbu-518373/,2023-12-01
/kazakhstan_news/zaderjanie-chinovnikov-minkulturyi-otvetsekretarya-otpustili-356573/,2018-10-29
/crime/ctalo-izvestno-novyih-figurantah-delu-tungyishbaya-312623/,2017-02-22
/kazakhstan_news/direktoru-departamenta-ktj-vyinesli-prigovor-v-nur-sultane-475053/,2022-08-10
/kazakhstan_news/dengi-chaynike-neskolkih-kazahstanskih-sudey-zapodozrili-356849/,2018-11-01
/kazakhstan_news/glavnyie-novosti-29-noyabrya-za-2-minutyi-518543/,2023-11-29
/kazakhstan_news/sereznyie-korruptsionnyie-riski-antikor-vzyalsya-sk-542202/,2024-07-23
/crime/top-menedjeru-kazavtojol-prodlili-srok-soderjaniya-strajey-317322/,2017-05-03
/kazakhstan_news/rukovoditelya-departamenta-po-delam-oboronyi-osudili-v-sko-550463/,2024-10-09
/crime/rukovoditelya-departamenta-akmolinskoy-oblasti-zapodozrili-403012/,2020-05-21
/crime/almatyi-politseyskie-otpustili-razboynikov-orujiem-vzyatku-327533/,2017-09-29
/kazakhstan_news/est-korruptsiya-mvd-peredast-delo-shpekbaev-kuplennyih-314205/,2017-03-15
/autonews/dengi-za-registratsiyu-avto-shli-mimo-byudjeta-v-kazahstane-527934/,2024-02-29
/crime/sudyu-podozrevayut-v-poluchenii-vzyatki-v-16-milliona-tenge-347704/,2018-06-28
/crime/izyimali-dengi-upravlenii-obrazovaniya-atyirauskoy-oblasti-360841/,2019-01-04
/kazakhstan_news/nachalnika-kolonii-podozrevayut-v-poluchenii-vzyatki-374482/,2019-07-22
/kazakhstan_news/sojaleniyu-korruptsiogennost-sohranyaetsya-sultanov-321153/,2017-06-27
/kazakhstan_news/gruziya-peredala-kazahstanu-podozrevaemogo-v-korruptsii-523662/,2024-01-19
/kazakhstan_news/kak-izbejat-problem-avto-dvoynikov-rasskazal-ekspert-433592/,2021-04-06
/boxing/kanelo-okazalsya-zameshan-v-novom-skandale-340068/,2018-03-16
/kazakhstan_news/doverchivost-naivnost-podveli-supruga-bishimbaeva-vyistupila-338178/,2018-02-21
/crime/osujden-byivshiy-glava-upravleniya-arhitekturyi-pavlodarskoy-445158/,2021-08-06
/crime/zaderjanyi-chinovniki-ot-meditsinyi-v-pavlodarskoy-oblasti-309241/,2016-12-31
/crime/doljnostnyie-litsa-nanesli-uscherb-gosudarstvu-11-trilliona-344424/,2018-05-17
/kazakhstan_news/snyat-arest-imuschestva-rodstvennikov-bishimbaeva-poprosil-338224/,2018-02-21
/kazakhstan_news/nalogovika-pooschrili-jalobyi-astanchanku-iz-za-500-tenge-347368/,2018-06-25
/kazakhstan_news/sotrudnikov-ktj-svodili-profilakticheskuyu-ekskursiyu-sizo-486107/,2022-12-15
/kazakhstan_news/bakyitgul-hamenovu-otkazalis-vyipustit-iz-sizo-481143/,2022-10-22
/kazakhstan_news/departament-dobroporyadochnosti-vozglavil-daniyar-sabirbaev-374850/,2019-07-25
/kazakhstan_news/mertvyim-dusham-sistemno-nachislyali-dvoynoe-finansirovanie-538816/,2024-06-19
/kazakhstan_news/v-shyimkente-snizili-tarifyi-na-vse-kommunalnyie-uslugi-360708/,2019-01-02
/events/smert-podsledstvennyih-eks-chinovnikov-mangistau-stali-329392/,2017-10-24
/kazakhstan_news/znamenita-pricheskoy-izvestno-zaderjannoy-gulvire-511821/,2023-09-28
/kazakhstan_news/porucheniya-nachalstva-baymenov-pro-motivyi-korruptsionerov-357205/,2018-11-07
/kazakhstan_news/nalogovika-mogut-nagradit-jalobyi-astanchanku-iz-za-500-345375/,2018-05-29
/kazakhstan_news/nalogovikov-almatyi-zapodozrili-v-korruptsii-388863/,2020-01-16
/near_east/netanyahu-nachal-davat-pokazaniya-sude-delu-korruptsii-556508/,2024-12-11
/crime/50-tyisyach-tenge-proezd-blokpost-sotrudnik-akimata-399825/,2020-04-23
/kazakhstan_news/set-vyilojili-dokument-summami-premiy-sotrudnikov-maek-483445/,2022-11-17
/kazakhstan_news/kay-ministrlktn-kyizmetkerler-jemkorlyikpen-ji-ustalatyinyi-399679/,2020-04-22
/kazakhstan_news/za-dengi-v-kazahstane-mojno-stat-invalidom-373183/,2019-07-05
/crime/serjant-proglotil-vzyatku-spasayas-zaderjaniya-ekibastuze-332476/,2017-12-04
/kazakhstan_news/zaderjannoy-sledovatelya-natsbyuro-nashli-imuschestvo-10-364287/,2019-03-01
/kazakhstan_news/kazahstantsyi-nedovolnyi-nakazaniyami-dlya-vzyatochnikov-399391/,2020-04-20
/kazakhstan_news/glava-antikora-vstretilsya-s-poslom-katara-546435/,2024-08-30
/kazakhstan_news/ministr-brekeshev-otvetil-vopros-otstavke-zaderjaniya-vitse-467329/,2022-04-26
/kazakhstan_news/proverki-mobilnyih-perevodov-gromkie-sudebnyie-resheniya-561302/,2025-01-31
/kazakhstan_news/sud-delu-operatora-rop-eks-glava-vyiplatila-920-millionov-515540/,2023-11-02
/world_news/raskryityi-podrobnosti-rassledovaniya-o-dvortse-putina-426543/,2021-01-20
/crime/chinovnik-obrazovaniya-vyinudil-biznesmena-dat-vzyatku-389324/,2020-01-22
/kazakhstan_news/novosti-23-iyulya-otpusk-tokaeva-preduprejdenie-akimov-542247/,2024-07-23
/kazakhstan_news/51-politseyskiy-nachalnik-uvolen-korruptsiyu-sredi-428309/,2021-02-08
/asia/kitae-korruptsiyu-ubiystvo-kaznili-eks-nachalnika-politsii-318866/,2017-05-26
/crime/32-milliona-tenge-oboshlas-almatinskim-politseyskim-vzyatka-342223/,2018-04-18
/kazakhstan_news/kazahstanu-vernut-imuschestvo-na-360-milliardov-tenge-486213/,2022-12-15
/kazakhstan_news/vzyatka-2-milliona-215-tyisyach-tenge-poluchil-491719/,2023-02-21
/crime/eks-glava-enpf-erdenaev-priznal-vinu-hischenii-poluchenii-330070/,2017-11-02
/kazakhstan_news/stadion-korruptsii-v-astane-osudili-rukovoditeley-gosorganov-512972/,2023-10-10
/kazakhstan_news/v-mon-vstali-na-zaschitu-roditelskih-komitetov-355337/,2018-10-10
/crime/nachalnika-kyirgyizskoy-genprokuraturyi-zaderjali-vzyatku-342422/,2018-04-19
/kazakhstan_news/zaderjanie-rektora-antikor-pokazal-video-dengami-morozilnike-536993/,2024-05-31
/kazakhstan_news/bishimbaeva-prizvali-priznat-vinu-338376/,2018-02-23
/crime/video-zaderjaniya-inspektorov-na-doroge-almatyi-popalo-v-set-388462/,2020-01-10
/kazakhstan_news/vzyatka-million-postavka-muki-chem-podozrevayut-nachalnika-541210/,2024-07-12
/kazakhstan_news/antikor-provodit-rassledovanie-otnoshenii-rabotnikov-525359/,2024-02-05
/kazakhstan_news/bahyit-sultanov-kvartire-65-millionov-evro-budem-iskat-kupil-331227/,2017-11-17
/events/podrobnosti-aresta-kazahstanki-singapure-rasskazali-mid-rk-322565/,2017-07-18
/russia/rassledovanie-navalnogo-jizni-syina-peskova-vzorvalo-youtube-324659/,2017-08-19
/crime/gonschik-ardavichus-skryivaetsya-antikorruptsionnaya-slujba-390191/,2020-01-31
/kazakhstan_news/vyinesen-prigovor-eks-sude-elvire-ospanovoy-poymannoy-410000/,2020-07-31
/kazakhstan_news/chinovnik-vyibrosilsya-okna-departamenta-natsbyuro-346490/,2018-06-13
/kazakhstan_news/chinovniki-najivayutsya-zatyagivanii-goszakupok-zayavlenie-526359/,2024-02-14
/crime/125-milliona-tenge-oshtrafovan-direktor-tsentra-zanyatosti-405867/,2020-06-19
/kazakhstan_news/glavu-departamenta-dobroporyadochnosti-obvinili-vo-lji-386986/,2019-12-20
/kazakhstan_news/doljnostnyie-litsa-komiteta-farmatsii-zaderjanyi-321962/,2017-07-10
/events/v-msh-rk-prokommentirovali-zaderjanie-glavyi-komiteta-305630/,2016-11-07
/kazakhstan_news/politseyskih-sudey-planiruyut-jestche-nakazyivat-korruptsiyu-390746/,2020-02-06
/crime/ozvuchenyi-naibolee-korrumpirovannyie-organyi-v-2021-godu-435521/,2021-04-23
/kazakhstan_news/odin-klyuchevyih-svideteley-delu-bishimbaeva-izmenil-332087/,2017-11-29
/kazakhstan_news/delo-sotrudnikov-komiteta-farmatsii-larise-pak-prodlili-337702/,2018-02-15
/russia/eto-povod-uvolitsya-medvedev-otreagiroval-kremlevskiy-doklad-336521/,2018-01-31
/kazakhstan_news/podanyi-iski-snose-zdaniy-52-nezakonnyih-obyekta-nashli-503714/,2023-07-02
/crime/knb-poymal-na-vzyatke-sudyu-v-turkestanskoy-oblasti-390393/,2020-02-04
/crime/akima-rayona-zaderjali-v-akmolinskoy-oblasti-361598/,2019-01-18
/kazakhstan_news/jemkorlyik-eskertksh-taldyikorgandagyi-bos-kalgan-uylerge-541107/,2024-07-12
/kazakhstan_news/chinovnika-zapodozrili-vzyatke-14-millionov-almatinskoy-443647/,2021-07-21
/kazakhstan_news/poddelku-pasportov-vaktsinatsii-zaderjali-medikov-kazahstane-442670/,2021-07-09
/kazakhstan_news/antikor-peredal-sud-delo-vyisokopostavlennyih-chinovnikov-536511/,2024-05-28
/kazakhstan_news/sudya-brala-vzyatki-v-almatyi-383630/,2019-11-08
/crime/direktora-doma-kulturyi-osudili-hischenie-888-tyisyach-tenge-391471/,2020-02-13
/crime/vitse-ministr-suhanberdieva-poshla-protsessualnoe-372851/,2019-07-02
/crime/poyavilos-video-delu-hischenii-400-millionov-tenge-remont-389476/,2020-01-23
/kazakhstan_news/direktor-shkolyi-astane-pokinula-post-obvineniya-korruptsii-324027/,2017-08-10
/kazakhstan_news/skolko-stoyat-voditelskie-prava-tenevom-ryinke-rasskazal-516226/,2023-11-08
/events/priznaniya-buhgaltera-detdoma-ust-kamenogorska-snyali-360861/,2019-01-05
/kazakhstan_news/nadeemsya-kazahstan-vstupit-organizatsiyu-ispolnitelnyiy-357696/,2018-11-15
/kazakhstan_news/video-zaderjaniya-chinovnika-pokazala-antikorruptsionnaya-378271/,2019-09-04
/kazakhstan_news/bral-vzyatki-nosil-peredaval-korruptsioner-figurant-dela-338859/,2018-03-01
/crime/prigovor-vyisokopostavlennomu-chinovniku-vyinesli-pavlodare-340072/,2018-03-17
/kazakhstan_news/bortsyi-korruptsiey-nachali-analiz-rabotyi-fonda-416267/,2020-10-07
/crime/eks-glava-sk-farmatsii-berik-sharip-arestovan-na-2-mesyatsa-411338/,2020-08-14
/kazakhstan_news/otmenit-bankovskuyu-taynu-ministrov-vnov-predlojil-peruashev-369623/,2019-05-22
/kazakhstan_news/hischenii-deneg-protezyi-invalidov-podozrevayut-glavu-373177/,2019-07-05
/kazakhstan_news/poslov-peremen-naznachat-v-kazahstane-344174/,2018-05-14
/crime/dgd-almatyi-prokommentirovali-zaderjanie-rukovoditelya-312715/,2017-02-21
/crime/politseyskih-zapodozrili-falsifikatsii-dokazatelstv-radi-403015/,2020-05-21
/crime/arestovan-byivshiy-predsedatel-pravleniya-ao-bayterek-307249/,2016-11-30
/crime/novyie-video-zaderjaniy-pokazala-antikorruptsionnaya-slujba-399854/,2020-04-23
/kazakhstan_news/antikor-zavel-delo-o-prodaje-kreposti-dlya-filma-kochevniki-516952/,2023-11-15
/kazakhstan_news/gossovetnik-erlan-karin-provel-zasedanie-komissii-voprosam-479113/,2022-09-29
/crime/prokurora-zaderjali-za-korruptsiyu-v-kostanayskoy-oblasti-356036/,2018-10-20
/crime/eks-politseyskogo-osudili-5-let-prisvoenie-deneg-nur-sultane-380092/,2019-09-26
/kazakhstan_news/mera-nakazaniya-ogoroshila-bishimbaev-zayavlenii-prokurorov-337986/,2018-02-19
/kazakhstan_news/budet-vyiglyadet-sportploschadka-aktobe-kotoruyu-potratyat-484505/,2022-11-29
/kazakhstan_news/eks-rukovoditeley-kazgidrometa-osudili-na-10-let-373601/,2019-07-11
/kazakhstan_news/soobscheniya-zaderjanii-akima-kyizyilordinskoy-oblasti-396231/,2020-03-27
/crime/ugolovnoe-delo-zaveli-eks-glavu-upravleniya-molodejnoy-400711/,2020-04-30
/kazakhstan_news/natsbyuro-prokommentirovali-skandalnuyu-videozapis-saunyi-331609/,2017-11-22
/kazakhstan_news/zaderjan-glava-upravleniya-akimata-kostanayskoy-oblasti-321462/,2017-07-01
/kazakhstan_news/igor-rogov-vozglavil-obschestvennyiy-sovet-borbe-korruptsiey-389889/,2020-01-28
/kazakhstan_news/glava-antikora-bektenov-dolojil-tokaevu-korruptsionnyih-471388/,2022-06-20
/kazakhstan_news/poyavilos-video-zaderjaniya-stolichnogo-chinovnika-378725/,2019-09-10
/crime/sotrudnikov-voennogo-upravleniya-stroitelstva-zapodozrili-406533/,2020-06-26
/crime/familii-i-foto-korruptsionerov-sobrali-v-odnom-video-374196/,2019-07-18
/kazakhstan_news/pyitavshemusya-uplyit-chinovniku-iz-tekeli-vyinesli-prigovor-411372/,2020-08-15
/kazakhstan_news/deputat-ustroitsya-uborschitsey-500-tyisyach-tenge-vezde-525771/,2024-02-08
/kazakhstan_news/poyavilos-video-zaderjaniya-direktora-morga-v-almatyi-417261/,2020-10-16
/kazakhstan_news/bortsyi-korruptsiey-zayavili-hischeniyah-sredstv-fonda-408131/,2020-07-13
/kazakhstan_news/sud-oshtrafoval-byivshego-vitse-prezidenta-ao-356188/,2018-10-23
/kazakhstan_news/li-kayrat-satyibaldyiulyi-vyiyti-udo-sprosili-514742/,2023-10-26
/kazakhstan_news/obyyavlena-data-suda-ekstradirovannoy-oae-byivshey-glavoy-512895/,2023-10-09
/kazakhstan_news/10-protsentov-vzyatki-hotyat-platit-kazahstantsam-382929/,2019-10-31
/crime/tamojennikov-vzyatochnikov-c-posta-altyinkol-osudili-almatyi-358131/,2018-11-21
/kazakhstan_news/vozvrat-aktivov-kazahstan-budet-stoyat-kompaniey-ih-500940/,2023-06-02
/crime/delo-5-protsentah-zaveli-zamestitelya-akima-karasayskogo-405841/,2020-06-19
/kazakhstan_news/turl-tartu-taralgyi-beru-syiylyik-talap-etu-diplom-satyip-411743/,2020-08-19
/kazakhstan_news/revizoryi-atyirauskoy-oblasti-napisali-zayavlenie-svoego-39-457529/,2021-12-26
/russia/navalnogo-vyipustili-30-sutok-aresta-zatem-povtorno-354252/,2018-09-25
/kazakhstan_news/v-almatyi-nachinaetsya-sud-nad-muhtarom-ablyazovyim-315286/,2017-04-03
/kazakhstan_news/milliard-tenge-14-kvartir-obnarujili-obyiske-buhgaltera-496560/,2023-04-15
/crime/skandalnoe-koleso-obozreniya-rudnom-chinovnika-podozrevayut-390709/,2020-02-06
/kazakhstan_news/detektor-dobroporyadochnosti-200-tyisyach-dollarov-on-381915/,2019-10-18
/crime/patrulnyih-politseyskih-podozrevayut-poluchenii-vzyatok-503447/,2023-06-29
/kazakhstan_news/perevod-vremeni-priblijenie-kometyi-zemle-obzor-novostey-8-550366/,2024-10-08
/kazakhstan_news/kojamjarov-rasskazal-skolko-deneg-vyivezli-kazahstana-332795/,2017-12-08
/crime/arestovan-sekretar-maslihata-nur-sultana-386489/,2019-12-13
/kazakhstan_news/poboryi-shkolah-podderjivayut-roditeli-upravlenie-338318/,2018-02-22
/kazakhstan_news/glava-mon-otvetil-vopros-rassledovanii-otnoshenii-svoego-412474/,2020-08-27
/kazakhstan_news/osujdena-eks-glava-uoz-mangistau-jamal-jamanbaeva-436684/,2021-05-06
/crime/zaderjan-esche-odin-ofitser-ser-352328/,2018-08-25
/kazakhstan_news/novoe-rassledovanie-otnoshenii-gulmiryi-satyibaldyi-531855/,2024-04-10
/kazakhstan_news/nursultan-nazarbaev-pochemu-nas-obyazatelno-cheloveka-337254/,2018-02-09
/kazakhstan_news/skandalnoe-video-saunyi-poyavilis-izvineniya-bortsa-331664/,2017-11-23
/crime/chinovnika-mangistau-podozrevayut-nezakonnoy-vyidache-zemli-381424/,2019-10-12
/kazakhstan_news/otdelnoe-vedomstvo-vozvratu-nezakonno-vyivedennyih-aktivov-499915/,2023-05-24
/kazakhstan_news/budem-uvolnyat-neetichnyih-chinovnikov-dojidayas-nih-370731/,2019-06-06
/world_news/obyem-vzyatok-v-mire-dostig-2-trillionov-dollarov-v-god-mvf-326797/,2017-09-18
/kazakhstan_news/kakie-shkolyi-postroyat-dengi-korruptsionerov-kazahstane-499957/,2023-05-24
/kazakhstan_news/zaderjan-nachalnik-otdela-politsii-jitikaryi-360829/,2019-01-04
/article/nam-nazyivayut-familii-pochemu-ne-berete-budut-vozvraschat-2083/,2023-06-13
/kazakhstan_news/kulginov-vyiskazalsya-korruptsionnom-stadione-nur-sultane-472679/,2022-07-08
/kazakhstan_news/sud-prodlil-arest-kuandyika-bishimbaeva-313124/,2017-02-27
/kazakhstan_news/tokaev-dal-porucheniya-antikorruptsionnoy-slujbe-412406/,2020-08-26
/kazakhstan_news/rukovodstvo-upravleniya-zemelnyih-otnosheniy-shyimkenta-498281/,2023-05-05
/kazakhstan_news/myi-otkryito-govorim-ob-etoy-bolezni-tokaev-o-korruptsii-539653/,2024-06-27
/kazakhstan_news/reyting-korrumpirovannyih-vuzov-sostavili-v-kazahstane-382971/,2019-10-31
/crime/dvoe-politseyskih-trebovali-vzyatku-direktora-krupnoy-326867/,2017-09-20
/kazakhstan_news/alik-shpekbaev-privatizatsii-ponimayut-problemu-ne-reshayut-365123/,2019-03-15
/kazakhstan_news/eks-glava-slujbyi-gosbezopasnosti-uzbekistana-osujden-18-let-380350/,2019-09-30
/kazakhstan_news/nachalnika-depo-podozrevayut-v-poluchenii-vzyatki-374836/,2019-07-25
/kazakhstan_news/kazahstanskogo-vitse-admirala-lishili-zvaniya-403092/,2020-05-22
/kazakhstan_news/vitse-ministram-sadibekovu-djaksalievu-prodlili-domashniy-350743/,2018-08-03
/kazakhstan_news/smertnaya-kazn-korruptsiyu-ona-izmenit-vozmojna-v-kazahstane-530825/,2024-04-16
https://tengrisport.kz/champions-league/barselonu-mogut-isklyuchit-ligi-chempionov-izvestnyi-511905/,2023-09-29
/kazakhstan_news/antikor-nashel-millionyi-dome-nalogovika-astanyi-ego-553913/,2024-11-13
/kazakhstan_news/spetsoperatsiya-zaderjaniyu-pomogayki-proshla-spetstsonom-424031/,2020-12-24
/kazakhstan_news/lyudey-net-medpomosch-okazyivaetsya-deputat-mertvyih-dushah-512927/,2023-10-09
/crime/sud-vyines-prigovor-byivshemu-glave-finpola-almatyi-amirhanu-312739/,2017-02-22
/kazakhstan_news/eks-glavvrach-detskoy-bolnitsyi-shyimkenta-ozelenil-rodnoy-420305/,2020-11-17
/kazakhstan_news/sud-chastichno-opravdal-eks-glavu-komiteta-mir-348866/,2018-07-11
/kazakhstan_news/osujdennyiy-vzyatku-sotrudnik-eko-posta-ugrozyi-tyuremnogo-327416/,2017-09-27
/crime/kak-zaderjivali-zamakima-rayona-v-almatyi-opublikovano-video-522211/,2024-01-04
/kazakhstan_news/zaderjanyi-rukovoditeli-v-prodkorporatsii-antikor-510771/,2023-09-18
/article/budet-lrt-nur-sultane-intervyu-akima-stolitsyi-altaya-1800/,2022-06-29
/kazakhstan_news/davshiy-vzyatku-glave-horgosa-investor-prodoljit-305244/,2016-11-01
/kazakhstan_news/seti-poyavilas-informatsiya-zaderjanii-glavyi-upravleniya-428052/,2021-02-05
/private_finance/ekonomist-nazval-osnovnyie-mifyi-svyazannyie-perehodom-315347/,2017-04-04
/kazakhstan_news/zamestitelya-akima-nur-sultana-nakazali-korruptsiyu-428751/,2021-02-11
/kazakhstan_news/ministr-rasskazal-izmenilos-sk-farmatsii-zamechaniy-328329/,2017-10-10
/kazakhstan_news/rukovoditelya-zemelnogo-otdela-zko-prigovorili-trem-godam-523491/,2024-01-17
/kazakhstan_news/zaderjanie-glavnogo-veterinara-aktau-snyali-na-video-390369/,2020-02-03
/crime/ugolovnoe-delo-rukovodstvo-upravzdrava-mangistau-podtverdil-428115/,2021-02-05
/kazakhstan_news/zamestitel-shpekbaeva-otvetit-na-voprosyi-kazahstantsev-350572/,2018-08-01
/kazakhstan_news/v-deyatelnosti-kap-mvd-rk-vyiyavili-korruptsionnyie-riski-306829/,2016-11-24
/kazakhstan_news/kto-smenil-na-postu-zaderjannogo-predsedatelya-komiteta-mchs-505417/,2023-07-21
/crime/prichinil-uscherb-50-millionov-tenge-taraze-osudili-430901/,2021-03-05
/russia/zamministra-oboronyi-rossii-zaderjali-podozreniyu-poluchenii-533276/,2024-04-24
/kazakhstan_news/nachalniku-stantsii-altyinkol-vyinesli-prigovor-382649/,2019-10-28
/russia/esche-odnogo-generala-arestovali-v-rossii-552179/,2024-10-28
/crime/eks-glave-enpf-ruslanu-erdenaevu-prodlili-soderjanie-strajey-323065/,2017-07-26
/kazakhstan_news/prepodavateli-pritvoryalis-studentami-sdache-ekzamenov-506498/,2023-08-03
/kazakhstan_news/zaderjan-byivshiy-ministr-yustitsii-kazahstana-514277/,2023-10-21
/world_news/protsess-po-delu-assanja-budet-dlitsya-godyi-i-godyi-advokat-415873/,2020-10-02
/kazakhstan_news/karin-provel-zasedanie-komissii-voprosam-protivodeystviya-497060/,2023-04-20
/kazakhstan_news/jitelnitsu-mangistau-oshtrafovali-polmilliona-blagodarnost-506536/,2023-08-03
/crime/koroleva-aktyubinskoy-politsii-obyyasnila-pochemu-sovershila-316934/,2017-04-27
/crime/antikor-predlojil-ujestochit-nakazanie-podarki-451935/,2021-10-22
/crime/gosslujaschie-pohitili-noutbuki-kuplennyie-detyam-vremya-432675/,2021-03-26
/money/glava-rosnefti-lichno-pomog-v-zaderjanii-ulyukaeva-reuters-311361/,2017-02-02
/crime/million-dollarov-kontrakt-antikor-nazval-familiyu-novogo-506545/,2023-08-03
/kazakhstan_news/bortsov-s-korruptsiey-budut-nakazyivat-za-provokatsii-400554/,2020-04-29
/kazakhstan_news/glavnyiy-pedagog-shyimkenta-rasskazala-potrachenyi-489957/,2023-01-31
/kazakhstan_news/bishimbaev-sdelal-zayavlenie-otnoshenii-spetskontingenta-337795/,2018-02-16
/kazakhstan_news/poyavilos-video-zaderjaniya-doljnostnyih-lits-minkulturyi-356847/,2018-11-01
/kazakhstan_news/eks-glave-npp-ablayu-myirzahmetovu-prodlili-arest-518214/,2023-11-27
/usa/ssha-dobavili-chinovnikov-gvatemalyi-salvadora-spisok-449105/,2021-09-21
/world_news/ssha-nalojili-sanktsii-vliyatelnogo-kyirgyizskogo-oligarha-422668/,2020-12-10
/kazakhstan_news/advokat-prokommentiroval-zaderjanie-pervogo-zamakima-413815/,2020-09-11
/crime/kakie-vzyatki-berut-sotrudniki-mvd-391458/,2020-02-13
/kazakhstan_news/zaderjannyiy-nezakonnuyu-ohotu-glava-slujbyi-ohranyi-ertis-333046/,2017-12-11
/crime/vzyatka-trudoustroystvo-vracha-osudili-3-goda-shyimkente-432681/,2021-03-26
/crime/zaderjan-glavnyiy-spetsialist-upravlenii-sanepidkontrolya-419382/,2020-11-06
/kazakhstan_news/prinosyat-biletyi-kotoryih-kasse-net-adgspk-vyiskazalis-349896/,2018-07-23
/kazakhstan_news/moskve-zaderjan-nahodivshiysya-rozyiske-12-let-kazahstanets-472882/,2022-07-12
/kazakhstan_news/kazahstan-nameren-prisoedinitsya-konventsii-protiv-551201/,2024-10-16
/crime/sotrudnitsu-politsii-oshtrafovali-popolnenie-balansa-387197/,2019-12-23
/kazakhstan_news/kogo-chasche-jaluyutsya-kazahstantsyi-antikorruptsionnuyu-388420/,2020-01-10
/crime/selskih-akimov-podozrevayut-korruptsii-vyidache-zemelnyih-389762/,2020-01-27
/kazakhstan_news/astane-vyinesli-prigovor-eks-glave-tsentra-zelenyih-543436/,2024-08-02
/crime/v-natsbyuro-rasskazali-o-dvuh-novyih-zaderjaniyah-312683/,2017-02-21
/kazakhstan_news/eks-otvetsekretaryu-minkulturyi-vyinesli-prigovor-382859/,2019-10-30
/kazakhstan_news/kojamjarov-rasskazal-vyizove-nechistyim-ruku-upravlentsam-307598/,2016-12-06
/crime/v-natsbyuro-predupredili-hrapunovyih-338705/,2018-02-27
/crime/voennyiy-komandir-poluchil-shtraf-na-10-millionov-tenge-432692/,2021-03-26
/kazakhstan_news/v-npp-pojalovalis-na-beznakazannost-chinovnikov-307546/,2016-12-05
https://tengrisport.kz/tnsport/antikor-dolojil-tokaevu-ob-ugolovnyih-delah-v-sfere-sporta-527937/,2024-02-29
/russia/zaplachu-dengi-razgovor-efremova-politseyskim-dtp-popal-408162/,2020-07-14
/kazakhstan_news/otnyatoe-imuschestvo-korruptsionerov-nachnut-tratit-nujdyi-498191/,2023-05-04
/europe/korruptsionnyiy-skandal-es-evu-kayli-pereveli-domashniy-496330/,2023-04-13
/kazakhstan_news/chinovnik-oblasti-jetyisu-delal-biznes-litsah-invalidnostyu-534747/,2024-05-10
/kazakhstan_news/sotrudniki-meduchrejdeniya-prodavali-pasporta-vaktsinatsii-450075/,2021-10-01
/kazakhstan_news/shyindyiktyi-barmz-blemz-aymagambetov-para-alatyin-mektep-439744/,2021-06-08
/kazakhstan_news/eks-zamakima-pavlodarskoy-oblasti-vyiydet-svobodu-zaplativ-310922/,2017-01-26
/kazakhstan_news/glavnyie-novosti-segodnya-za-2-minutyi-522242/,2024-01-04
/newseducation/vskryita-shema-hischeniy-deneg-prednaznachavshihsya-542104/,2024-07-22
/crime/akima-rodnogo-poselka-skriptonita-obvinili-vzyatochnichestve-361803/,2019-01-22
/crime/vzyatka-sodeystvie-goszakupkah-gosslujaschih-priznali-478517/,2022-09-22
/kazakhstan_news/akim-zko-obyyasnil-pochemu-ne-podal-otstavku-suda-516848/,2023-11-14
/crime/chinovnika-zapodozrili-v-poluchenii-vzyatki-avtomobilem-380357/,2019-09-30
/kazakhstan_news/byivshih-gosauditorov-schetnogo-komiteta-osudili-v-astane-334395/,2017-12-29
/kazakhstan_news/opublikovanyi-nomera-antikorruptsionnyih-sovetnikov-akimov-405722/,2020-06-18
/asia/prigovor-delu-gibeli-detey-preparata-dok-1-maks-vyinesli-527611/,2024-02-27
/crime/generala-genshtaba-vs-rk-osudili-vzyatku-10-tyisyach-347194/,2018-06-22
/asia/singapure-26-letnyuyu-kazahstanku-posadili-tyurmu-vzyatku-322476/,2017-07-17
/kazakhstan_news/chto-proizoshlo-v-kazahstane-segodnya-26-yanvarya-524438/,2024-01-26
/kazakhstan_news/15-kun-shnde-knasn-moyyindasa-jemkor-sheneunkter-kanday-411961/,2020-08-21
/kazakhstan_news/delo-ermegiyaeva-otpravili-na-proverku-382025/,2019-10-21
/crime/gosobvinitel-zaprosil-uslovnyie-sroki-podsudimyih-delu-317862/,2017-05-22
/kazakhstan_news/glavu-otdela-zemelnyih-otnosheniy-osudili-pavlodarskoy-536766/,2024-05-30
/kazakhstan_news/baurjan-musin-dal-pervyie-pokazaniya-v-sude-337923/,2018-02-19
/sng/zaderjan-eks-premer-kyirgyizstana-omurbek-babanov-438963/,2021-05-31
/kazakhstan_news/izvestnyiy-politseyskiy-rustam-abdrahmanov-obratilsya-475861/,2022-08-20
/crime/37-millionov-tenge-pohitili-rabotniki-detskoy-bolnitsyi-404785/,2020-06-08
/events/skolko-sudey-osujdeno-kazahstane-rasskazali-genprokurature-322728/,2017-07-21
/kazakhstan_news/knb-hotyat-nadelit-pravom-rassledovaniya-del-otnoshenii-312254/,2017-02-15
/kazakhstan_news/byivshih-politseyskih-nachalnikov-osudili-korruptsiyu-383758/,2019-11-11
/world_news/vitse-prezidenta-evroparlamenta-evu-kayli-vzyali-straju-delu-485733/,2022-12-12
/crime/posla-kazahstana-v-uzbekistane-zapodozrili-v-hischenii-355697/,2018-10-16
/events/dva-krupnyih-chinovnika-zaderjanyi-v-yuko-332507/,2017-12-05
/kazakhstan_news/o-profilaktike-korruptsii-rasskazali-v-akimate-nur-sultana-418010/,2020-10-24
/kazakhstan_news/vko-zaderjali-glavu-departamenta-regionalnogo-komiteta-mir-316094/,2017-04-14
/kazakhstan_news/antikorruptsionnyiy-tsentr-otkryili-v-kyizyilorde-385367/,2019-11-29
/kazakhstan_news/istoriya-podozritelnyim-skladom-kardiotsentre-pavlodara-385613/,2019-12-03
/kazakhstan_news/neset-otvetstvennost-korruptsiyu-sredi-ministrov-sprosili-423712/,2020-12-21
/other/vitse-prezident-argentinyi-priznana-vinovnoy-moshennichestve-485318/,2022-12-07
/kazakhstan_news/tamojennika-prigovorili-k-tyuremnomu-sroku-za-vzyatki-v-vko-372784/,2019-07-02
/crime/nalogovik-osujden-za-moshennichestvo-v-almatyi-353491/,2018-09-13
/kazakhstan_news/sotrudnikov-akimata-almatyi-osudili-propusk-blokpostyi-402209/,2020-05-14
/kazakhstan_news/brifing-antikorruptsionnoy-slujbyi-onlayn-435504/,2021-04-23
/kazakhstan_news/zamestitel-akima-karagandinskoy-oblasti-podozrevaetsya-378914/,2019-09-12
/world_news/vozvraschayus-kiev-saakashvili-zapisal-videoobrascheniya-370102/,2019-05-29
/kazakhstan_news/v-almatyi-arestovali-glavvracha-tsentralnoy-gorbolnitsyi-365332/,2019-03-19
/kazakhstan_news/obnarujenyi-defektyi-rekonstruktsii-dorogi-karaganda-balhash-545363/,2024-08-20
/kazakhstan_news/delo-o-zarajenii-vrachey-almatyi-peredali-v-genprokuraturu-399606/,2020-04-21
/kazakhstan_news/eks-zama-glavyi-kuis-mvd-poprosili-amnistirovat-379864/,2019-09-23
/kazakhstan_news/kak-razvorovyivayut-kazahstan-obzor-osnovnyih-shem-533100/,2024-04-23
/kazakhstan_news/premii-v-4-oklada-poluchali-sotrudniki-struktur-mon-382745/,2019-10-29
/kazakhstan_news/eks-glava-operatora-rop-sdelala-zayavlenie-na-doprose-v-sude-515894/,2023-11-06
/crime/direktora-stantsii-skoroy-pomoschi-arestovali-almatinskoy-413233/,2020-09-04
/russia/soyuz-kvn-sdelal-zayavlenie-v-svyazi-s-uvolneniem-maslyakova-332379/,2017-12-03
/kazakhstan_news/korruptsiya-sisteme-zdravoohraneniya-kazahstana-protsvetaet-315654/,2017-04-07
/kazakhstan_news/voprosyi-jilya-dlya-kazahstantsev-obsudili-v-akorde-414439/,2020-09-17
/kazakhstan_news/gendirektora-dochki-kmg-zapodozrili-mnogomillionnoy-vzyatke-382163/,2019-10-22
/crime/oae-ekstradirovana-obvinyaemaya-moshennichestve-kazahstanka-305913/,2016-11-10
/kazakhstan_news/samyie-korrumpirovannyie-organyi-nazvali-v-npp-atameken-338795/,2018-02-28
/kazakhstan_news/akima-esika-nakazali-shtrafom-za-vzyatku-526392/,2024-02-14
/europe/sanktsii-protiv-korrumpirovannyih-oligarhov-hotyat-vvesti-es-442677/,2021-07-09
/kazakhstan_news/arestovan-byivshiy-zamestitel-akima-taldyikorgana-329881/,2017-10-31
/crime/direktora-protivopojarnoy-slujbyi-osudili-v-aktobe-392182/,2020-02-20
/kazakhstan_news/prigovor-bishimbaevu-ostavili-bez-izmeneniy-345128/,2018-05-25
/kazakhstan_news/dengi-korruptsionerov-skolko-oboshlas-novaya-shkola-508042/,2023-08-20
/crime/sud-ostavil-reshetkoy-politseyskogo-pokrovitelstvovavshego-312203/,2017-02-14
/kazakhstan_news/eks-glave-komiteta-msh-rk-saktashu-hasenovu-prodlili-arest-309532/,2017-01-06
/kazakhstan_news/rukovodstvo-kompanii-minoboronyi-zapodozrili-hischenii-504575/,2023-07-12
/kazakhstan_news/akbokend-korgagan-koryikshyi-kudkt-sudya-jane-kaupszdk-374644/,2019-07-23
/asia/test-i-tescha-daniyara-kesikbaeva-popali-v-chernyiy-spisok-344099/,2018-05-13
/kazakhstan_news/zaderjanie-almatinskogo-sudi-snyali-na-video-382525/,2019-10-25
/kazakhstan_news/milliardnyie-summyi-uhodyat-pesok-sportivnyih-chinovnikov-329555/,2017-10-26
/sng/spetsslujbyi-zaderjali-eks-glavu-mchs-kyirgyizstana-556711/,2024-12-12
/kazakhstan_news/skandal-hischeniem-polumilliarda-tenge-minoboronyi-vernut-510424/,2023-09-14
/kazakhstan_news/o-krupnyih-hischeniyah-v-obrazovanii-dolojili-tokaevu-505591/,2023-07-24
/kazakhstan_news/sud-rassmatrivaet-delo-hischenii-3-milliardov-tenge-311483/,2017-02-03
/crime/politseyskiy-zakryil-delo-naezde-peshehoda-300-tyisyach-381171/,2019-10-09
/kazakhstan_news/kuda-zvonit-s-jalobami-na-korruptsiyu-vo-vremya-karantina-397221/,2020-04-03
/crime/27-milliona-tenge-zaplatit-inspektor-nelegalnuyu-torgovlyu-344520/,2018-05-18
/kazakhstan_news/zaderjan-zamglavyi-upravleniya-stroitelstva-kyizyilordinskoy-464197/,2022-03-14
/kazakhstan_news/rassledovanie-nachato-otnoshenii-rukovodstva-otdela-498138/,2023-05-03
/crime/chinovnika-poymali-s-polichnyim-v-pavlodarskoy-oblasti-358272/,2018-11-23
/kazakhstan_news/ablayu-myirzahmetovu-predyyavili-obvinenie-522931/,2024-01-15
/near_east/smi-pokazali-kakih-usloviyah-soderjatsya-11-zaderjannyih-330498/,2017-11-08
/kazakhstan_news/kuandyika-bishimbaeva-dostavili-sud-pervoe-poyavlenie-aresta-329855/,2017-10-31
/crime/v-natsbyuro-zayavili-o-zaderjanii-bolshih-rukovoditeley-346056/,2018-06-06
/kazakhstan_news/eks-majilismena-nurjana-altaeva-dostavili-v-sud-515237/,2023-10-31
/kazakhstan_news/glava-minfina-rasskazal-o-chistke-sobstvennyih-ryadov-318807/,2017-05-25
/kazakhstan_news/novoe-agentstvo-pri-prezidente-sozdadut-v-kazahstane-427036/,2021-01-26
/kazakhstan_news/antikor-zavershil-rassledovanie-dela-byivshego-vitse-558853/,2025-01-05
/kazakhstan_news/10-millionov-tenge-obeschayut-kazahstantsam-soobscheniya-390179/,2020-01-31
/kazakhstan_news/qarmet-vyiboryi-vozvrat-aktivov-klyuchevyie-sobyitiya-2023-521698/,2023-12-30
/crime/politseyskie-v-aktobe-podozrevayutsya-vo-vzyatochnichestve-363818/,2019-02-22
/kazakhstan_news/kayrat-satyibaldyiulyi-kupil-otel-nahodyas-strajey-deputat-501149/,2023-06-05
/kazakhstan_news/shpekbaev-predlojil-privlech-otvetstvennosti-rukovoditeley-336546/,2018-01-31
/kazakhstan_news/chinovnika-iz-taldyikorgana-zapodozrili-v-korruptsii-381104/,2019-10-09
/kazakhstan_news/mvd-i-antikor-obyedinyatsya-v-borbe-s-korruptsiey-465945/,2022-04-07
/crime/arestovan-glavnyiy-ekolog-vostochno-kazahstanskoy-oblasti-519599/,2023-12-08
/kazakhstan_news/rukovodstvo-polikliniki-zapodozrili-sbore-deneg-nadbavok-407761/,2020-07-09
/kazakhstan_news/sotrudnitsu-departamenta-adgspk-osudili-hischeniya-karagande-344198/,2018-05-14
/kazakhstan_news/zaderjan-zamestitel-glavyi-departamenta-ekologii-vko-517734/,2023-11-22
/kazakhstan_news/rukovoditeley-ministerstva-obrazovaniya-nauki-obvinili-377702/,2019-08-28
/kazakhstan_news/sagintaev-markirovke-tovarov-te-soprotivlyaetsya-332428/,2017-12-04
/kazakhstan_news/zaderjanyi-doljnostnyie-litsa-v-treh-regionah-kazahstana-313424/,2017-03-03
/crime/10-millionov-tenge-prosili-biznes-ledi-reshenie-voprosa-ser-339729/,2018-03-13
/near_east/premer-izrailya-priznal-vinovnyim-delu-korruptsii-428338/,2021-02-08
/kazakhstan_news/antikor-zavershil-rassledovanie-delu-glavyi-departamenta-553636/,2024-11-11
/kazakhstan_news/nakazyivat-chinovnikov-nezakonnoe-obogaschenie-predlojil-370607/,2019-06-05
/crime/arestovan-pervyiy-zamestitel-nachalnika-dvd-na-transporte-355212/,2018-10-09
/kazakhstan_news/v-astane-pridumali-sposob-borbyi-s-poddelnyimi-bolnichnyimi-361810/,2019-01-22
/kazakhstan_news/kabinet-potaynoy-komnatoy-bilyardom-antikor-otreagiroval-480998/,2022-10-20
/kazakhstan_news/zamrukovoditelya-upravleniya-osujden-8-let-lisheniya-488458/,2023-01-13
/kazakhstan_news/vitse-ministra-zdravoohraneniya-doprosili-sude-delu-474701/,2022-08-05
/kazakhstan_news/sotrudnika-departamenta-gosdohodov-osudili-vzyatku-aktobe-367011/,2019-04-12
/kazakhstan_news/kazahstantsam-zaplatyat-34-milliona-tenge-soobscheniya-430687/,2021-03-03
/kazakhstan_news/glava-komiteta-mir-rk-sozdal-opg-natsbyuro-313626/,2017-03-06
/kazakhstan_news/chinovniki-tsifrovoy-sferyi-poluchili-sroki-korruptsiyu-538672/,2024-06-18
/crime/arestovan-zamestitel-glavyi-agrarnoy-kreditnoy-korporatsii-355704/,2018-10-16
/kazakhstan_news/rassledovanie-otnoshenii-sudi-zaversheno-almatinskoy-oblasti-545015/,2024-08-16
/kazakhstan_news/eljan-birtanov-pod-domashnim-arestom-advokat-419436/,2020-11-07
/kazakhstan_news/chinovniki-doljnyi-nesti-finansovuyu-otvetstvennost-proverki-314198/,2017-03-15
/kazakhstan_news/dariga-nazarbaeva-podnyala-vopros-konflikte-interesov-360401/,2018-12-27
/kazakhstan_news/sotrudnik-akimata-uralska-vyidal-jene-kvartiru-543128/,2024-07-30
/world_news/lukashenko-poruchil-prosherstit-puzatyih-burjuev-405033/,2020-06-11
/kazakhstan_news/ispolzovanie-slujebnyih-avto-vne-rabotyi-nakazali-339328/,2018-03-06
/kazakhstan_news/politseyskih-zaderjali-v-neskolkih-regionah-kazahstana-365363/,2019-03-19
/latin/siloviki-okrujili-dom-eks-prezidenta-gondurasa-461960/,2022-02-15
/kazakhstan_news/15-milliona-dollarov-izyyali-byivshego-otvetsekretarya-mid-352250/,2018-08-24
/crime/chinovnitsa-brala-vzyatki-pokrovitelstvo-atyirauskoy-oblasti-400730/,2020-04-30
/kazakhstan_news/vzyatku-polmilliona-chinovnik-kostanayskoy-oblasti-sel-382159/,2019-10-22
/world_news/yujnoy-koree-sanktsionirovali-rassledovanie-protiv-pervoy-556779/,2024-12-12
/kazakhstan_news/podast-li-akim-zko-v-otstavku-posle-suda-nad-zamestitelem-508129/,2023-08-21
/crime/prestupleniya-vyidumyivalis-tam-ih-glava-antikora-472653/,2022-07-08
/kazakhstan_news/sotrudniki-pravitelstva-grajdan-mvd-pyitalis-obmanut-sistemu-561279/,2025-01-31
/kazakhstan_news/arujan-sain-zayavila-hischeniyah-sanatorii-onkobolnyih-detey-429067/,2021-02-16
/kazakhstan_news/novyiy-akim-oblasti-samaya-vyisokaya-zarplata-obzor-glavnyih-550517/,2024-10-09
/asia/eks-ministra-prigovorili-smertnoy-kazni-korruptsiyu-kitae-478489/,2022-09-22
/kazakhstan_news/najivalsya-gore-lyudey-chinovnika-osudili-aktyubinskoy-555081/,2024-11-26
/asia/premer-ministr-yaponii-izvinilsya-ujin-syina-chinovnikami-429736/,2021-02-22
/kazakhstan_news/ugolovnikov-sredi-chinovnikov-nashel-zamestitel-shpekbaeva-373622/,2019-07-11
/kazakhstan_news/nazvanyi-korruptsionnyie-riski-programmyi-bolashak-399097/,2020-04-17
/crime/eks-zampred-pravitelstva-grajdan-peredaval-vzyatku-332553/,2017-12-05
/kazakhstan_news/vzyatku-ofisnyim-kreslom-poluchil-nachalnik-kolonii-496839/,2023-04-18
/kazakhstan_news/gossekretyi-biznes-soglasie-vzyatku-opublikovanyi-novyie-427660/,2021-02-01
/kazakhstan_news/ministrlk-kay-onrlerde-politseyler-para-almaytyinyin-ayttyi-392259/,2020-02-20
/kazakhstan_news/prichinu-razrusheniya-dorog-nazvali-antikorruptsionnoy-393792/,2020-03-06
/kazakhstan_news/podrobnosti-del-byivshih-vitse-ministrov-energetiki-353983/,2018-09-20
/crime/spetsoperatsiya-antikora-poyavilis-podrobnosti-452726/,2021-11-01
/crime/sud-vyines-prigovor-delu-narodnogo-artista-tungyishbaya-318890/,2017-06-01
/kazakhstan_news/zaderjan-vtoroy-eks-zamestitel-glavyi-upravleniya-463925/,2022-03-11
/kazakhstan_news/kuda-jalovatsya-na-chinovnikov-395970/,2020-03-25
/kazakhstan_news/glava-natstsentra-testirovaniya-ozvuchil-svoyu-zarplatu-390881/,2020-02-07
/kazakhstan_news/akim-kostanaya-mojet-uyti-v-otstavku-410657/,2020-08-07
/kazakhstan_news/zaderjan-zamestitel-gendirektora-respublikanskogo-tsentra-316024/,2017-04-13
/boxing/antikor-doprosil-kanata-islama-delu-vechere-boksa-vremya-433224/,2021-03-31
/crime/zaderjan-zamestitel-akima-rayona-v-karagandinskoy-oblasti-323076/,2017-07-26
/kazakhstan_news/figurantyi-dela-bishimbaeva-ispolzovali-kodovoe-slovo-ot-330403/,2017-11-07
/kazakhstan_news/semeryih-soobschnikov-ablyazova-budut-sudit-v-almatyi-374860/,2019-07-25
/kazakhstan_news/kazahstan-proveryat-na-zrelost-sistemyi-borbyi-s-korruptsiey-433765/,2021-04-06
/kazakhstan_news/glavnyiy-nalogovik-kazahstana-otvetil-na-kritiku-antikora-427870/,2021-02-03
/kazakhstan_news/tokaev-podpisal-zakon-otvetstvennosti-ministrov-korruptsiyu-385185/,2019-11-28
/kazakhstan_news/2-milliarda-tenge-vmesto-10-let-izvestno-byivshem-zamakima-386490/,2019-12-13
/newseducation/direktora-kolledja-ulichili-zloupotreblenii-polnomochiyami-546937/,2024-09-04
/kazakhstan_news/mertvyie-dushi-poluchali-millionyi-tsentre-detey-invalidov-377120/,2019-08-21
/crime/video-novyih-zaderjaniy-pokazali-v-adgspk-362915/,2019-02-08
/crime/11-politseyskih-astanyi-osujdenyi-za-poluchenie-vzyatki-327614/,2017-09-30
/near_east/saudovskoy-aravii-zaderjanyi-11-printsev-er-riyadom-330282/,2017-11-05
/crime/vzyatku-razmere-4-500-000-tenge-zaderjan-glavnyiy-inspektor-306013/,2016-11-12
/crime/hischenie-vyidelennyih-modulnuyu-bolnitsu-deneg-rassleduyut-426292/,2021-01-18
/kazakhstan_news/chetveryih-sudey-nakazali-za-vzyatki-za-2-goda-v-almatyi-411063/,2020-08-12
/kazakhstan_news/17-millionov-tenge-pohitila-buhgalter-shkolyi-atyirauskoy-404502/,2020-06-05
/kazakhstan_news/korruptsiya-v-akimatah-sostavlen-reyting-po-regionam-476799/,2022-09-02
/sng/bishkeke-zaderjali-brata-eks-prezidenta-kyirgyizstana-438965/,2021-05-31
/kazakhstan_news/brifing-antikorruptsionnoy-slujbyi-onlayn-434118/,2021-04-09
/kazakhstan_news/kuda-soobschat-o-korruptsii-v-fonde-medstrahovaniya-415261/,2020-09-26
/kazakhstan_news/kazahstane-nachnut-uvolnyat-politseyskih-iz-za-lichnyih-543177/,2024-07-31
/kazakhstan_news/chinovnika-chempiona-otpustili-pod-domashniy-arest-v-aktau-365090/,2019-03-15
/crime/vzyatka-osvobojdenie-docheri-zaderjanie-astanchanki-snyali-405857/,2020-06-19
https://tengrisport.kz/tnsport/potratili-14-trilliona-reyting-sporta-snijaetsya-antikore-531160/,2024-04-03
/kazakhstan_news/chto-proizoshlo-v-kazahstane-segodnya-13-marta-529139/,2024-03-13
/kazakhstan_news/zaderjanie-rukovoditeley-ao-bayterek-development-306358/,2016-11-17
/kazakhstan_news/gde-v-kazahstane-chasche-vsego-jaluyutsya-na-korruptsiyu-378967/,2019-09-12
/kazakhstan_news/kazahstan-141-m-meste-reytinge-borbe-otmyivaniem-deneg-463507/,2022-03-04
/kazakhstan_news/spisok-korruptsionerov-kazahstana-obeschayut-opublikovat-366953/,2019-04-11
/kazakhstan_news/13-faktov-korruptsii-sredi-politseyskih-zaregistrirovano-341042/,2018-03-31
/kazakhstan_news/rukovoditel-rayonnogo-otdela-obrazovaniya-zaderjana-vzyatku-522363/,2024-01-06
/kazakhstan_news/gendirektor-dochki-kmg-osujden-za-vzyatku-389973/,2020-01-29
/asia/eks-premer-yaponii-izvinilsya-za-skandal-s-rastratoy-deneg-424100/,2020-12-24
/kazakhstan_news/vskryit-shemyi-bortsyi-korruptsiey-zainteresovalis-351184/,2018-08-09
/sng/karin-protivostoyanie-komandami-byivshego-nyineshnego-345432/,2018-05-30
/near_east/dvuh-chlenov-korolevskoy-semi-zapodozrili-korruptsii-412792/,2020-09-01
/kazakhstan_news/kazakpyiz-goy-videojeton-snyali-popyitku-podkupit-349387/,2018-07-17
/kazakhstan_news/nam-nujno-bit-po-chinovnikam-tokaev-o-korruptsii-453062/,2021-11-04
/kazakhstan_news/jivuschih-ne-sredstvam-chinovnikov-budut-proveryat-451239/,2021-10-14
/kazakhstan_news/sotrudnik-antikorruptsionnoy-slujbyi-postradal-zaderjanii-309486/,2017-01-05
/kazakhstan_news/vmesto-sadovyih-domikov-almatyi-stroilis-jk-rasskazali-542098/,2024-07-22
/kazakhstan_news/delo-eks-rektora-muit-pohischennyie-milliardyi-tratilis-391272/,2020-02-12
/kazakhstan_news/brata-ministra-truda-otpravili-domashniy-arest-izvestno-401771/,2020-05-11
/kazakhstan_news/kursyi-dobroporyadochnosti-predlojili-otkryit-vuzah-372344/,2019-06-26
/kazakhstan_news/nachalos-rassledovanie-v-otnoshenii-shyimkentskogo-advokata-381804/,2019-10-17
/kazakhstan_news/zaderjan-nahodivshiysya-rozyiske-byivshiy-direktor-enbek-441697/,2021-06-28
/crime/psevdobortsa-s-korruptsiey-zaderjali-v-turkestane-402360/,2020-05-15
/russia/zaderjan-esche-odin-vyisokopostavlennyiy-voennyiy-v-rf-546701/,2024-09-02
/kazakhstan_news/glavnyiy-sanvrach-astanyi-nashe-vremya-krug-chinovnikov-363176/,2019-02-13
/kazakhstan_news/zaderjan-zamgendirektora-oil-construction-company-mangistau-517717/,2023-11-22
/kazakhstan_news/senat-vernul-majilis-zakonoproekt-protivodeystvii-korruptsii-414387/,2020-09-17
/crime/eks-chinovnika-iz-sko-zapodozrili-v-otmyivanii-deneg-379899/,2019-09-24
/russia/rossiyskogo-chinovnika-uvolili-iz-za-kupivshey-66-mashin-359550/,2018-12-13
/kazakhstan_news/myirzahmetov-predlagal-osvobodit-kayrata-boranbaeva-iz-pod-523233/,2024-01-15
/crime/predsedatel-smus-poprosil-davit-sud-eks-glavu-enpf-erdenaeva-334988/,2018-01-09
/kazakhstan_news/prezident-korruptsionnyih-skandalah-nado-davat-brat-budut-334069/,2017-12-25
/crime/vzyatki-otkatyi-podstrekatelstvo-zaderjanyi-sotrudniki-semi-365368/,2019-03-19
/kazakhstan_news/antikor-vyiyavil-1200-kazahstantsev-poluchivshih-vyisshee-542116/,2024-07-22
/kazakhstan_news/chasche-stalkivayutsya-korruptsiey-kazahstantsyi-opros-402363/,2020-05-15
/crime/glavu-upravleniya-akimata-ulyitau-zapodozrili-v-korruptsii-526115/,2024-02-12
/kazakhstan_news/sudi-akimyi-posol-statistiku-korruptsii-sostavili-kazahstane-435835/,2021-04-27
/kazakhstan_news/shpekbaev-rasskazal-14-chinovnikah-kotoryie-doljnyi-podat-425959/,2021-01-14
/crime/nazvanyi-oblasti-s-samoy-korrumpirovannoy-meditsinoy-380769/,2019-10-04
/crime/v-mir-rk-rasskazali-o-zaderjannom-glave-komiteta-313637/,2017-03-06
/news/vyisokopostavlennyim-sotrudnikam-mchs-vyinesli-prigovor-511739/,2023-09-27
/kazakhstan_news/eks-direktora-skoroy-pomoschi-osudili-v-almatyi-423962/,2020-12-23
/kazakhstan_news/50-milliardov-tenge-planiruetsya-vernut-gosudarstvu-delu-532000/,2024-04-11
/kazakhstan_news/karin-protivodeystvie-korruptsii-vajneyshee-napravlenie-473500/,2022-07-19
/russia/sledovateli-obyyasnili-proishojdenie-milliardov-polkovnika-354851/,2018-10-03
/kazakhstan_news/davyat-rodstvenniki-psiholog-nazvala-prichinyi-korruptsii-410959/,2020-08-11
/kazakhstan_news/tokaev-zayavil-prilojit-konkretnyie-usiliya-borbe-368060/,2019-04-26
/crime/eks-pomoschnika-ministra-obrazovaniya-osudili-424235/,2020-12-25
/crime/poyavilos-operativnoe-video-po-delu-bortsa-s-narkobiznesom-408636/,2020-07-17
/kazakhstan_news/zaderjan-pervyiy-zamestitel-akima-atyirauskoy-oblasti-smi-413780/,2020-09-10
/crime/eks-glava-kazahavtodora-rasskazal-sude-vzyatkah-sotrudnikam-339020/,2018-03-02
/kazakhstan_news/dvoih-politseyskih-nachalnikov-otstranili-aresta-390627/,2020-02-05
/kazakhstan_news/glava-otdela-politsii-sledovatel-podozrevayutsya-poluchenii-500453/,2023-05-30
/usa/v-fbr-vyiskazalis-o-borbe-s-korruptsiey-v-kazahstane-332215/,2017-11-30
/kazakhstan_news/reagiruem-lyubyie-melochi-shpekbaev-chistke-ryadov-adgspk-341301/,2018-04-04
/kazakhstan_news/148-politseyskih-uvolenyi-v-almatyi-338395/,2018-02-23
/crime/treboval-snyat-saunu-toyota-camry-podrobnosti-dela-byivshego-390871/,2020-02-07
/kazakhstan_news/eks-glavu-npp-ablaya-myirzahmetova-dostavili-v-sud-522929/,2024-01-15
/kazakhstan_news/15-zaderjali-svyazi-hischeniem-16-milliardov-tenge-jetyisu-504601/,2023-07-12
/kazakhstan_news/osujdennyiy-korruptsiyu-stal-rukovoditelem-meduchrejdeniya-376139/,2019-08-10
/kazakhstan_news/situatsii-korruptsiey-spetstsonah-rasskazali-kazahstantsam-537590/,2024-06-06
/kazakhstan_news/nazvanyi-samyie-korrumpirovannyie-akimatyi-391464/,2020-02-13
/crime/glavbuh-kolledja-almatyi-podozrevaetsya-hischenii-14-385113/,2019-11-27
/crime/obvinyaemyiy-poluchenii-millionnoy-vzyatki-pavlodarskiy-322943/,2017-07-24
/kazakhstan_news/antikor-obsudil-obmen-dannyimi-genprokuraturoy-azerbaydjana-537350/,2024-06-04
/kazakhstan_news/nachalsya-sud-nad-bratom-ministra-nuryimbetova-411160/,2020-08-13
/kazakhstan_news/glava-filiala-kreditnoy-korporatsii-bral-vzyatki-ot-fermerov-542414/,2024-07-24
/kazakhstan_news/150-millionov-tenge-zavyisili-chinovniki-tarif-pavlodarskoy-393098/,2020-02-28
/kazakhstan_news/milliona-tenge-doljnost-chinovnika-podozrevayut-426745/,2021-01-22
/kazakhstan_news/shkolniki-boryutsya-korruptsiey-rasskazali-agentstve-delam-317791/,2017-05-11
/kazakhstan_news/chto-proizoshlo-v-kazahstane-segodnya-8-fevralya-525762/,2024-02-08
/kazakhstan_news/kompaniya-iz-ofshornoy-zonyi-sotrudnichaet-s-mvd-deputat-332124/,2017-11-29
/kazakhstan_news/nazvana-familiya-podozrevaemogo-korruptsii-eks-glavyi-fonda-374871/,2019-07-26
/kazakhstan_news/v-kazahstane-vvedut-reyting-dobroporyadochnosti-gosorganov-390187/,2020-01-31
/kazakhstan_news/skandal-razgorelsya-v-odnoy-iz-shkol-shyimkenta-365071/,2019-03-15
/crime/3-iz-10-figurantov-dela-ob-lrt-nahodyatsya-v-rozyiske-390190/,2020-01-31
/kazakhstan_news/natskompanii-obyajut-sozdavat-svoi-antikorruptsionnyie-399385/,2020-04-20
/kazakhstan_news/95-nachalnikov-politseyskih-uvolili-za-chp-s-podchinennyimi-392256/,2020-02-20
/crime/delo-jamankulova-rejisser-talgad-janyibekov-nachal-pogashat-317744/,2017-05-10
/kazakhstan_news/zakonoproekt-vozvrate-nezakonno-priobretennyih-aktivov-503466/,2023-06-29
/kazakhstan_news/eks-sotrudniku-kazahstanskoy-tamojni-vyinesli-prigovor-556787/,2024-12-13
/kazakhstan_news/zamakima-mangistauskoy-oblasti-vnov-otstranili-ot-rabotyi-470072/,2022-06-03
/russia/osvobojdat-gosslujaschih-nakazaniya-nechayannuyu-korruptsiyu-431325/,2021-03-11
/kazakhstan_news/zapretit-udo-korruptsioneram-predlojil-shpekbaev-382940/,2019-10-31
/kazakhstan_news/normu-zaprete-udo-korruptsionerov-priznali-konstitutsionnoy-558330/,2024-12-28
/story/tut-chto-to-tak-bortsu-korruptsiey-predlojili-krasivyiy-391119/,2020-02-10
/crime/rossiyanin-ukral-222-milliona-tenge-stroitelstve-dorogi-338377/,2018-02-23
/crime/v-korruptsii-zapodozrili-sotrudnika-stolichnogo-sannadzora-367424/,2019-04-18
/kazakhstan_news/passivnyih-borbe-korruptsiey-ministrov-akimov-budut-438530/,2021-05-26
/kazakhstan_news/sotrudnikov-upravleniya-obrazovaniya-shyimkenta-osudili-506404/,2023-08-02
/kazakhstan_news/sud-vyines-prigovor-eks-direktoru-kostanayskogo-filiala-339113/,2018-03-03
/kazakhstan_news/pyateryim-figurantam-dela-bishimbaeva-vyinesut-otdelnyiy-336580/,2018-01-31
/kazakhstan_news/kazakstanda-byiltyir-kyilmyis-jasagandardyin-265-payyizyi-428109/,2021-02-05
/crime/prekrascheno-delo-hischeniyah-stroitelstve-metro-almatyi-350751/,2018-08-03
/kazakhstan_news/povyisit-zarplatu-gosslujaschim-predlojil-izvestnyiy-384052/,2019-11-14
/crime/nazvano-samoe-korrumpirovannoe-predpriyatie-v-sisteme-kuis-380095/,2019-09-26
/kazakhstan_news/kazahstan-zanyal-113-e-mesto-indekse-vospriyatiya-korruptsii-389446/,2020-01-23
/kazakhstan_news/direktora-filiala-kazavtojola-v-vko-zapodozrili-vo-vzyatke-381522/,2019-10-14
/crime/shtraf-2-milliarda-tenge-doljnyi-vyiplatit-osujdennyie-delu-340047/,2018-03-16
/kazakhstan_news/glava-mintransporta-rasskazal-skolkih-podchinennyih-osudili-538026/,2024-06-11
/kazakhstan_news/proizvoditeli-postoyanno-jaluyutsya-korruptsiyu-460786/,2022-02-01
/crime/zaderjanyi-rukovoditeli-ao-bayterek-development-306354/,2016-11-17
/crime/komandira-voyskovoy-chasti-podozrevayut-korruptsii-poyavilos-400693/,2020-04-30
/kazakhstan_news/shpekbaev-zayavil-o-snijenii-korruptsii-v-kazahstane-354455/,2018-09-27
/kazakhstan_news/nachalnika-stantsii-almatyi-1-oshtrafovali-za-vzyatku-378343/,2019-09-05
/kazakhstan_news/bishimbaev-ulyukaev-zaderjaniy-podpisali-soglashenie-4-309854/,2017-01-11
/kazakhstan_news/skolko-poluchili-kazahstantsyi-za-soobscheniya-o-korruptsii-524207/,2024-01-28
/world_news/saudovskogo-printsa-prigovorili-k-smertnoy-kazni-441707/,2021-06-29
/kazakhstan_news/v-pokrovitelstve-biznesu-jenyi-zapodozrili-chinovnika-384127/,2019-11-15
/kazakhstan_news/direktora-filiala-kaztemirtransa-osudili-za-vzyatku-na-6-let-479653/,2022-10-06
/near_east/obvinyaemyie-korruptsii-saudovskie-printsyi-otstranenyi-330581/,2017-11-09
/kazakhstan_news/nazvanyi-samyie-korruptsionnyie-sfere-obrazovaniya-regionyi-305898/,2016-11-10
/kazakhstan_news/bolshe-vsego-korruptsionerov-vyiyavili-v-akimatah-i-politsii-357739/,2018-11-15
/kazakhstan_news/brata-ministra-truda-sudyat-za-korruptsiyu-i-moshennichestvo-420462/,2020-11-18
/kazakhstan_news/bakyitgul-hamenova-vyistupila-s-emotsionalnoy-rechyu-v-sude-477461/,2022-09-10
/mixnews/pervoe-svidanie-s-korruptsiey-310325/,2017-01-18
/kazakhstan_news/pochemu-bishimbaev-ne-popal-pod-amnistiyu-345161/,2018-05-25
/kazakhstan_news/6-millionnyiy-shtraf-vzyatku-vyipisali-chinovniku-375228/,2019-07-30
/crime/erdenaev-kontse-2016-goda-pisal-zayavlenie-nepravomernom-336054/,2018-01-24
/asia/podozrevaemogo-hischenii-polumilliarda-dollarov-bankira-348858/,2018-07-11
/kazakhstan_news/nazvanyi-samyie-nekorrumpirovannyie-vuzyi-v-almatyi-338691/,2018-02-27
/crime/kaj-komitetne-karastyi-mekemenn-2-mamanyi-187-million-tenge-399839/,2020-04-23
/crime/v-dva-raza-uvelichili-shtrafyi-za-dachu-vzyatki-v-kazahstane-425313/,2021-01-08
/kazakhstan_news/poboryi-v-shkolah-nelzya-schitat-korruptsiey-adgspk-351180/,2018-08-09
/kazakhstan_news/nazvanyi-samyie-korrumpirovannyie-strukturyi-kazahstane-306487/,2016-11-20
/kazakhstan_news/trillionyi-tenge-chem-obvinyayut-byivshego-vitse-ministra-506230/,2023-07-31
/sng/roskoshnyie-doma-korruptsionerov-otdadut-detsadyi-385752/,2019-12-05
/kazakhstan_news/vzyatka-v-30-tyisyach-dollarov-zaderjanyi-sotrudniki-mvd-rk-334656/,2018-01-04
/crime/direktor-shkolyi-poluchil-3-goda-vzyatku-150-tyisyach-tenge-383834/,2019-11-12
/kazakhstan_news/oblasti-jetyisu-proshla-masshtabnaya-kampaniya-borbe-558467/,2024-12-30
/kazakhstan_news/11-politicheskih-rukovoditeley-doljnyi-podat-otstavku-399688/,2020-04-22
/kazakhstan_news/sud-nad-vitse-ministrom-suhanberdievoy-sostoitsya-9-iyulya-372884/,2019-07-05
/kazakhstan_news/nachato-rassledovanie-otnoshenii-rukovodstva-samruk-kazyina-463451/,2022-03-03
/kazakhstan_news/uvolnenie-shtraf-raznitsey-dohodah-rashodah-chinovnikov-462038/,2022-02-16
/crime/eks-rukovoditeley-fonda-medstrahovaniya-zaveli-ugolovnoe-408630/,2020-07-17
/kazakhstan_news/bishimbaevu-ermegiyaevu-budut-smyagchat-nakazaniya-350254/,2018-07-27
/kazakhstan_news/rekonstruktsiya-kotelnyih-bolnitsah-shkolah-almatyi-antikor-554037/,2024-11-14
/kazakhstan_news/chinovnik-proyasnil-situatsiyu-vokrug-zavoda-kotorom-pogorel-312149/,2017-02-14
/crime/akim-rayona-saryiarka-astane-prokommentiroval-zaderjanie-309452/,2017-01-05
/kazakhstan_news/trenirovki-bumage-pomoschnik-shpekbaeva-rasskazal-korruptsii-342355/,2018-04-18
/kazakhstan_news/kaznete-obsujdayut-video-dengami-snyatoe-yakobyi-dome-380370/,2019-09-30
/crime/jenschinyi-stali-chasche-sovershat-korruptsionnyie-428123/,2021-02-05
/kazakhstan_news/predlojenie-vzyatki-mogut-kriminalizirovat-v-kazahstane-423794/,2020-12-22
/crime/kredityi-vzyatku-direktora-tsentra-zanyatosti-obvinili-382878/,2019-10-30
/kazakhstan_news/kgd-proveryaet-fakt-pokupki-kvartiryi-parije-65-millionov-332248/,2017-11-30
/crime/vzyatku-baranami-poluchil-chinovnik-v-shyimkente-432700/,2021-03-26
/crime/veterinara-oshtrafovali-na-3-milliona-za-vzyatku-v-sko-380071/,2019-09-26
https://tengrisport.kz/tnsport/vyidacha-zvaniy-ljesportsmenam-chto-izmenilos-v-kazahstane-556702/,2024-12-12
/kazakhstan_news/ya-chto-to-dvigayu-zamakima-pavlodara-tom-pod-podushkoy-515283/,2023-10-31
/kazakhstan_news/mertvyie-dushi-nashli-v-sotsialnom-tsentre-atyirau-558083/,2024-12-26
/kazakhstan_news/kazahstan-zanyal-73-mesto-reytinge-borbe-otmyivaniem-deneg-419883/,2020-11-12
/kazakhstan_news/bakauovu-zapretili-polzovatsya-telefonom-i-prinimat-gostey-392085/,2020-02-19
/kazakhstan_news/vyinesen-prigovor-rukovoditelyam-operator-rop-eks-vitse-503828/,2023-07-03
/internet/telegram-otkryit-kanal-agentstva-delam-gosslujbyi-335137/,2018-01-11
/kazakhstan_news/kakih-regionah-kazahstana-gosslujaschie-sovershili-311769/,2017-02-08
/kazakhstan_news/delo-areste-nachalnikov-politsii-jitikare-priobrelo-363536/,2019-02-19
/kazakhstan_news/17-akimov-11-glav-natskompaniy-pechalnuyu-statistiku-364091/,2019-02-26
/autonews/okrashennyie-tenge-budut-ispolzovat-dlya-stroitelstva-dorog-547105/,2024-09-05
/crime/kriminalnuyu-shemu-razoblachili-v-komitete-mne-382376/,2019-10-24
/world_news/navalnyiy-obnarujil-televeduschey-asker-zade-yahtu-samolet-385617/,2019-12-03
/kazakhstan_news/treh-krupneyshih-vuzah-karagandyi-ustroili-taynuyu-proverku-373941/,2019-07-16
/markets/arest-saudovskih-printsev-stal-podarkom-dlya-kazahstana-330779/,2017-11-11
/kazakhstan_news/antikorruptsionnyie-slujbyi-kazahstana-katara-dogovorilis-539575/,2024-06-26
/russia/odin-sklad-deneg-nashli-kvartire-materi-polkovnika-330241/,2017-11-04
/kazakhstan_news/ar-tenge-oznn-maksatyina-say-jumsaluyi-kerek-prezident-411744/,2020-08-19
/allsports/dengi-prosto-voruyutsya-boksersha-kazahstana-vyistupila-423832/,2020-12-22
/kazakhstan_news/vrachi-bolnitsyi-kokshetau-vyidvinuli-ultimatum-rukovodstvu-452273/,2021-10-27
/kazakhstan_news/skandal-programmoy-pereseleniya-sever-mintruda-sdelali-547941/,2024-09-13
/kazakhstan_news/pyat-kazahstantsev-yavilis-povinnoy-besed-ih-rodstvennikami-398544/,2020-04-14
/crime/chinovniki-prodavali-pensii-podrobnosti-gromkogo-dela-351931/,2018-08-20
/kazakhstan_news/politseyskih-gosslujaschih-kazahstane-budut-proveryat-560393/,2025-01-22
/kazakhstan_news/rukovoditelya-tsentra-olimpiyskoy-podgotovki-snyali-video-386778/,2019-12-18
/kazakhstan_news/zaderjan-byivshiy-vitse-ministr-kulturyi-i-sporta-528082/,2024-03-01
/kazakhstan_news/105-sotrudnikov-sferyi-selskogo-hozyaystva-osudili-389391/,2020-01-22
/kazakhstan_news/nazvan-top-5-ministerstv-po-kolichestvu-korruptsionerov-391450/,2020-02-13
/kazakhstan_news/nachalos-glavnoe-sudebnoe-razbiratelstvo-delu-ablaya-523847/,2024-01-22
/crime/chinovniki-poluchili-po-6-let-kolonii-za-moshennichestvo-374170/,2019-07-18
/crime/eks-glave-enpf-ruslanu-erdenaevu-prodlen-arest-shesti-319016/,2017-05-29
https://tengrisport.kz/around_sports/poymali-na-korruptsii-barselonu-mogut-isklyuchit-iz-la-ligi-491346/,2023-02-16
/kazakhstan_news/kuandyik-bishimbaev-arestovan-309911/,2017-01-13
/crime/opublikovano-video-zaderjaniya-zamglavyi-dgd-mangistauskoy-354263/,2018-09-25
/kazakhstan_news/politseyskogo-nachalnika-uralska-podozrevayut-v-korruptsii-495171/,2023-03-31
/kazakhstan_news/dengi-na-remont-dorog-pohitili-v-kapshagae-414531/,2020-09-18
/asia/arestovana-ministr-kulturyi-yujnoy-korei-310554/,2017-01-21
/kazakhstan_news/kazahstane-1-iyulya-izmenitsya-sistema-prodaji-j-d-biletov-370352/,2019-06-01
/kazakhstan_news/vyi-mojete-podnyat-bunt-anuar-jangozin-roditelyam-poborah-342410/,2018-04-19
/kazakhstan_news/v-sozdanii-opg-zapodozrili-talgarskih-chinovnikov-397085/,2020-04-02
/kazakhstan_news/novosti-za-31-maya-chto-sluchilos-v-kazahstane-segodnya-536968/,2024-05-31
/kazakhstan_news/minselhoze-otvetili-zayavlenie-antikora-prestupnyih-shemah-453116/,2021-11-05
/kazakhstan_news/kartinyi-5-millionov-evro-konfiskovali-kazahstanskih-370791/,2019-06-07
/kazakhstan_news/arestovan-zamestitel-akima-rayona-v-almatyi-522210/,2024-01-04
/kazakhstan_news/eks-glava-apparata-akima-poluchil-srok-hischenie-700-547008/,2024-09-05
/kazakhstan_news/kokshetau-oglashen-prigovor-delu-osobo-krupnom-hischenii-466734/,2022-04-19
/russia/jurnalistyi-vyiyasnili-kupil-kvartiryi-taynoy-imperii-313655/,2017-03-07
/kazakhstan_news/glavnogo-nalogovika-pavlodarskoy-oblasti-opravdali-delu-383204/,2019-11-04
/kazakhstan_news/vozvrat-aktivov-mogut-dengi-oligarhov-potratit-stroitelstvo-520076/,2023-12-13
/russia/skandalnaya-replika-veduschego-soloveva-vyizvala-buryu-320451/,2017-06-16
/kazakhstan_news/v-nur-sultane-sudyat-byivshih-vitse-ministrov-energetiki-387547/,2019-12-27
/accidents/chinovnika-podozrevayut-hischenii-120-millionov-525327/,2024-02-05
/crime/10-millionov-tenge-toyota-zamglavyi-komiteta-sporta-obvinili-405846/,2020-06-19
/kazakhstan_news/soglasovyival-jk-narusheniyami-chem-obvinyayut-byivshego-544785/,2024-08-14
/kazakhstan_news/ministram-izbejat-nakazaniya-korruptsiyu-podchinennyih-355952/,2018-10-19
/europe/vyiyasnilis-novyie-podrobnosti-korruptsionnogo-skandala-v-es-488664/,2023-01-16
/story/uvolili-s-treh-mest-jitelnitsa-vko-pojalovalas-shpekbaevu-341290/,2018-04-04
/kazakhstan_news/glavnyie-novosti-segodnya-za-3-minutyi-523711/,2024-01-19
/kazakhstan_news/antikorruptsionnyiy-mural-poyavilsya-v-kokshetau-409616/,2020-07-27
/crime/antikor-nachal-rassledovanie-otnoshenii-vitse-ministra-496231/,2023-04-12
/crime/v-almatyi-arestovan-eks-akim-alatauskogo-rayona-ryispaev-389134/,2020-01-20
/crime/zaderjanie-chinovnika-snyali-na-video-v-almatyi-406532/,2020-06-26
/kazakhstan_news/direktora-veterinarnoy-stantsii-nakazali-vzyatku-almatinskoy-329596/,2017-10-27
/asia/oskorbivshiy-si-tszinpina-biznesmen-otpravilsya-tyurmu-18-414856/,2020-09-22
/kazakhstan_news/kuandyik-bishimbaev-ozvuchil-v-sude-svedeniya-o-dohodah-335052/,2018-01-10
/kazakhstan_news/chinovnika-priznali-vinovnyim-v-hischenii-23-milliona-tenge-544586/,2024-08-13
/kazakhstan_news/antikor-budet-obmenivatsya-informatsiey-so-stranami-sng-548718/,2024-09-21
/kazakhstan_news/zaderjan-nachalnik-departamenta-oboronyi-kyizyilordinskoy-334742/,2018-01-05
/news/zakonno-sobirat-dengi-roditeley-shkolah-otvet-499260/,2023-05-17
/crime/delo-hischeniyah-enpf-sude-rasskazali-delis-5-milliardov-330075/,2017-11-02
/kazakhstan_news/antikore-nazvali-summyi-vzyatok-kotoryimi-lovili-chinovnikov-520192/,2023-12-31
/kazakhstan_news/departament-po-borbe-s-korruptsiey-likvidirovali-v-astane-492911/,2023-03-06
/crime/arest-generala-kopbaeva-prokommentirovali-v-minoboronyi-390619/,2020-02-05
/kazakhstan_news/zaderjanyi-sotrudniki-tamojennogo-posta-nur-jolyi-410938/,2020-08-11
/kazakhstan_news/eks-direktor-predpriyatiya-osujden-hischenie-100-millionov-527206/,2024-02-22
/crime/ofitser-osobo-vajnyim-delam-natsbyuro-arestovan-kostanae-363028/,2019-02-11
/kazakhstan_news/piratskiy-microsoft-office-ustanavlivali-uchrejdeniya-354235/,2018-09-24
/kazakhstan_news/stali-izvestnyi-podrobnosti-rassledovaniya-otnoshenii-315322/,2017-04-03
/sng/politicheskogo-tyajelovesa-zaderjali-v-uzbekistane-349151/,2018-07-14
/kazakhstan_news/natsbyuro-vozbudilo-delo-neskolkih-chinovnikov-atyirauskoy-366491/,2019-04-04
/crime/troih-chinovnikov-zaderjali-v-kostanayskoy-oblasti-355214/,2018-10-09
/events/jamankulov-otkazalsya-ot-priznatelnyih-pokazaniy-313770/,2017-03-09
/kazakhstan_news/bortsyi-korruptsiey-proverili-stantsiyu-skoroy-pomoschi-400080/,2020-04-25
/kazakhstan_news/chinovnikam-kazahstana-predlojili-vdvoe-povyisit-zarplatu-308993/,2016-12-28
/kazakhstan_news/delo-sk-farmatsiya-povtornogo-rassledovaniya-izuchayut-362030/,2019-01-25
/kazakhstan_news/zaderjan-glavnyiy-medik-severo-kazahstanskoy-oblasti-smi-449942/,2021-09-30
/kazakhstan_news/departamente-dobroporyadochnosti-poobeschali-zaschitit-375988/,2019-08-08
/kazakhstan_news/akimyi-proyavlyayuschie-apatiyu-bezdeystvie-doljnyi-453064/,2021-11-04
/world_news/samaya-molodaya-premer-ministr-mire-okazalas-tsentre-439477/,2021-06-05
/news/zamakima-rayona-zaderjali-iz-za-vyidachi-uchastkov-aeroporta-392163/,2020-02-20
/kazakhstan_news/jelayuschih-priglashayut-proverit-korruptsionnyie-riski-349483/,2018-07-18
/crime/sude-soobschili-areste-byivshego-zampreda-enpf-dabyira-316919/,2017-04-26
/other/prezidenta-yuar-obvinili-v-pohischenii-i-vzyatochnichestve-470078/,2022-06-03
/kazakhstan_news/krupnyih-vzyatochnikov-mogut-otmenit-shtrafyi-dosrochnoe-390759/,2020-02-06
/asia/prokuratura-dopustila-prichastnost-prezidenta-yujnoy-korei-306483/,2016-11-20
/kazakhstan_news/strannyie-rashodyi-shkolnyih-stolovyih-zainteresovali-498007/,2023-05-02
/kazakhstan_news/tokaev-nazval-prichinu-protestnyih-nastroeniy-411748/,2020-08-19
/kazakhstan_news/akima-osudili-za-razdachu-uchastkov-v-mangistau-377235/,2019-08-22
/crime/gosudarstvennyiy-slujaschiy-kokshetau-obvinil-bortsov-400744/,2020-05-04
/accidents/rukovoditel-erts-ormanyi-podozrevaetsya-vo-vzyatochnichestve-525409/,2024-02-06
/kazakhstan_news/aktyubinskih-chinovnikov-zapodozrili-nezakonnoy-vyidache-352917/,2018-09-04
/kazakhstan_news/podozritelnyiy-sklad-nashli-podvale-kardiotsentra-pavlodara-384537/,2019-11-20
/tengri-institutions/denejnyie-sboryi-shkolah-uchiteley-predupredili-nakazanii-550848/,2024-10-13
/crime/2-chinovnikov-iz-shyimkenta-zapodozrili-v-poluchenii-vzyatki-383214/,2019-11-04
/kazakhstan_news/mogut-privlech-jen-chinovnikov-roskoshnuyu-jizn-sotssetyah-399410/,2020-04-20
/sng/smi-rasskazali-proishojdenii-bogatstva-lolyi-karimovoy-328689/,2017-10-15
/crime/rassledovanie-otnoshenii-sudi-nachali-almatinskoy-oblasti-494449/,2023-03-24
/news/itogi-deyatelnosti-slujbyi-ekonomicheskih-rassledovaniy-414690/,2020-09-21
/kazakhstan_news/oljas-bektenov-vozglavil-antikorruptsionnuyu-slujbu-462919/,2022-02-25
/crime/nachalnika-rayonnogo-ovd-zaderjali-sko-poluchenii-vzyatki-316487/,2017-04-20
/kazakhstan_news/bishimbaev-proshu-proscheniya-u-glavyi-gosudarstva-334868/,2018-01-08
/kazakhstan_news/antikor-zaveduyuschie-detsadami-nanesli-mnogomillionnyiy-551853/,2024-10-23
/crime/9-let-kolonii-zaprosili-v-sude-dlya-zamakima-pavlodara-516084/,2023-11-07
/russia/televeduschiy-rossii-1-sergey-brilev-yavlyaetsya-poddannyim-358290/,2018-11-23
/crime/eks-nachalnik-politsii-obyyavlen-v-rozyisk-327593/,2017-09-30
/world_news/dud-noize-mc-i-drugie-vyistupili-v-podderjku-navalnogo-426558/,2021-01-21
/cinema/kreml-prokommentiroval-rech-sokurova-sorvavshuyu-ovatsii-315143/,2017-03-31
/crime/voennyih-nachalnikov-zapodozrili-poluchenii-deneg-perevod-412017/,2020-08-21
/crime/glavu-otdela-jkh-zkopodozrevayut-hischenii-7-millionov-tenge-353438/,2018-09-12
/kazakhstan_news/korruptsionnyie-riski-stroitelstve-dorog-nazvali-kazahstane-307025/,2016-11-28
/kazakhstan_news/zapret-vyiezd-doljnikov-stranyi-nazvali-kormushkoy-sudebnyih-324625/,2017-08-18
/kazakhstan_news/za-politseyskimi-i-sudyami-budut-sledit-spetsialnyie-lyudi-374853/,2019-07-25
/crime/glavu-tsentra-podderjki-natsionalnogo-kino-podozrevayut-403696/,2020-05-28
/crime/chinovnikov-kostanae-osudili-8-let-popyitku-poluchit-vzyatku-360119/,2018-12-23
/kazakhstan_news/kazahstanskiy-chempion-mira-okazalsya-zameshan-425654/,2021-01-12
/world_news/na-putina-podali-v-sud-384672/,2019-11-22
/kazakhstan_news/ministr-yustitsii-vyiskazalsya-o-dele-hrapunovyih-315407/,2017-04-04
/sng/podozreniyu-korruptsii-zaderjan-glava-tamojennoy-slujbyi-459450/,2022-01-18
/crime/v-karagande-za-vzyatku-arestovali-glavu-zemelnyih-otnosheniy-322839/,2017-07-22
/kazakhstan_news/arestovan-glava-tsentra-dermatologii-v-almatyi-542132/,2024-07-22
/kazakhstan_news/delo-eks-glavyi-atamekena-ablaya-myirzahmetova-postupilo-sud-521864/,2023-12-29
/crime/schetnom-komitete-rasskazali-arestovannyih-vzyatki-308740/,2016-12-23
/kazakhstan_news/ujinali-vip-kabinkah-sudey-verhovnogo-suda-prosyat-privlech-404398/,2020-06-04
/sng/562-sotrudnika-ministerstva-finansov-uvolili-jestkoy-rechi-334341/,2017-12-29
/kazakhstan_news/bortsyi-korruptsiey-proveryayut-bolashak-iz-za-otchetov-399101/,2020-04-17
/crime/sotrudniku-eko-posta-zamenili-nakazanie-na-lishenie-svobodyi-336610/,2018-02-01
/world_news/video-snyali-buldozer-rasplyuschil-76lyuksovyih-avto-55-350624/,2018-08-02
/russia/reestr-korruptsionerov-poyavilsya-v-rossii-339488/,2018-03-08
/kazakhstan_news/delo-eks-akima-kyizyilordinskoy-oblasti-postupilo-v-sud-410628/,2020-08-07
/kazakhstan_news/soobscheniya-ugolovnom-dele-protiv-bagdata-musina-otvetili-535202/,2024-05-15
/kazakhstan_news/informatsiya-o-korruptsionerah-stanet-publichnoy-537335/,2024-06-04
/kazakhstan_news/premer-ministru-izrailya-gotovyi-predyyavit-obvineniya-364283/,2019-02-28
/events/borets-korruptsiey-tokbergen-abiev-poluchil-tyuremnyiy-srok-359132/,2018-12-06
/kazakhstan_news/komandira-voennoslujaschego-zapodozrili-korruptsii-382846/,2019-10-30
/kazakhstan_news/45-milliona-tenge-vyiplatili-kazahstantsam-soobscheniya-365988/,2019-03-28
/kazakhstan_news/tokaev-poruchil-zapretit-udo-dlya-korruptsionerov-411791/,2020-08-19
/kazakhstan_news/notarius-byivshiy-sotrudnik-kmg-figuriruet-dele-bishimbaeva-329856/,2017-10-31
/crime/vertoletyi-kvartiryi-millionyi-konfiskovali-amanbaeva-drugih-312776/,2017-02-22
/crime/deputatu-byivshemu-top-menedjeru-dochki-kazagro-vyinesli-424236/,2020-12-25
/crime/o-dele-eks-glavyi-sk-farmatsii-vyiskazalsya-glava-antikora-425961/,2021-01-14
/kazakhstan_news/glavred-radiotochki-pokinul-kazahstan-redaktsiya-rabotaet-308870/,2016-12-26
/kazakhstan_news/eks-glava-operatora-rop-vyistupila-s-poslednim-slovom-v-sude-517255/,2023-11-17
/sng/akyin-spel-litso-prezidentu-kyirgyizstana-bespredele-412914/,2020-09-02
https://tengrisport.kz/tnsport/naznachil-svoego-cheloveka-otpravil-italiyu-podrobnosti-suda-552967/,2024-11-05
/kazakhstan_news/v-kassah-sozdayut-defitsit-biletov-rasskazali-ao-349911/,2018-07-23
/crime/obyyavlennyiy-mejdunarodnyiy-rozyisk-kayyirbekov-zaderjan-456509/,2021-12-13
/kazakhstan_news/vyidelyayutsya-milliardyi-rezultatyi-zayavlenie-bardake-536792/,2024-05-30
/kazakhstan_news/gul-de-bermeu-kerek-mereke-karsanyinda-memkyizmetkerlerge-393684/,2020-03-05
/kazakhstan_news/zaveduyuschaya-detsadom-pohitila-polumilliona-tenge-379644/,2019-09-20
/kazakhstan_news/rukovoditeley-bolnitsyi-zaderjali-za-vzyatki-s-podchinennyih-441515/,2021-06-26
/kazakhstan_news/chto-proizoshlo-v-kazahstane-segodnya-14-marta-529263/,2024-03-14
/kazakhstan_news/knb-podpolkovnik-politsii-arestovan-v-vko-538021/,2024-06-12
/story/nigeriets-popyitalsya-dat-vzyatku-politseyskomu-v-kazahstane-410338/,2020-08-04
/kazakhstan_news/roditelskie-komitetyi-shkolah-rk-hotyat-zamenit-317048/,2017-04-28
/kazakhstan_news/jaloba-zamakima-astanyi-sergeya-horoshuna-nachato-348967/,2018-07-12
/kazakhstan_news/za-korruptsiyu-osujden-glava-tarazskogo-gorodskogo-suda-492679/,2023-03-03
/world_news/polzovateli-zavalili-intervyu-medvedeva-dizlaykami-trebuya-385936/,2019-12-07
/kazakhstan_news/nachalnik-otdela-politsii-zaderjan-v-uralske-466299/,2022-04-12
/kazakhstan_news/grajdanina-afganistana-obyyavili-rozyisk-kazahstane-chem-536340/,2024-05-26
/kazakhstan_news/nazarbaev-zayavil-o-korruptsii-v-sektore-nedropolzovaniya-325153/,2017-08-25
/kazakhstan_news/vitse-ministra-zdravoohraneniya-abisheva-arestovali-2-410221/,2020-08-03
/kazakhstan_news/gosslujaschiy-moshennik-osujden-v-pavlodare-376783/,2019-08-17
/kazakhstan_news/o-poborah-v-shkolah-vyiskazalsya-pomoschnik-shpekbaeva-342399/,2018-04-18
/crime/vzyatka-20-millionov-tenge-vyinesli-prigovor-glave-otdela-501663/,2023-06-09
/kazakhstan_news/hischenii-deneg-restavratsiyu-teatra-nur-sultane-383576/,2019-11-08
/kazakhstan_news/krupnyih-chinovnikov-sfere-ekologii-zapodozrili-korruptsii-561249/,2025-01-31
/asia/bogateyshaya-jenschina-vetnama-izbejat-smertnoy-kazni-9-555874/,2024-12-04
/kazakhstan_news/inspektoryi-dchs-almatyi-budut-hodit-proverki-358579/,2018-11-28
/kazakhstan_news/poslednee-slovo-saktasha-hasenova-mog-esche-prinesti-polzu-320768/,2017-06-21
/kazakhstan_news/v-antikore-svyazali-avariyu-v-ekibastuze-s-korruptsiey-485424/,2022-12-08
/kazakhstan_news/kazahstantsyi-svyazyivayut-korruptsiey-antikor-kachestve-552260/,2024-10-29
/kazakhstan_news/poka-sidel-menya-rodilas-doch-eks-glava-ao-bayterek-338319/,2018-02-22
/crime/delo-erlana-bilalova-direktor-teatra-sezam-trebuet-336497/,2018-01-30
/kazakhstan_news/obvinennyiy-moshennichestve-razbilsya-nasmert-vyipryignuv-415372/,2020-09-28
/kazakhstan_news/minekologii-soobschili-vyiemke-dokumentov-kabinete-vitse-525364/,2024-02-05
/asia/u-chinovnikov-mojet-takih-mashin-filippinah-unichtojili-20-337030/,2018-02-07
/kazakhstan_news/11-sotrudnikov-organov-yustitsii-osudili-v-2017-godu-337138/,2018-02-08
/events/poyavilos-video-zaderjaniya-syina-eks-spikera-majilisa-306355/,2016-11-17
https://tengrisport.kz/around_sports/chinovnik-poteryat-rabotu-iz-za-vstrechi-krishtianu-ronaldu-519913/,2023-12-12
/kazakhstan_news/shetel-bankternde-esepshotyi-boluyi-tokaev-end-jemkorlyikpen-412854/,2020-09-01
/kazakhstan_news/arestovanyi-sotrudniki-ser-vko-351112/,2018-08-08
/crime/chinovnik-zko-zaprosil-vzyatku-razmere-100-millionov-tenge-322288/,2017-07-14
/kazakhstan_news/teschu-daniyara-kesikbaeva-obvinili-prisvoenii-44-355522/,2018-10-13
/kazakhstan_news/vzyatke-konditsionerom-zapodozrili-chinovnitsu-mangistau-381616/,2019-10-15
/crime/zamrukovoditelya-upravleniya-kulturyi-shyimkenta-389560/,2020-01-24
/crime/zaderjan-zamglavyi-komiteta-ministerstva-delam-religii-315166/,2017-03-31
/crime/ne-otnimayte-nagradyi-ya-umer-tvorcheskiy-chelovek-poslednee-337008/,2018-02-06
/kazakhstan_news/zamglavyi-dgd-po-yuko-izoblichen-v-korruptsii-345724/,2018-06-02
/kazakhstan_news/iz-za-video-bane-uvolenyi-5-akmolinskih-bortsov-korruptsiey-399460/,2020-04-20
/kazakhstan_news/obijennyie-studentyi-nagovarivayut-prezident-assotsiatsii-416437/,2020-10-08
/russia/milliardyi-polkovnika-zaharchenko-perestali-byit-veschdokami-346074/,2018-06-07
https://tengrisport.kz/tnsport/kajdyiy-vtoroy-naturalizirovannyiy-sportsmen-pokidaet-536798/,2024-05-30
/kazakhstan_news/mercedes-kvartiryi-zemlya-sud-snyal-arest-imuschestva-339827/,2018-03-14
/kazakhstan_news/mejdunarodnyiy-ekspert-dal-otsenku-borbe-korruptsiey-413667/,2020-09-09
/kazakhstan_news/sud-v-astane-sanktsioniroval-arest-glavyi-kazspetseksporta-516601/,2023-11-12
/kazakhstan_news/poimenno-znaem-krupnyih-podryadchikov-glava-antikora-473136/,2022-07-14
/crime/antikor-zavel-delo-na-direktora-i-buhgaltera-polikliniki-546170/,2024-08-28
/crime/zaderjan-predsedatel-aktauskogo-gorodskogo-suda-537719/,2024-06-07
/kazakhstan_news/obyyavlennogo-rozyisk-brata-byivshego-zamglavyi-antikora-556372/,2024-12-10
/kazakhstan_news/glavbuh-selskogo-kolledja-v-vko-pohitila-16-milliona-tenge-399836/,2020-04-23
/world_news/eks-prezidenta-meksiki-podozrevayut-v-otmyivanii-deneg-smi-474528/,2022-08-03
/kazakhstan_news/kyizyilordinskoy-shkole-litsee-milliard-tenge-vyiyavilis-461966/,2022-02-15
/kazakhstan_news/stadion-korruptsii-astane-sudyat-eks-chinovnikov-akimata-508483/,2023-08-25
/crime/prepodavatel-predlojil-studentam-razvesti-ekzamenyi-ves-god-399643/,2020-04-22
/crime/vzyatka-100-millionov-tenge-sud-vyines-prigovor-eks-332247/,2017-11-30
/kazakhstan_news/tokaev-napomnil-kogo-v-kazahstane-nakazyivali-za-korruptsiyu-368526/,2019-05-04
/kazakhstan_news/130-millionov-tenge-vyiplatili-soobschivshim-vzyatkah-406222/,2020-06-23
/kazakhstan_news/akim-ekibastuza-ushel-otstavku-iz-za-korruptsii-474916/,2022-08-08
/crime/v-natsbyuro-rasskazali-o-dele-eks-glavyi-komiteta-minzdrava-346537/,2018-06-13
/crime/zaderjan-prokuror-stepnogorska-332765/,2017-12-07
/kazakhstan_news/arhimed-muhambetov-otvetil-na-vopros-o-svoey-otstavke-376896/,2019-08-19
/kazakhstan_news/70-shkol-postroyat-na-dengi-korruptsionerov-v-kazahstane-493010/,2023-03-07
/football/prizyivayu-silyi-zla-perestat-zanimatsya-vreditelstvom-305736/,2016-11-08
/kazakhstan_news/chto-sudyat-zamakima-pavlodara-protsesse-raskryili-511468/,2023-09-25
/kazakhstan_news/ministryi-smogut-snova-sdavat-jile-v-arendu-549671/,2024-10-02
/private_finance/kak-jivet-semya-milliardera-arestovannogo-v-moskve-341280/,2018-04-04
/kazakhstan_news/v-chem-esche-podozrevayut-karima-masimova-soobschili-v-knb-516818/,2023-11-14
/kazakhstan_news/osujden-plemyannik-boranbaeva-podrobnosti-dela-514712/,2023-10-26
/crime/knb-utochnili-kakoy-state-podozrevaetsya-eks-zampred-317407/,2017-05-04
/kazakhstan_news/milliarda-tenge-ischezlo-fonda-oplatyi-truda-uchiteley-495315/,2023-04-03
/crime/politseyskiy-almatyi-poluchil-26-tyisyach-dollarov-421404/,2020-11-27
/kazakhstan_news/shpekbaev-naznachil-rukovoditeley-v-antikorruptsionoy-slujbe-374837/,2019-07-25
/crime/ozenge-sekrp-agyip-kete-jazdagan-almatyi-oblyisyinda-407749/,2020-07-09
/kazakhstan_news/delo-eks-ministra-birtanova-perekvalifitsirovali-442592/,2021-07-08
/world_news/shikarnyiy-dom-kvartiryi-doktora-malyishevoy-ssha-razozlili-400873/,2020-05-02
/kazakhstan_news/za-vzyatku-v-75-millionov-tenge-osudili-byivshego-nalogovika-557343/,2024-12-19
/kazakhstan_news/chinovnikov-proveryat-na-poryadochnost-po-mimike-i-pulsu-377310/,2019-08-23
/crime/ugolovnoe-delo-zaveli-akima-selskogo-okruga-kordayskogo-406538/,2020-06-26
/kazakhstan_news/sadibekov-djaksaliev-svyazanyi-dela-vitse-ministrov-345850/,2018-06-04
/kazakhstan_news/zaderjan-nachalnik-kolonii-chernyiy-berkut-sidyat-chelah-412555/,2020-08-28
/russia/navalnyiy-obyyavil-o-likvidatsii-fonda-borbyi-s-korruptsiey-408893/,2020-07-20
/kazakhstan_news/kogda-v-kazahstane-pobedyat-korruptsiyu-rasskazali-v-adgspk-343572/,2018-05-04
/kazakhstan_news/agashki-let-20-delyat-byudjet-senator-prizvala-molodej-339875/,2018-03-14
/kazakhstan_news/brifing-antikorruptsionnoy-slujbyi-onlayn-433398/,2021-04-02
/crime/bolee-1000-korruptsionerov-osudili-v-kazahstane-v-2019-godu-390185/,2020-01-31
/kazakhstan_news/glavu-departamenta-minenergo-almatinskoy-oblasti-444044/,2021-07-26
/kazakhstan_news/nachalnika-voennoy-politsii-snyali-video-almatinskoy-oblasti-385862/,2019-12-06
/crime/zaderjaniya-v-mon-ne-svyazanyi-mejdu-soboy-bektenov-373193/,2019-07-05
/russia/polkovnik-milliarder-pojalovalsya-na-konfiskatsiyu-deneg-351133/,2018-08-09
/russia/ramzan-kadyirov-nazval-luchshiy-sposob-borbyi-s-korruptsiey-347795/,2018-06-29
/kazakhstan_news/publichnyiy-reestr-korruptsionerov-poyavitsya-kazahstane-468373/,2022-05-11
/russia/eks-ministr-rossii-ulyukaev-vyishel-iz-kolonii-po-udo-468454/,2022-05-12
/crime/almatyi-osujdennyiy-korruptsiyu-eks-politseyskiy-otpravilsya-335927/,2018-01-23
/asia/sud-ostavil-v-sile-prigovor-eks-prezidentu-yujnoy-korei-425910/,2021-01-14
/kazakhstan_news/bakyitgul-hamenovu-arestovali-i-pomestili-v-sizo-457277/,2021-12-22
/news/sud-eks-zamestitelem-akima-shyimkenta-maksut-isahov-535477/,2024-05-17
/kazakhstan_news/izvestno-zaderjannyih-rukovoditelyah-kazaviaspas-322428/,2017-07-17
/crime/bortsyi-s-korruptsiey-rasskazali-o-novyih-ugolovnyih-delah-418642/,2020-10-30
/kazakhstan_news/jemkorlyik-turalyi-habarlagan-kazakstandyiktarga-syiyakyi-393687/,2020-03-05
/kazakhstan_news/sotrudnikov-uis-zapodozrili-vo-vzyatkah-383581/,2019-11-08
/crime/hischenii-45-millionov-stroitelstvo-shkolyi-zapodozrili-395281/,2020-03-19
/sng/gulnare-karimovoy-predyyavlenyi-obvineniya-po-shesti-statyam-323214/,2017-07-28
/autoroads/narusheniya-674-milliona-tenge-remonte-dorogi-vyiyavili-555671/,2024-12-02
/kazakhstan_news/zaveduyuschuyu-detsadom-zapodozrili-korruptsii-nayme-381530/,2019-10-14
/kazakhstan_news/deyatelnosti-minselhoza-rk-vyiyavlenyi-sereznyie-305649/,2016-11-07
/kazakhstan_news/glavbuh-bolnitsyi-perechislila-svoi-scheta-92-milliona-tenge-392188/,2020-02-20
/kazakhstan_news/zaderjanie-sotrudnikov-komiteta-farmatsii-prokommentiroval-322036/,2017-07-11
/kazakhstan_news/osyilay-yingaylyi-kazakstandyiktar-nege-para-berud-kup-425792/,2021-01-13
/kazakhstan_news/direktora-filiala-kaztemrtrans-podozrevayut-korruptsii-471077/,2022-06-16
/kazakhstan_news/eks-glavu-tsentra-testirovaniya-obvinyayut-poluchenii-140-382489/,2019-10-25
/kazakhstan_news/karmannyie-ekspertyi-milliardnyie-proektyi-antikor-vzyalsya-544584/,2024-08-13
/kazakhstan_news/ni-odnogo-kvadratnogo-metra-zemli-moi-rodstvenniki-ne-459892/,2022-01-22
/kazakhstan_news/hrapunovyih-vyizvali-na-dopros-v-astanu-natsbyuro-328584/,2017-10-13
/kazakhstan_news/arest-glavyi-komiteta-mchs-nachalnikov-dchs-antikore-sdelali-505581/,2023-07-24
/crime/glava-voenno-vrachebnoy-komissii-mvd-popalsya-na-vzyatke-354349/,2018-09-26
/sng/spetsschet-deneg-otobrannyih-korruptsionerov-zapustili-347183/,2018-06-22
/crime/vzyatka-26-millionov-mertvyie-dushi-antikor-raskryil-sgovor-504639/,2023-07-13
/world_news/press-sekretar-putina-otreagiroval-na-zaderjanie-navalnogo-426221/,2021-01-18
/cycle_racing/aleksandr-vinokurov-predstanet-pered-sudom-smi-333596/,2017-12-20
/crime/zamnachalnika-kyizyilordinskogo-ruvd-oshtrafovan-8-millionov-315862/,2017-04-11
/kazakhstan_news/ne-pyitaytes-podkupit-politsiya-obratilas-k-kazahstantsam-555331/,2024-11-28
/kazakhstan_news/shpekbaev-rukovoditeli-berut-vzyatki-alchnosti-prostyie-382931/,2019-10-31
/kazakhstan_news/almatyi-poyavilsya-mural-posvyaschennyiy-borbe-korruptsiey-404092/,2020-06-01
/kazakhstan_news/eks-otvetsekretar-mid-bral-vzyatki-organizatsiyu-415904/,2020-10-03
/crime/eks-glave-enpf-ruslanu-erdenaevu-prodlili-arest-316800/,2017-04-26
/kazakhstan_news/skolko-deneg-izyyali-korruptsionerov-stroitelstvo-shkol-492586/,2023-03-02
/kazakhstan_news/raz-zdes-siju-ko-voprosov-net-uranhaev-zayavlenie-antikora-421191/,2020-11-25
/kazakhstan_news/bortsyi-s-korruptsiey-nachali-proveryat-sk-farmatsiyu-407695/,2020-07-09
/kazakhstan_news/kojamjarov-rasskazal-kakie-sferyi-popadut-vnimanie-331640/,2017-11-22
/autoroads/okrashennyie-dengi-zapustyat-v-sferu-stroitelstva-dorog-529421/,2024-03-15
/kazakhstan_news/akim-rayona-v-sko-priznalsya-vo-vzyatochnichestve-352914/,2018-09-04
/kazakhstan_news/prezident-tokaev-kto-to-poluchaet-millionyi-obslujivanie-460785/,2022-02-01
/crime/shtraf-v-45-milliona-tenge-vyiplatit-sotrudnik-akimata-sko-391473/,2020-02-13
/kazakhstan_news/skolko-platyat-kazahstantsam-za-soobscheniya-o-vzyatkah-393686/,2020-03-05
/kazakhstan_news/byudjet-kazahstana-vozvrascheno-220-milliardov-tenge-antikor-469301/,2022-05-24
/kazakhstan_news/politseyskih-osudili-korruptsiyu-srazu-neskolkih-regionah-373374/,2019-07-09
/kazakhstan_news/hischenie-197-millionov-tenge-baytereke-otvetili-obvinenie-402242/,2020-05-14
/crime/nachalnik-upravleniya-dchs-nur-sultana-arestovan-mchs-472480/,2022-07-05
/kazakhstan_news/delo-bishimbaeva-advokatyi-obyyasnili-proishojdenie-orujiya-338290/,2018-02-22
/kazakhstan_news/predsedatelya-suda-nur-sultana-tlektesa-barpibaeva-proveryat-396222/,2020-03-27
/crime/podsudimyie-delu-jamankulova-nachali-vozvraschat-dengi-315582/,2017-04-06
/news/chinovnik-deshevo-prodal-gosjile-rodstvennikam-almatyi-budet-507153/,2023-08-10
/russia/opublikovano-rassledovanie-skazochnom-bogatstve-semi-rustama-413803/,2020-09-11
/kazakhstan_news/dlya-kogo-ujestochat-nakazanie-za-korruptsiyu-v-kazahstane-559736/,2025-01-15
/europe/scheta-zamglavyi-evroparlamenta-poprosili-proverit-v-gretsii-487423/,2022-12-30
https://tengrisport.kz/tnsport/skandal-uzbekistane-arbitr-podsujival-dengi-poluchil-surovoe-522509/,2024-01-08
/kazakhstan_news/jambyil-oblyisyinda-karantinde-548-million-tenge-byudjet-428706/,2021-02-12
/crime/sotrudnikov-baytereka-zaveli-delo-hischenii-197-millionov-402176/,2020-05-14
/crime/glava-inspektsii-truda-posadil-na-schetchik-podchinennyih-374989/,2019-07-26
/crime/eks-glavu-agrarnoy-kreditnoy-korporatsii-otpravili-v-sizo-393417/,2020-03-03
/kazakhstan_news/v-sfere-dorog-nashli-1200-korruptsionnyih-lazeek-560514/,2025-01-23
/sng/uzbekskiy-antikor-opublikoval-spisok-chinovnikov-biznesmenov-505364/,2023-07-21
/crime/zamglavyi-departamenta-truda-mangistau-podozrevaetsya-390804/,2020-02-07
/kazakhstan_news/tamojennikov-almatinskoy-oblasti-podozrevayut-364256/,2019-02-28
/europe/byivshiy-premer-bolgarii-zaderjan-podozreniyu-korruptsii-464527/,2022-03-18
/crime/almatyi-proshli-predvaritelnyie-slushaniya-delu-ablyazova-314314/,2017-03-17
/kazakhstan_news/vyipisyivayte-shtrafyi-ocherednuyu-audiozapis-politseyskogo-559991/,2025-01-17
/kazakhstan_news/kasyim-jomart-tokaev-nazval-korruptsiyu-bolshim-riskom-371050/,2019-06-10
/kazakhstan_news/sud-otklonil-jalobu-bakyitgul-hamenovoy-491740/,2023-02-21
/kazakhstan_news/uyat-boladyi-kazahstanu-doska-pozora-obyyasnili-antikore-559764/,2025-01-15
/story/muj-dones-na-jenu-delo-prokommentirovali-v-antikore-433768/,2021-04-06
/crime/eks-mayora-politsii-iz-nur-sultana-osudili-v-pavlodare-392699/,2020-02-25
/crime/rejissera-talgada-janyibekova-top-menedjera-kazahfilma-313167/,2017-02-28
/crime/zamglavyi-upravleniya-obrazovaniya-zaderjan-v-shyimkente-363540/,2019-02-19
/kazakhstan_news/vedut-horosho-i-otbyivayut-nakazanie-byivshie-kazahstanskie-541695/,2024-07-18
/crime/glavu-komiteta-ministerstva-obschestvennogo-razvitiya-vzyali-360834/,2019-01-04
/kazakhstan_news/antikor-zayavil-o-sheme-vzyatok-v-komitete-minselhoza-447836/,2021-09-07
/kazakhstan_news/dvuh-kazahstanskih-sudey-zapodozrili-v-poluchenii-vzyatki-414527/,2020-09-18
/crime/eks-glavu-komiteta-minselhoza-osudili-na-6-let-v-nur-sultane-402183/,2020-05-14
/kazakhstan_news/kulchikov-kamauda-ardavichus-zdeude-sportka-bolngen-karajat-393421/,2020-03-03
/kazakhstan_news/kazahstanskih-korruptsionerov-predlojili-rasstrelivat-meste-324868/,2017-08-22
/private_finance/polnostyu-otkazatsya-nalichnyih-deneg-kazahstane-predlojil-311001/,2017-01-27
/kazakhstan_news/zaderjan-zamestitel-akima-rayona-saryiarka-v-astane-309449/,2017-01-05
/kazakhstan_news/eks-glava-elorda-kuryilyis-kompaniyasyi-poluchil-10-let-550308/,2024-10-08
/world_news/premer-ministr-pakistana-otstranen-doljnosti-iz-za-323219/,2017-07-28
/crime/sotrudnikov-dgd-atyirauskoy-oblasti-zaderjali-neodnokratnoe-305863/,2016-11-10
/asia/yujnoy-koree-pomilovali-eks-prezidenta-osujdennogo-17-let-487136/,2022-12-27
/crime/sledovatel-osobo-vajnyim-delam-priznalsya-poluchenii-vzyatki-392170/,2020-02-20
/crime/almatyi-oblyisyinda-akm-7-million-tenge-paranyi-mal-turnde-406525/,2020-06-26
/kazakhstan_news/o-chinovnikah-zahvatchikah-biznesa-rasskazala-deputat-369106/,2019-05-15
/latin/politsiya-peru-provela-obyisk-v-rezidentsii-prezidenta-475106/,2022-08-10
/crime/politseyskogo-lishili-zvaniya-kapitana-iz-za-70-tyisyach-402187/,2020-05-14
/events/eks-direktora-almatinskogo-detdoma-1-mogut-posadit-4-goda-331691/,2017-11-23
/crime/vyisokopostavlennogo-chinovnika-zko-osudili-za-korruptsiyu-342669/,2018-04-22
/kazakhstan_news/shtraf-15-millionov-tenge-zaplatit-vzyatku-sotrudnik-477359/,2022-09-08
/asia/sud-malayzii-ostavil-sile-prigovor-delu-vzyatochnichestve-456044/,2021-12-08
/kazakhstan_news/pripiskoy-zanimalis-detskih-sadah-kyizyilordinskoy-oblasti-506576/,2023-08-03
/kazakhstan_news/turkestanskogo-chinovnika-zapodozrili-vo-vzyatochnichestve-505052/,2023-07-18
/kazakhstan_news/nachalnik-stantsii-kokshetau-1-podozrevaetsya-v-korruptsii-388809/,2020-01-15
/world_news/vseh-kameru-lukashenko-razvernul-samolet-korruptsionerami-390569/,2020-02-05
/crime/na-byivshego-zamestitelya-akima-aktobe-zaveli-ugolovnoe-delo-405056/,2020-06-11
/kazakhstan_news/nazvanyi-regionyi-bolshe-jaluyutsya-gosslujaschih-315676/,2017-04-07
/crime/zaderjan-zamglavyi-dgd-po-mangistauskoy-oblasti-354048/,2018-09-21
/kazakhstan_news/zaderjan-rukovoditel-departamenta-antikorruptsionnoy-slujbyi-395732/,2020-03-22
/kazakhstan_news/millionnyie-vzyatki-registratsiyu-inostrantsev-brali-382823/,2019-10-30
/crime/delo-jamankulova-rejisser-talgad-janyibekov-priznal-vinu-317863/,2017-05-12
/kazakhstan_news/novyiy-fond-izyyatyie-chinovnikov-dengi-poyavitsya-459622/,2022-01-19
/kazakhstan_news/kojamjarov-prizval-kazahstantsev-dokladyivat-o-korruptsii-311791/,2017-02-08
/kazakhstan_news/bortsyi-korruptsiey-lovili-narushiteley-ekzamenah-376153/,2019-08-10
/kazakhstan_news/shyimkente-pohitili-byudjeta-610-millionov-tenge-480551/,2022-10-15
/kazakhstan_news/shpekbaev-nazval-samyie-korrumpirovannyie-gosorganyi-314203/,2017-03-15
/events/uscherb-korruptsii-stroitelstve-dorog-sostavil-27-milliarda-371824/,2019-06-20
/crime/vzyatku-osudili-glavnogo-spetsialista-gosuchrejdeniya-466021/,2022-04-08
/kazakhstan_news/uchastkovyiy-inspektor-treboval-million-reshit-vopros-546538/,2024-09-01
/kazakhstan_news/zamakima-sko-podal-v-otstavku-iz-za-korruptsii-podchinennogo-411343/,2020-08-14
/kazakhstan_news/glavnyiy-politseyskiy-akmolinskoy-oblasti-otstranen-380978/,2019-10-07
/kazakhstan_news/ekspertyi-otsenili-tsifrovuyu-borbu-korruptsiey-kazahstane-413897/,2020-09-12
/kazakhstan_news/delo-bishimbaeva-osujden-syin-deputata-aslan-djakupov-339825/,2018-03-14
/kazakhstan_news/shtraf-672-milliona-tenge-srok-zaschita-figuranta-dela-344575/,2018-05-18
/kazakhstan_news/deputat-eks-prezidente-mtsps-horgos-pust-dengi-vernet-316712/,2017-04-24
/kazakhstan_news/poddelka-pasportov-vaktsinatsii-hischeniya-faktah-korruptsii-463135/,2022-02-28
/asia/30-millionov-dollarov-nashli-rezidentsiyah-testya-daniyara-344962/,2018-05-23
/kazakhstan_news/2020-jyilyi-st-bolgan-sheneunkter-424011/,2020-12-29
/crime/zaderjanie-sotrudnikov-kazavtojola-dele-figuriruet-522548/,2024-01-08
/kazakhstan_news/glavnyiy-buhgalter-polikliniki-poluchila-srok-543719/,2024-08-05
/russia/eks-ministr-ekonomicheskogo-razvitiya-rossii-osujden-8-let-333367/,2017-12-15
/crime/nazvanyi-samyie-korrumpirovannyie-regionyi-sfere-412020/,2020-08-21
/kazakhstan_news/glava-kchs-poluchil-vyigovor-aresta-podchinennogo-382366/,2019-10-24
/kazakhstan_news/antikor-zainteresovalsya-skupschikami-bitkoinov-451242/,2021-10-14
/crime/general-mayor-politsii-zaderjan-v-almatyi-469328/,2022-05-24
/kazakhstan_news/vyiyasnilis-detali-zaderjaniya-zamakima-atyirauskoy-oblasti-456348/,2021-12-11
/kazakhstan_news/40-kompaniy-proveryaet-antikorruptsionnaya-slujba-393426/,2020-03-03
/crime/arest-gendirektora-pavlodarskogo-neftehimzavoda-podtverdili-461475/,2022-02-10
/crime/delo-direktora-dramteatra-imeni-auezova-erlana-bilalova-335550/,2018-01-17
/crime/eks-zamestitelyu-akima-medeuskogo-rayona-almatyi-sokratili-313605/,2017-03-06
/crime/deputata-s-syinom-nakazali-za-vzyatku-v-almatinskoy-oblasti-373586/,2019-07-11
/kazakhstan_news/publikovat-spiski-korruptsionerov-predlojili-v-kazahstane-359248/,2018-12-08
/kazakhstan_news/vinovnyih-bardake-spravkami-bolnichnyimi-nazval-bektenov-374168/,2019-07-18
/kazakhstan_news/vzyatka-20-millionov-tenge-glavu-otdela-dgd-astanyi-predali-500920/,2023-06-02
/science/robot-sofiya-slomalas-posle-voprosa-o-korruptsii-v-ukraine-336273/,2018-01-26
/crime/glavu-upravleniya-akimata-pavlodarskoy-oblasti-podozrevayut-408638/,2020-07-17
/buildings/navalnyiy-pokazal-nedvijimost-pensionera-iz-gazproma-365081/,2019-03-15
/kazakhstan_news/raskayanie-osujdennyih-gosslujaschih-pokajut-bortsyi-375234/,2019-07-30
/kazakhstan_news/kazakstanda-ek-jyilda-45-myinnan-asa-syibaylas-jemkorlyik-423700/,2020-12-21
/money/bratya-milliarderyi-arestovanyi-v-moskve-341081/,2018-04-01
/crime/zaderjan-akim-prezentovavshiy-tualet-za-tri-milliona-tenge-339041/,2018-03-03
/kazakhstan_news/ministr-napomnil-svoem-proshlom-otvechaya-vopros-korruptsii-525906/,2024-02-09
/crime/poyavilos-video-zaderjaniya-rukovoditelya-upravleniya-308298/,2016-12-15
/kazakhstan_news/18-millionov-tenge-oshtrafovali-nachalnika-stantsii-371506/,2019-06-17
/kazakhstan_news/podchinennyie-myili-posudu-za-selskim-akimom-v-sko-331313/,2017-11-17
/kazakhstan_news/zaderjanyi-doljnostnyie-litsa-mvd-rk-i-dgd-vko-natsbyuro-311912/,2017-02-09
/kazakhstan_news/mintransporta-priznali-faktyi-prodaji-dozvolov-526274/,2024-02-13
/crime/direktor-dramteatra-imeni-auezova-erlan-bilalov-vnes-zalog-1-335455/,2018-01-16
/kazakhstan_news/za-vzyatki-osudili-8-sotrudnikov-komiteta-transporta-mir-rk-331719/,2017-11-23
/kazakhstan_news/arestovan-byivshiy-glavvrach-detskoy-bolnitsyi-turkestanskoy-389030/,2020-01-18
/kazakhstan_news/akim-rayona-v-almatyi-mojet-podat-v-otstavku-530966/,2024-04-02
/news/eks-akima-alatauskogo-rayona-almatyi-ostavili-pod-strajey-389439/,2020-01-23
/kazakhstan_news/konechnyih-benefitsiarov-sami-nazvali-ministr-korruptsii-497002/,2023-04-20
/kazakhstan_news/byivshego-prezidenta-yujnoy-korei-prigovorili-17-godam-392233/,2020-02-20
/crime/antikor-zayavil-o-vyimogatelstvah-v-ktj-428114/,2021-02-05
/newseducation/shkolu-almatyi-ulichili-massovoy-zakupke-kompyuterov-521113/,2023-12-23
/latin/eks-prezidenta-peru-osvobodili-iz-tyurmyi-519389/,2023-12-07
/kazakhstan_news/poymali-polichnyim-vzyatke-glave-upravleniya-378095/,2019-09-02
/kazakhstan_news/pomosch-ofitsiantke-politseyskomu-naznachili-shtraf-2-336745/,2018-02-05
/kazakhstan_news/antikor-podtverdil-zaderjanie-chinovnika-v-vko-541642/,2024-07-17
/kazakhstan_news/8-let-lisheniya-svobodyi-zaprosil-prokuror-baurjana-musina-340183/,2018-03-19
/kazakhstan_news/v-chem-obvinyayut-gendirektora-kmg-onmder-357222/,2018-11-07
/kazakhstan_news/kinostudiya-kazahfilm-sdelala-zayavlenie-svyazi-552750/,2024-11-02
/kazakhstan_news/nashli-zaderjanii-zamrukovoditelya-stolichnogo-dgd-glavyi-tp-356852/,2018-11-01
/crime/direktora-stolichnoy-shkolyi-zapodozrili-vo-vzyatke-387008/,2019-12-20
/crime/eks-zamestitel-akima-taldyikorgana-aset-shayahmetov-popal-352118/,2018-08-23
/crime/sotrudnik-kolonii-poluchil-vzyatku-poobeschav-komfortnyie-389327/,2020-01-22
/kazakhstan_news/otmenit-povyishenie-atyirauskogo-chinovnika-poprosili-377325/,2019-08-23
/russia/navalnyiy-otyiskal-televeduschego-soloveva-odnu-shikarnuyu-361856/,2019-01-23
/crime/nachalnika-otdela-chs-zapodozrili-poluchenii-vzyatki-almatyi-413236/,2020-09-04
/kazakhstan_news/aktyubintsyi-obratilis-otkryityim-pismom-prezidentu-367316/,2019-04-17
/kazakhstan_news/nakazanie-nezakonnoe-uchastie-biznese-planiruyut-ujestochit-503849/,2023-07-04
/crime/o-novyih-zaderjaniyah-soobschili-v-adgspk-361813/,2019-01-22
/kazakhstan_news/antikor-proanaliziruet-deyatelnost-ktj-475171/,2022-08-11
/kazakhstan_news/poyavilos-video-zaderjaniya-zamestitelya-akima-378945/,2019-09-12
/kazakhstan_news/na-129-millionov-tenge-oshtrafovali-eks-glavu-kmg-onmder-363374/,2019-02-18
/kazakhstan_news/otsenki-fastfud-skolko-stoit-razvesti-uchebu-vuzah-aktobe-366041/,2019-03-29
/crime/aktyubinskiy-chinovnik-osujden-35-goda-vzyatku-300-tyisyach-371700/,2019-06-19
/kazakhstan_news/shpekbaev-obyyasnil-poryadok-otstavki-ministrov-akimov-385866/,2019-12-06
/kazakhstan_news/net-neprikasaemyih-spiker-senata-o-korruptsionerah-498729/,2023-05-11
/world_news/shemu-postupleniya-elitnyie-vuzyi-vzyatki-raskryili-ssha-364931/,2019-03-13
/crime/hischeniyah-podozrevaetsya-selskiy-akim-mangistauskoy-355096/,2018-10-07
/crime/podpolkovnik-politsii-preduprejdal-prostitutok-oblavah-306655/,2016-11-22
/kazakhstan_news/glava-mvd-vyiskazalsya-rozyiske-ardana-sultanbekova-delu-lrt-452935/,2021-11-03
/kazakhstan_news/atyirau-zaderjan-glava-regionalnogo-podrazdeleniya-komiteta-491330/,2023-02-16
/kazakhstan_news/vitse-premer-karantine-dumayu-proveryayuschie-budut-brat-409977/,2020-07-30
/kazakhstan_news/shpekbaev-rasskazal-kakie-obrascheniya-kontrolirovat-lichno-334617/,2018-01-03
/kazakhstan_news/mat-kuandyika-bishimbaeva-poprosila-sud-opravdat-syina-338865/,2018-03-01
/crime/deputata-podozrevayut-v-poluchenii-vzyatok-v-atyirau-357737/,2018-11-15
/crime/zaslujennogo-deyatelya-rk-erlana-bilalova-osudili-v-almatyi-337082/,2018-02-07
/kazakhstan_news/glavnyie-novosti-22-avgusta-srok-satyibaldyi-skandal-akimom-545625/,2024-08-22
/kazakhstan_news/premii-menedjerov-bolashaka-zainteresovali-bortsov-399116/,2020-04-17
/kazakhstan_news/ckandalnogo-direktora-shkolyi-v-tretiy-raz-uvolili-v-sko-339536/,2018-03-10
/kazakhstan_news/spetsialistyi-organizovyivayut-jalobyi-sami-provodyat-460795/,2022-02-01
/crime/136-millionov-tenge-oshtrafovali-eks-nachalnika-davshego-493342/,2023-03-11
/crime/zamestitelya-glavyi-dchs-almatinskoy-oblasti-zapodozrili-466566/,2022-04-15
/world_news/elitnuyu-nedvijimost-nashli-jurnalistyi-ministra-sergeya-389036/,2020-01-18
/kazakhstan_news/vyisokopostavlennyiy-chinovnik-minselhoza-ego-podchinennyiy-536942/,2024-05-31
/kazakhstan_news/zamakima-jezkazgana-izoblichili-vo-vzyatochnichestve-345848/,2018-06-04
/kazakhstan_news/doljnost-akima-aktobe-predlagali-za-15-milliona-dollarov-knb-472993/,2022-07-13
/crime/para-algan-kyizmetker-ushn-kyizmetnen-ketken-sheneunkter-414844/,2020-09-22
/kazakhstan_news/zaderjanie-musina-prokommentirovali-ministerstve-delam-315202/,2017-03-31
/crime/sotrudnik-prokuraturyi-sledovatel-yuko-zaderjanyi-vzyatku-2-322955/,2017-07-24
/crime/arestovan-byivshiy-otvetstvennyiy-sekretar-mid-rk-346532/,2018-06-13
/accidents/navernoe-initsiativa-akima-antikore-prokommentirovali-525751/,2024-02-08
/world_news/rossiyskogo-milliardera-zaderjali-monako-podozreniyu-357168/,2018-11-07
/sng/eks-sovetnika-atambaeva-zaderjali-v-moskve-356027/,2018-10-20
/kazakhstan_news/osujdenyi-direktor-zemelnogo-departamenta-i-ego-soobschniki-543082/,2024-07-30
/news/prezident-tokaev-mesta-dlya-vseh-v-koloniyah-hvatit-453048/,2021-11-04
/kazakhstan_news/upravlenie-kontrolya-vliyatelnyimi-chinovnikami-sozdadut-399686/,2020-04-22
/kazakhstan_news/eks-glavu-upravleniya-passajirskogo-transporta-astanyi-311026/,2017-01-27
/russia/plemyannik-putina-vozglavil-partiyu-narod-protiv-korruptsii-407348/,2020-07-06
/football/blatter-priznal-julnichestvo-vyibore-stranyi-hozyayki-350879/,2018-08-06
/kazakhstan_news/novosti-22-iyulya-vznosyi-osms-narusheniya-medstrahovanii-542151/,2024-07-22
/crime/20-millionov-tenge-mesyats-opg-tamojennikov-vzyatochnikov-352178/,2018-08-24
/kazakhstan_news/bakyitgul-hamenova-vyistupila-s-poslednim-slovom-v-sude-483025/,2022-11-14
/kazakhstan_news/bishimbaev-otvetil-obvinenie-vzyatke-2-milliona-dollarov-338023/,2018-02-20
/story/v-zabroshennoy-kvartire-nashli-43-milliona-dollarov-foto-316303/,2017-04-18
/kazakhstan_news/vitse-ministr-suhanberdieva-prinujdala-podchinennyih-darit-373432/,2019-07-09
/kazakhstan_news/byivshego-vitse-ministra-erika-bayjunusova-nadeli-braslet-415425/,2020-09-28
/russia/reaktsiya-runeta-na-protestyi-protiv-korruptsii-i-putina-320195/,2017-06-13
/kazakhstan_news/vitse-ministr-troe-sudey-zaderjaniyah-rasskazali-antikore-442675/,2021-07-09
/events/chinovnika-turkestanskoy-oblasti-zapodozrili-moshennichestve-380804/,2019-10-05
/crime/sud-amnistiroval-pyateryih-figurantov-dela-eks-glavyi-317241/,2017-05-02
/kazakhstan_news/deputatyi-vnov-predlojili-otmenit-bankovskuyu-taynu-320258/,2017-06-14
/crime/lishen-generalskogo-zvaniya-podrobnosti-dela-eks-glavyi-521224/,2023-12-25
https://tengrisport.kz/tnsport/glava-direktsii-olimpiyskomu-sportu-ego-podchinennyiy-542210/,2024-07-23
/kazakhstan_news/chinovnik-poluchal-talonyi-na-benzin-dlya-nerabochego-avto-376964/,2019-08-20
/kazakhstan_news/gosdengi-prodoljayut-rashischat-genprokuratura-382703/,2019-10-28
/crime/po-delu-o-hischeniyah-v-enpf-poyavilsya-novyiy-figurant-317704/,2017-05-10
/kazakhstan_news/sotrudnitsa-detskogo-tsentra-prisvoila-millionyi-peredannyie-544482/,2024-08-12
/kazakhstan_news/uscherb-milliarda-vyinesen-prigovor-rabotnikam-spetstsona-541374/,2024-07-15
/kazakhstan_news/general-minoboronyi-kopbaev-arestovan-na-2-mesyatsa-390511/,2020-02-04
/kazakhstan_news/myi-v-sostoyanii-trevojnogo-ojidaniya-birtanov-korruptsii-329465/,2017-10-25
/crime/uscherb-ot-korruptsii-podschitali-v-kazahstane-345870/,2018-06-04
/kazakhstan_news/glava-gospredpriyatiya-poluchil-3-goda-lisheniya-svobodyi-543315/,2024-08-01
/world_news/pozner-merkel-makron-otreagirovali-situatsiyu-vokrug-411899/,2020-08-21
/kazakhstan_news/postupilo-50-milliardov-smailov-dengah-korruptsionerov-482717/,2022-11-10
/kazakhstan_news/zaderjan-rukovoditel-filiala-kazavtojol-312887/,2017-02-23
/kazakhstan_news/pervogo-zamakima-oblasti-sudyat-v-atyirau-422103/,2020-12-04
/kazakhstan_news/delo-erts-ormanyi-glava-minekologii-prokommentiroval-543053/,2024-07-30
/kazakhstan_news/glava-departamenta-minoboronyi-zaderjan-podozreniyu-489208/,2023-01-23
/kazakhstan_news/pomogayki-deti-chinovnikov-dorogih-avto-astane-pojalovalis-328619/,2017-10-13
/crime/ekologiya-almatyi-antikor-zapodozril-ryad-slujaschih-489092/,2023-01-20
/kazakhstan_news/zaderjan-zamestitel-akima-karagandyi-jaksyilyik-shalabekov-413980/,2020-09-13
/world_news/kara-kolk-mnuge-tyiyyim-salyinadyi-shetelde-sheneunkterge-416425/,2020-10-09
/crime/6-podozrevaemyih-prohodyat-po-delu-lrt-v-nur-sultane-382935/,2019-10-31
/kazakhstan_news/kojamjarov-sistemnaya-korruptsiya-poyavlyaetsya-tam-k-308977/,2016-12-27
/crime/v-atyirau-zaderjan-krupnyiy-meditsinskiy-chinovnik-328182/,2017-10-09
/kazakhstan_news/glavvracha-roddoma-osudili-vzyatku-rastratu-gosimuschestva-529031/,2024-03-12
/sng/turmedeg-gulnara-karimova-tagyi-sottaluyi-mumkn-endg-ayyip-377018/,2019-08-20
/sng/glavnyiy-nalogovik-kyirgyizstana-ego-zamestitel-otstranenyi-556241/,2024-12-07
/kazakhstan_news/uchastniki-oprosa-nur-otan-vyibrali-korruptsiyu-odnim-331268/,2017-11-17
/kazakhstan_news/antikor-pokazal-video-zaderjaniya-rukovoditeley-rgp-enbek-559082/,2025-01-08
/kazakhstan_news/nekotoryim-chinovnikam-predlojili-povyisit-zarplatyi-401944/,2020-05-12
/crime/voennoslujaschiy-zko-poluchil-millionnyiy-shtraf-osvejitel-359596/,2018-12-13
/kazakhstan_news/brat-ministra-nuryimbetova-pokinul-post-sobstvennomu-404010/,2020-06-01
/kazakhstan_news/vozvraschennyiy-trillion-okrashivanie-deneg-novyie-zadachi-560002/,2025-01-17
/crime/zaderjan-zamglavyi-pavlodarskogo-filiala-kazavtojol-318753/,2017-05-24
/kazakhstan_news/uvolen-zapodozrennyiy-korruptsii-zamnachalnika-politsii-399728/,2020-04-22
/kazakhstan_news/delo-bishimbaeva-prokuroryi-ozvuchat-novyiy-obvinitelnyiy-335391/,2018-01-19
/kazakhstan_news/zavershilos-rassledovanie-otnoshenii-eks-zamnachalnika-duis-476269/,2022-08-26
/kazakhstan_news/kogo-budut-sudit-vmeste-byivshim-akimom-kyizyilordinskoy-411850/,2020-08-20
/crime/akim-selskogo-okruga-poluchil-4-goda-vzyatku-500-tyisyach-417265/,2020-10-16
/kazakhstan_news/sud-nad-ablaem-myirzahmetovyim-mogut-sdelat-zakryityim-523848/,2024-01-22
/kazakhstan_news/prezident-tokaev-prinyal-glavu-antikora-527928/,2024-02-29
/russia/germaniya-trebuet-obyyasnit-obvineniya-putina-v-korruptsii-426879/,2021-01-25
/crime/delo-eks-glavyi-kazahavtodora-naznachit-shtraf-300-millionov-339919/,2018-03-15
/kazakhstan_news/tokaev-predupredil-silovikov-o-tyagchayshem-prestuplenii-411763/,2020-08-19
/crime/4-dnya-provel-bolnitse-poymannyiy-vzyatke-zamnachalnika-462439/,2022-02-21
/crime/hischeniya-sfere-subsidiy-biznesmena-vko-obvinili-prisvoenii-455281/,2021-11-29
/kazakhstan_news/tamojenniki-godami-hranyat-izyyatyie-dorogie-avtomobili-376019/,2019-08-08
/crime/kokshetau-4-korruptsionera-neuplatu-shtrafa-otpravilis-321624/,2017-07-04
/kazakhstan_news/ne-menshe-100-let-nujno-vernut-vyivezennyie-kazahstana-497946/,2023-05-02
/kazakhstan_news/tokaev-dal-porucheniya-novomu-rukovoditelyu-434797/,2021-04-16
/kazakhstan_news/buhgaltera-shkolyi-zapodozrili-hischenii-67-millionov-tenge-498173/,2023-05-04
/news/press-sekretar-politsii-shyimkenta-pyitalas-pokonchit-soboy-465793/,2022-04-06
/kazakhstan_news/byivshemu-vitse-ministru-timuru-toktabaevu-peresmotreli-520428/,2023-12-15
/life/vyishlo-prodoljenie-rolika-o-vzyatochnikah-berune-i-nesune-427431/,2021-01-29
/kazakhstan_news/samruk-kazyina-rassledovanie-antikora-kasatsya-sobyitiy-463470/,2022-03-04
/crime/vzyatki-saharom-900-kilogrammov-garaje-antikor-nachal-475145/,2022-08-11
/crime/tamojennik-popalsya-na-vzyatke-v-turkestanskoy-oblasti-394341/,2020-03-12
/kazakhstan_news/izyyali-kayrata-satyibaldyiulyi-antikor-oglasil-spisok-558008/,2024-12-25
/crime/politseyskim-vyinesli-prigovor-v-nur-sultane-382258/,2019-10-23
/kazakhstan_news/funktsii-kazahavtodora-predlojili-peredat-konkurentnuyu-350110/,2018-07-25
/kazakhstan_news/rodstvennikam-ryada-gosslujaschih-zapretyat-prinimat-podarki-400545/,2020-04-29
/kazakhstan_news/sotrudniki-akimata-nachislili-premiy-18-millionov-mangistau-406536/,2020-06-26
/kazakhstan_news/dvuh-sledovateley-politsii-der-zaderjali-bortsyi-korruptsiey-415840/,2020-10-02
/crime/koroleva-aktyubinskoy-politsii-okazalas-na-skame-podsudimyih-316528/,2017-04-21
/kazakhstan_news/muhamediulyi-pyitalsya-prisvoit-odnu-shkol-kazahstane-522752/,2024-01-10
/sng/myi-ustali-zaderjivat-korruptsionerov-glava-gknb-548471/,2024-09-19
/kazakhstan_news/shpekbaev-rasskazal-ob-alchnyih-i-nenasyitnyih-chinovnikah-390181/,2020-01-31
/crime/delo-direktora-teatra-auezova-semya-bilalova-ischet-334883/,2018-01-08
/accidents/mashine-naydennogo-mertvyim-karatauskogo-chinovnika-448004/,2021-09-09
/kazakhstan_news/komu-chasche-vsego-jaluyutsya-na-korruptsiyu-v-kazahstane-425810/,2021-01-13
/crime/zaderjanie-glavnogo-nalogovika-atyirauskoy-oblasti-snyali-389957/,2020-01-29
/kazakhstan_news/zakon-o-borbe-s-korruptsiey-hotyat-izmenit-v-kazahstane-408308/,2020-07-15
/crime/dengi-dostavlyalis-domoy-stalo-izvestno-korruptsionnyih-390875/,2020-02-07
/crime/kommunalnaya-opg-pohitila-18-milliarda-tenge-der-403075/,2020-05-22
/crime/poyavilis-podrobnosti-zaderjaniya-sotrudnikov-usso-almatyi-360828/,2019-01-04
/crime/dvoih-zaderjali-delu-zamestitelya-glavyi-komiteta-sporta-405064/,2020-06-11
https://tengrisport.kz/champions-league/proschay-liga-chempionov-uefa-nachal-rassledovanie-protiv-494382/,2023-03-23
/kazakhstan_news/o-vzyatkah-vo-vremya-pandemii-vyiskazalsya-tokaev-411751/,2020-08-19
/kazakhstan_news/neratsionalnoe-ispolzovanie-7-milliardov-tenge-predotvratili-538739/,2024-06-18
/kazakhstan_news/pomogayki-okkupirovali-spetstson-v-shyimkente-363326/,2019-02-15
/kazakhstan_news/antikor-proverit-sobstvennika-osobnyaka-2-milliarda-almatyi-549683/,2024-10-02
/kazakhstan_news/kazahstanka-otdala-47-tyisyach-dollarov-za-doljnost-rektora-474051/,2022-07-27
/crime/glavbuh-selskoy-vrachebnoy-ambulatorii-pohitila-85-millionov-400722/,2020-04-30
/kazakhstan_news/antikor-pokazal-video-peredachi-vzyatki-chinovniku-553007/,2024-11-05
/crime/bravshiy-vzyatki-ayfonami-aypadami-eks-chinovnik-almatyi-327386/,2017-09-27
/sng/kyirgyizstane-otstranili-doljnostey-glavu-minzdrava-470191/,2022-06-04
/kazakhstan_news/chinovnik-vernul-poluchennuyu-vzyatku-popalsya-turkestanskoy-382190/,2019-10-22
/kazakhstan_news/potentsialno-korruptsionnuyu-normu-isklyuchili-zakona-526529/,2024-02-15
/crime/bortsyi-korruptsiey-nachali-rassledovanie-shkole-zvonka-call-385174/,2019-11-28
/kazakhstan_news/delo-bishimbaeva-novyie-dokazatelstva-predstavili-advokatyi-344336/,2018-05-16
/russia/zolotoy-pistolet-dva-avtomata-opublikovano-video-zaderjaniya-336927/,2018-02-05
/kazakhstan_news/nachalnika-otdela-departamenta-ekologii-vko-zapodozrili-484096/,2022-11-24
/crime/glavu-fonda-nauki-zapodozrili-v-poluchenii-vzyatki-373017/,2019-07-04
/kazakhstan_news/vzyatki-goszakupkam-poymali-4-raza-chelovek-nigmatulin-354816/,2018-10-03
/kazakhstan_news/kazahstane-vvedut-ugolovnuyu-otvetstvennost-obeschanie-559730/,2025-01-15
/kazakhstan_news/chto-proizoshlo-v-kazahstane-segodnya-7-marta-528642/,2024-03-07
/world_news/opublikovana-novaya-chast-rassledovaniya-poletah-asker-zade-387641/,2019-12-28
/crime/general-minoboronyi-podozrevaetsya-v-poluchenii-vzyatok-390492/,2020-02-04
/kazakhstan_news/uskenbaev-zastroyschikam-vzdumayte-iskat-korruptsionnyie-307073/,2016-11-28
/kazakhstan_news/ekologiya-almatyi-antikor-nachal-analiz-korruptsionnyih-488738/,2023-01-17
/article/eto-deshevle-korruptsii-kak-uzakonit-lobbizm-v-kazahstane-2364/,2024-02-28
/kazakhstan_news/kak-chinovniki-krasivo-uhodyat-pod-domashniy-arest-456642/,2021-12-14
/kazakhstan_news/politseyskiy-nachalnik-podozrevaetsya-millionnoy-vzyatke-381108/,2019-10-09
/kazakhstan_news/spetsialnaya-operatsiya-astane-almatyi-izoblichenyi-550442/,2024-10-09
/crime/15-milliona-tenge-vyiplatili-kazahstantsam-zayavivshim-388416/,2020-01-10
/kazakhstan_news/konstitutsionnyiy-sud-korruptsioner-poprosil-dat-pravo-511082/,2023-09-21
/kazakhstan_news/lipovyie-spravki-zakupka-lekarstv-birtanov-vyiskazalsya-351620/,2018-08-15
/kazakhstan_news/otkazavshihsya-vzyatok-kazahstanskih-gosslujaschih-nagradili-485734/,2022-12-12
/crime/prokurora-prigovorili-k-4-godam-za-korruptsiyu-386137/,2019-12-10
/kazakhstan_news/sotrudnik-ktj-ustroil-na-rabotu-znakomogo-i-poluchil-srok-554771/,2024-11-22
/kazakhstan_news/3-komnatnuyu-kvartiru-kachestve-vzyatki-poluchil-eks-glava-376581/,2019-08-15
/crime/nachalnik-kolonii-popalsya-na-vzyatke-v-almatyi-354688/,2018-10-01
/kazakhstan_news/polkovnika-minoboronyi-snyali-na-video-v-zko-390593/,2020-02-05
/crime/zamestitelya-akima-kostanaya-zapodozrili-v-korruptsii-407757/,2020-07-09
/kazakhstan_news/chinovnikov-osudili-hischenie-25-millionov-kyizyilordinskoy-480099/,2022-10-11
/world_news/eks-premera-kyirgyizstana-sapara-isakova-zaveli-novoe-delo-361115/,2019-01-10
/kazakhstan_news/astane-politseyskie-slivali-informatsiyu-ritualnyim-511965/,2023-09-29
/kazakhstan_news/informatsiyu-korruptsionerah-sobirayutsya-sdelat-publichnoy-524486/,2024-01-27
/kazakhstan_news/tatubaev-13-milliardov-tenge-perechislili-rubej-figurantyi-332809/,2017-12-08
/crime/sud-sledovatelyami-dgd-almatyi-peredavali-vzyatku-120-327781/,2017-10-05
/crime/eks-prokurora-turkestana-sudyat-vzyatku-osobo-krupnom-340637/,2018-03-26
/crime/delo-plohoy-tushenke-izvestno-arestovannom-chinovnike-366551/,2019-04-05
/kazakhstan_news/ne-povtorit-li-aes-v-kazahstane-sudbu-lrt-523528/,2024-01-18
/kazakhstan_news/i-doljen-podavat-otstavku-korruptsiyu-podchinennyih-385206/,2019-11-28
/buildings/opublikovanyi-foto-nedvijimosti-kotoroy-vladeet-gulnara-364854/,2019-03-12
/kazakhstan_news/22-noyabrya-glavnyie-novosti-kazahstana-za-5-minut-517790/,2023-11-22
/kazakhstan_news/kayrat-satyibaldyi-odna-klyuchevyih-figur-antikor-izyyatii-517731/,2023-11-22
/kazakhstan_news/zaderjan-direktor-gazopererabatyivayuschego-zavoda-545613/,2024-08-22
/crime/delo-erlana-bilalova-glava-teatra-sezam-dal-pokazaniya-336543/,2018-01-31
/kazakhstan_news/karin-realizatsiya-predvyibornoy-programmyi-prezidenta-486441/,2022-12-19
/crime/rukovodstvo-otdela-arhitekturyi-karagandyi-podozrevaetsya-404396/,2020-06-04
/kazakhstan_news/tokaev-poobeschal-borotsya-korruptsiey-polnogo-iskoreneniya-370488/,2019-06-03
/kazakhstan_news/sotrudniki-mchs-ne-boyatsya-brat-vzyatki-antikor-508403/,2023-08-23
/kazakhstan_news/milliard-vodu-grandioznyiy-fontan-stal-problemoy-astanyi-547479/,2024-09-10
/kazakhstan_news/rukovoditeley-natskompaniy-nakajut-sotrudnikov-433761/,2021-04-06
/crime/almatyi-nachalsya-sud-narodnyim-artistom-tungyishbaem-313121/,2017-02-27
/kazakhstan_news/bishimbaev-nazval-sude-vladeltsev-stolichnogo-restorana-334963/,2018-01-09
/crime/glava-kazavialesohranyi-letal-kurort-vedomstvennom-vertolete-329771/,2017-10-30
/kazakhstan_news/raskryita-summa-hischenii-kotoroy-podozrevayut-byivshego-411680/,2020-08-19
/crime/antikor-180-milliardov-tenge-hoteli-pohitit-sotrudniki-466792/,2022-04-19
/kazakhstan_news/lovlya-mest-v-detsadyi-prevratilas-v-biznes-377881/,2019-08-30
/latin/eks-prezidentu-brazilii-otmenili-obvineniya-v-korruptsii-431103/,2021-03-09
/kazakhstan_news/delo-eks-otvetsekretarya-mid-karashev-lobbiroval-firmu-352239/,2018-08-24
/money/rastet-chislo-biznesmenov-kotoryim-korruptsiya-pomogla-npp-344030/,2018-05-11
/crime/sotrudnikov-dchs-osudili-v-almatinskoy-oblasti-474165/,2022-07-28
/news/gulnara-karimova-gotova-otdat-686-millionov-dollarov-obmen-392796/,2020-02-26
/kazakhstan_news/sudyu-iz-janaozena-posadili-v-tyurmu-za-vzyatku-381897/,2019-10-18
/kazakhstan_news/astane-poschitali-skolko-den-pohischali-deneg-vyidelennyih-342348/,2018-04-18
/kazakhstan_news/vyiglyadit-novyiy-antikorruptsionnyiy-tsentr-nur-sultane-386423/,2019-12-12
/kazakhstan_news/zapret-udo-dlya-korruptsionerov-parlament-prinyal-zakon-422705/,2020-12-10
/kazakhstan_news/sanepidemslujbu-nazvali-odnim-samyih-korrumpirovannyih-307540/,2016-12-05
/kazakhstan_news/kazahstane-otkroyutsya-spetsialnyie-tsentryi-borbe-361840/,2019-01-22
/kazakhstan_news/kazahstan-nazvali-autsayderom-po-kachestvu-dorog-373604/,2019-07-11
/world_news/v-gane-ubit-jurnalist-rassledovavshiy-korruptsiyu-v-futbole-361556/,2019-01-18
/crime/25-milliarda-pohitili-postavke-noutbukov-shkolnikov-455064/,2021-11-26
/kazakhstan_news/chinovnitsu-zdravoohraneniya-osudili-byitovuyu-korruptsiyu-383308/,2019-11-05
/events/natsbyuro-utochnili-informatsiyu-eks-glavrede-radiotochki-308951/,2016-12-27
/kazakhstan_news/resheniya-otstavkah-prinimat-prezident-bektenov-nakazanii-370719/,2019-06-06
/world_news/mirovaya-ekonomika-iz-za-korruptsii-ejegodno-teryaet-26-359310/,2018-12-10
/kazakhstan_news/poritsanie-vyinesli-predsedatelyu-suda-v-almatyi-398012/,2020-04-09
https://tengrisport.kz/around_sports/neymaru-mojet-grozit-dva-goda-tyurmyi-po-delu-o-korruptsii-474132/,2022-07-28
/events/chinovnikam-almatyi-pokazali-chto-ih-jdet-iz-za-vzyatki-469113/,2022-05-21
/russia/nachalstvo-polkovnika-milliardera-vne-podozreniy-sledstvie-334163/,2017-12-26
/kazakhstan_news/sud-delu-eks-glavyi-oblzdrava-zko-zaschita-prosit-vernut-438087/,2021-05-21
/kazakhstan_news/perekryit-kredityi-naseleniya-schet-oligarhov-starogo-514203/,2023-10-20
/sng/minzdrav-kyirgyizstana-obvinili-mahinatsiyah-vremya-pandemii-427738/,2021-02-02
/kazakhstan_news/arestovan-glava-tsentra-trudovoy-mobilnosti-shyimkenta-523229/,2024-01-15
/kazakhstan_news/politseyskiy-dengi-obeschal-vernut-avto-izyyatoe-delu-garant-404409/,2020-06-04
/crime/dele-zarajennyimi-koronavirusom-prostitutkami-rasskazali-404384/,2020-06-04
/news/vyiplatyi-detyam-telefonnyiy-kod-7-obzor-novostey-28-555341/,2024-11-28
/crime/eks-glavu-upravleniya-energetiki-jkh-osudili-hischeniya-vko-381217/,2019-10-10
/kazakhstan_news/poyavilis-podrobnosti-zaderjaniya-chinovnika-chempiona-aktau-362887/,2019-02-08
/kazakhstan_news/korruptsiya-hischeniya-obeschanie-pokrovitelstva-vyinesenyi-561330/,2025-01-31
/russia/telekanal-rassekretil-samogo-bogatogo-rodstvennika-putina-330270/,2017-11-04
/sng/meshki-zolotom-dollarami-smi-opublikovali-foto-taynika-318922/,2017-05-26
/kazakhstan_news/skandalno-izvestnomu-eks-glave-mestnoy-politsii-shyimkenta-484076/,2022-11-23
/kazakhstan_news/razberutsya-bozumbaev-obvinenii-adres-vitse-ministra-357267/,2018-11-08
/kazakhstan_news/direktor-polikliniki-atyirau-zaderjan-podozreniyu-hischenii-515091/,2023-10-29
/kazakhstan_news/stavite-lyudey-doljnosti-ministr-nurjigitov-otvetil-kritiku-517264/,2023-11-17
/kazakhstan_news/figuranta-dela-bishimbaeva-osvobodili-iz-pod-straji-336243/,2018-01-26
/kazakhstan_news/pochemu-semi-deti-doljnyi-stradat-pomoschnik-shpekbaeva-342030/,2018-04-13
/kazakhstan_news/oz-elnen-aksha-urlaganyin-maktan-tutadyi-nurtas-adambay-407857/,2020-07-10
/news/chinovnik-v-kostanayskoy-oblasti-ne-hotel-izyimat-zemlyu-393090/,2020-02-28
/kazakhstan_news/o-jadnyih-i-alchnyih-chinovnikah-vyiskazalsya-alik-shpekbaev-362813/,2019-02-07
/kazakhstan_news/ya-vsegda-chto-to-dvigayu-osujden-zamestitel-akima-pavlodara-516494/,2023-11-10
/crime/siloviki-v-maskah-zaderjali-sotrudnikov-tamojni-v-kostanae-308072/,2016-12-12
/kazakhstan_news/dan-ministra-glava-mchs-rasskazal-podast-v-sud-obvinivshego-512299/,2023-10-03
/crime/sanvrach-kentau-podozrevaetsya-poluchenii-vzyatki-vvod-ashyq-446302/,2021-08-20
/kazakhstan_news/rukovoditelyam-uchrejdeniy-obrazovaniya-nur-sultana-387345/,2019-12-25
/crime/medrabotnik-poddelyival-pasporta-vaktsinatsii-turkestanskoy-453779/,2021-11-12
/kazakhstan_news/vnedrit-otvetstvennost-rukovoditeley-korruptsionerov-316423/,2017-04-19
/crime/dela-ubiystve-pedofilii-bankrotstve-treh-sudey-obvinili-518998/,2023-12-04
/kazakhstan_news/trevojnyiy-simptom-tokaev-o-zaderjanii-akimov-oblastey-411738/,2020-08-19
/kazakhstan_news/dmitriy-malahov-naznachen-zamestitelem-glavyi-413116/,2020-09-03
/kazakhstan_news/god-ne-provodili-zanyatiya-skandal-voznik-vokrug-byivshego-500651/,2023-05-31
/crime/gendirektor-astana-zelenstroy-priznalsya-v-polucheniivzyatki-482625/,2022-11-09
/kazakhstan_news/minoboronyi-kazahstana-prokommentirovalo-skandal-osobo-504607/,2023-07-13
/kazakhstan_news/skandal-razgorelsya-v-prestijnom-litsee-v-almatyi-406882/,2020-07-01
/kazakhstan_news/kazahstan-uluchshil-pozitsii-reytinge-mirovoy-370240/,2019-05-30
/kazakhstan_news/sledovatel-ser-osujden-almatyi-moshennichestvo-jambyilskoy-383031/,2019-11-01
/kazakhstan_news/kazahstan-uluchshil-pozitsii-indekse-vospriyatiya-korruptsii-338251/,2018-02-22
/crime/zamestitelyu-akima-jetyisaya-vyinesli-prigovor-400717/,2020-04-30
/crime/zaderjanie-chinovnika-vzyatkoy-popalo-video-akmolinskoy-382758/,2019-10-29
/other/zamglavyi-evroparlamenta-zaderjana-belgii-delu-korruptsii-485648/,2022-12-10
/crime/sem-sotrudnikov-transportnogo-kontrolya-vko-osudili-471946/,2022-06-28
/kazakhstan_news/75-milliona-tenge-vzyatku-zaplatit-eks-direktor-filiala-390694/,2020-02-06
/kazakhstan_news/antikorruptsionschiki-rk-snova-predlojili-nakazyivat-317046/,2017-04-28
/kazakhstan_news/arestyi-v-pavlodare-chinovniki-13-let-prodavali-pensii-348630/,2018-07-09
/kazakhstan_news/obvinyaemyiy-tyajkom-prestuplenii-kazahstanskiy-chinovnik-510013/,2023-09-11
/kazakhstan_news/antikor-zaderjal-zamdirektora-filiala-qazavtojol-522462/,2024-01-08
/kazakhstan_news/voennyih-komandirov-proveryat-na-detektore-lji-364692/,2019-03-07
/kazakhstan_news/sledovatelya-nur-sultana-obvinili-popyitke-nakazat-385195/,2019-11-28
/crime/zampreda-pavlodarskogo-filiala-ktj-uvolyat-korruptsiyu-430136/,2021-02-25
/russia/navalnyiy-pokazal-sekretnuyu-dachu-putina-325490/,2017-08-31
/sng/spetsslujbyi-kyirgyizstana-vyiyavili-korruptsionnuyu-shemu-424389/,2020-12-28
/kazakhstan_news/v-poluchenii-vzyatki-podozrevaetsya-sadvakas-baygabulov-505762/,2023-07-25
/kazakhstan_news/genprokuror-rk-nazval-patruli-na-dorogah-srednevekovem-308974/,2016-12-27
/kazakhstan_news/informatsiyu-zaderjanii-glavyi-sk-farmatsiya-328202/,2017-10-09
/kazakhstan_news/antikor-soobschil-podrobnosti-rassledovaniya-otnoshenii-552975/,2024-11-05
/kazakhstan_news/33-korruptsionera-iz-kazahstana-nahodyatsya-za-rubejom-388320/,2020-01-09
/crime/sotrudnika-akimata-almatyi-zapodozrili-v-korruptsii-385362/,2019-11-29
/kazakhstan_news/vitaminki-protiv-korruptsii-razdali-v-sko-378357/,2019-09-05
/kazakhstan_news/budut-rabotat-brasletyi-slejeniya-podozrevaemyimi-vzyatkah-413893/,2020-09-11
/kazakhstan_news/na-programme-pereseleniya-razvorovyivali-dengi-v-pavlodare-535010/,2024-05-14
/kazakhstan_news/antikore-rasskazali-korruptsionnyih-riskah-minenergo-minfina-439382/,2021-06-04
/kazakhstan_news/opublikovano-video-zaderjaniya-eks-akima-alatauskogo-rayona-389059/,2020-01-18
/kazakhstan_news/bortsyi-s-korruptsiey-proveryat-4-komiteta-374938/,2019-07-26
/russia/delo-polkovnika-milliardera-bank-vozvraschaet-tsennyie-346722/,2018-06-16
/kazakhstan_news/glavnyie-novosti-segodnya-za-3-minutyi-523363/,2024-01-16
/crime/chinovnika-v-astane-podozrevayut-v-prevyishenii-polnomochiy-363816/,2019-02-22
/kazakhstan_news/poka-kvartiru-ne-dash-dokumentyi-ne-poluchish-genprokuror-499857/,2023-05-23
/kazakhstan_news/korruptsiogennaya-sfera-tokaev-sisteme-zakupa-meditsinskoy-461410/,2022-02-08
/picture_art/naznachen-ispolnyayuschiy-obyazannosti-direktora-teatra-334983/,2018-01-09
/kazakhstan_news/skolko-ministrov-vitse-ministrov-akimov-osudili-korruptsiyu-516849/,2023-11-15
/kazakhstan_news/akima-posadili-za-vzyatku-v-almatinskoy-oblasti-375415/,2019-08-01
/kazakhstan_news/shemu-hischeniya-v-astana-rek-nazvali-bortsyi-s-korruptsiey-410652/,2020-08-07
/kazakhstan_news/eyr-astana-otvetila-na-obvineniya-v-korruptsii-465039/,2022-03-27
/crime/22-letniy-bezrabotnyiy-prado-zaderjan-poddelnyim-327220/,2017-09-25
/crime/zaderjanie-akima-akmolinskoy-oblasti-ivs-vodvoren-nachalnik-328493/,2017-10-12
/kazakhstan_news/arestovan-byivshiy-zamestitel-akima-karagandinskoy-oblasti-364250/,2019-02-28
/crime/chinovnika-zapodozrili-hischenii-50-millionov-tenge-410682/,2020-08-07
/kazakhstan_news/chinovniki-v-takoe-vremya-obogaschayutsya-zakupkah-lekarstv-408960/,2020-07-21
/kazakhstan_news/zaderjanie-politseyskogo-narkotikami-prokommentiroval-glava-498601/,2023-05-10
/kazakhstan_news/skolko-chinovnikov-v-astane-oshtrafovali-za-korruptsiyu-330761/,2017-11-10
/crime/glavvracha-kostanayskogo-onkodispansera-podozrevayut-360830/,2019-01-04
/kazakhstan_news/figurant-dela-bishimbaeva-vozmestil-350-millionov-tenge-337973/,2018-02-19
/kazakhstan_news/prestupnaya-gruppa-poddelyivala-spravki-086-v-astane-344279/,2018-05-15
/other/vlasti-saudovskoy-aravii-massovo-uvolnyayut-chinovnikov-411927/,2020-08-21
/kazakhstan_news/zaderjan-rukovoditel-upravleniya-vnutrenney-politiki-akimata-328132/,2017-10-07
/kazakhstan_news/byivshemu-glavnomu-arhitektoru-almatyi-otkazali-domashnem-544832/,2024-08-15
/kazakhstan_news/selskiy-biznesmen-zaderjan-s-orujiem-v-almatinskoy-oblasti-401814/,2020-05-11
/kazakhstan_news/delo-politseyskih-nachalnikov-akmolinskoy-oblasti-polkovnik-381527/,2019-10-14
/crime/prokuror-sjeg-200-tyisyach-tenge-poluchennyie-gastarbayterov-339299/,2018-03-06
/crime/podozreniyu-poluchenii-vzyatki-kazino-zaderjan-sotrudnik-kgd-309655/,2017-01-09
/europe/shveytsarskiy-bankir-goda-osujden-po-delu-o-korruptsii-466382/,2022-04-13
/crime/shyimkente-sudyat-eks-glavu-upravleniya-vnutrenney-politiki-333825/,2017-12-22
/russia/navalnyiy-vyilojil-novoe-gromkoe-rassledovanie-deripasku-337210/,2018-02-09
/kazakhstan_news/brifing-antikora-onlayn-432666/,2021-03-26
/kazakhstan_news/dva-chinovnika-izoblichenyi-v-yuko-pri-poluchenii-vzyatki-322914/,2017-07-24
/kazakhstan_news/pro-bardak-v-golovah-rasskazali-v-antikorruptsionnoy-slujbe-373669/,2019-07-12
/kazakhstan_news/glavu-upravleniya-gask-turkestanskoy-oblasti-podozrevayut-364264/,2019-02-28
/kazakhstan_news/hischenii-700-millionov-podozrevayut-glavu-rayonnogo-otdela-418604/,2020-10-30
/world_news/evu-kayli-delayut-kozlom-otpuscheniya-voprosyi-ee-partneru-486114/,2022-12-15
/world_news/yavlinskiy-jestko-raskritikoval-navalnogo-populizm-428272/,2021-02-08
/kazakhstan_news/podozrevaemyim-delu-bayterek-development-prodlili-sroki-310351/,2017-01-18
/crime/v-adgspk-soobschili-o-novyih-ugolovnyih-delah-366506/,2019-04-04
/kazakhstan_news/novyiy-reyting-samyih-korrumpirovannyih-vuzov-sostavili-393512/,2020-03-04
/kazakhstan_news/sud-delu-ryiskalieva-yavilsya-figurant-nahodivshiysya-359473/,2018-12-12
/kazakhstan_news/shyimkentskiy-chinovnik-zapisal-videoobraschenie-soobscheniy-427681/,2021-02-02
/crime/sud-vnov-otkazal-uslovno-dosrochnom-osvobojdenii-anar-319072/,2017-05-29
https://tengrisport.kz/tnsport/hischenie-80-millionov-tenge-antikor-izoblichil-rabotnikov-550443/,2024-10-09
/world_news/eks-korol-ispanii-otpravilsya-v-izgnanie-410249/,2020-08-04
/kazakhstan_news/rukovodstvo-kazahavtodor-gosauditoryi-raskaivayutsya-308715/,2016-12-23
/kazakhstan_news/znaem-shemu-kto-sidit-glave-adgspk-poborah-shkolah-353337/,2018-09-11
/crime/eks-zampreda-kazahstan-injiniring-pereveli-domashniy-arest-320411/,2017-06-16
/kazakhstan_news/ne-pozdravlyayte-gosslujaschih-s-novyim-godom-adgspk-360090/,2018-12-22
/russia/semyu-kapitana-ugrojayut-sjech-otkaz-uchastvovat-335694/,2018-01-19
/russia/navalnogo-arestovali-posle-mitingov-v-tsentre-moskvyi-314887/,2017-03-27
/kazakhstan_news/skolko-deneg-vernulo-natsbyuro-gosudarstvu-329061/,2017-10-19
/kazakhstan_news/delo-bishimbaeva-dilruh-anarbay-dal-pokazaniya-331007/,2017-11-14
/kazakhstan_news/eks-chinovnik-zastavlyal-biznesmenov-oplachivat-uchebu-541444/,2024-07-15
/kazakhstan_news/perechislyali-zarplatu-mertvyim-dusham-antikor-raskryil-503039/,2023-06-23
/kazakhstan_news/podstavnyie-uchitelya-pokupayut-slityie-variantyi-ent-390883/,2020-02-07
/kazakhstan_news/delo-uchastkah-bliz-aeroporta-almatyi-sude-obyyasnili-427331/,2021-01-28
/kazakhstan_news/100-rukovoditeley-zapodozrili-korruptsii-kazahstane-541161/,2024-07-12
/kazakhstan_news/dobrovolno-vernuvshih-aktivyi-gosudarstvu-osvobodyat-500671/,2023-05-31
/russia/istorii-arestom-ulyukaeva-figuriruet-doch-kazahstanskogo-306615/,2016-11-22
/kazakhstan_news/chinovnika-v-vko-zapodozrili-v-pokrovitelstve-i-vzyatke-388993/,2020-01-17
/kazakhstan_news/politseyskogo-zaderjali-pri-poluchenii-vzyatki-v-shyimkente-467861/,2022-05-03
/kazakhstan_news/obyehavshih-polmira-inostrantsev-nepriyatno-udivili-433090/,2021-03-31
/kazakhstan_news/kazahstantsyi-poluchayut-sms-c-preduprejdeniem-ot-antikora-496220/,2023-04-12
/kazakhstan_news/takogo-totalnogo-kontrolya-ne-byilo-zakazchik-shkol-26-497164/,2023-04-21
/kazakhstan_news/antikor-prokommentiroval-zaderjanie-pervogo-zamakima-414524/,2020-09-18
https://tengrisport.kz/tnsport/menya-muchila-sovest-bokserov-kazahstana-raskritikovali-512995/,2023-10-10
/kazakhstan_news/glavvracha-baykonurskoy-bolnitsyi-zapodozrili-v-hischenii-455516/,2021-12-02
/crime/glavu-upravleniya-komiteta-delam-stroitelstva-jkh-385194/,2019-11-28
/kazakhstan_news/nazvanyi-usloviya-uslovno-dosrochnogo-osvobojdeniya-412266/,2020-08-25
/kazakhstan_news/arestovan-vitse-prezident-ao-kedentransservis-346120/,2018-06-11
/world_news/prezident-brazilii-edva-ne-podralsya-s-jurnalistom-smi-412007/,2020-08-24
/kazakhstan_news/videoobraschenie-jamankulova-prokommentiroval-muhamediulyi-305683/,2016-11-08
/world_news/sostavlen-top-korruptsionerov-mira-2020-424775/,2020-12-31
/kazakhstan_news/tokaev-korruptsii-selskom-hozyaystve-msh-akimyi-doljnyi-460784/,2022-02-01
/kazakhstan_news/kojamjarov-jamankulove-mog-podumat-lyubimets-stranyi-311783/,2017-02-08
/crime/18-arestovali-operatsii-knb-bortsov-korruptsiey-almatyi-400704/,2020-04-30
/crime/eks-zamestitelya-akima-stolitsyi-razyiskivayut-po-delu-lrt-386456/,2019-12-13
/kazakhstan_news/ministryi-budut-podavat-otstavku-korruptsiyu-podchinennyih-353992/,2018-09-20
/kazakhstan_news/skolko-ablyazov-platil-soobschnikam-rasskazal-byivshiy-top-315387/,2017-04-04
/crime/sotrudnik-transportnogo-kontrolya-poluchal-vzyatki-nur-385774/,2019-12-05
/kazakhstan_news/politseyskie-shyimkenta-dengi-propuskali-lyudey-blokpostah-399827/,2020-04-23
/crime/amirhana-amanbaeva-osudili-iz-za-pokazaniy-dvuh-312769/,2017-02-22
/kazakhstan_news/yurista-kazino-oshtrafovali-185-millionov-vzyatku-sotrudniku-498326/,2023-05-05
/world_news/belyiy-dom-poluchil-chernyiy-spisok-35-druzey-koshelkov-427665/,2021-02-01
/kazakhstan_news/iskusstvennyiy-intellekt-podklyuchili-borbe-korruptsiey-511825/,2023-09-28
/kazakhstan_news/zaderjana-sotrudnitsa-departamenta-ekologii-mangistauskoy-334692/,2018-01-04
/kazakhstan_news/chinovnik-poluchil-realnyiy-srok-vzyatku-30-tyisyach-559456/,2025-01-12
/kazakhstan_news/v-chem-obvinyayut-arestovannogo-eks-direktora-morga-almatyi-432870/,2021-03-29
/kazakhstan_news/provinivshihsya-kazahstanskih-chinovnikov-pokazali-309034/,2016-12-28
/latin/eks-prezidenta-gondurasa-vklyuchili-spisok-korruptsionerov-461317/,2022-02-08
/kazakhstan_news/antikore-otvetili-vopros-prodaje-osobnyaka-2-milliarda-tenge-554032/,2024-11-14
/kazakhstan_news/sud-nad-ablaem-myirzahmetovyim-budet-zakryityim-523857/,2024-01-22
/kazakhstan_news/akim-v-turkestanskoy-oblasti-podozrevaetsya-vo-vzyatke-403721/,2020-05-28
/kazakhstan_news/25-millionov-tenge-vyiplatili-kazahstantsam-donosyi-359534/,2018-12-12
/crime/zaderjan-zamestitel-nachalnika-uvd-stepnogorska-339922/,2018-03-15
/kazakhstan_news/eks-glava-oblzdrava-pavlodarskoy-oblasti-perenes-infarkt-393847/,2020-03-06
/world_news/smi-obvinili-pan-gi-muna-vo-vzyatkah-308815/,2016-12-25
/kazakhstan_news/pereobulis-byistro-nigmatulin-shtrafah-podkup-sportsmenov-367828/,2019-04-24
/kazakhstan_news/antikor-zapustil-telegram-bot-dlya-soobscheniy-o-korruptsii-510279/,2023-09-13
/story/zamrukovoditelya-administratsii-prezidenta-obyyasnyal-syinu-382960/,2019-10-31
/kazakhstan_news/notariusa-zapodozrili-predlojenii-dat-vzyatku-sudyam-390126/,2020-01-30
/kazakhstan_news/prezident-tokaev-vyiskazalsya-korruptsii-nizovyih-zvenyah-453023/,2021-11-04
/kazakhstan_news/sultanbekov-poluchil-vzyatki-1-milliard-tenge-prigovor-suda-332491/,2017-12-04
/kazakhstan_news/adgspk-proveryaet-stroyatsya-zdaniya-posolstv-kazahstana-352255/,2018-08-24
/kazakhstan_news/nazvana-srednyaya-tsena-avtomobiley-kotoryie-zakupayut-411953/,2020-08-21
/kazakhstan_news/korruptsiyu-prizvali-priravnyat-k-izmene-rodine-419273/,2020-11-05
/crime/zaderjan-glava-upravleniya-arhitekturyi-shyimkenta-405060/,2020-06-11
/crime/arestovan-akim-kentau-462960/,2022-02-25
/kazakhstan_news/10-millionov-tenge-poluchili-kazahstantsyi-pozvonivshie-403008/,2020-05-21
/news/tamojenniki-brali-vzyatki-provoz-tovara-vko-398931/,2020-04-16
/kazakhstan_news/sud-eks-glavoy-oblsporta-kanatom-jumabaevyim-nachalsya-aktau-498975/,2023-05-14
/kazakhstan_news/stoimost-remonta-dorog-hoteli-zavyisit-12-milliardov-tenge-405160/,2020-06-12
/crime/chto-kazahstantsyi-davali-vzyatki-sfere-kulturyi-sporta-402913/,2020-05-20
/kazakhstan_news/myagkiy-prigovor-eks-zamakima-atyirauskoy-oblasti-obyyasnili-391440/,2020-02-13
/kazakhstan_news/sotrudnika-antikorruptsionnoy-slujbyi-osudili-za-vzyatku-378156/,2019-09-03
/kazakhstan_news/direktora-zapovednika-muzeya-v-vko-zapodozrili-v-hischenii-381278/,2019-10-10
/crime/eks-direktor-metro-almatyi-ukshebaev-popal-pod-amnistiyu-313857/,2017-03-10
/kazakhstan_news/vyiyavlyaem-nechistyih-ruku-chinovnikov-shpekbaev-davlenii-338802/,2018-02-28
/kazakhstan_news/zamestitel-genprokurora-otvetil-na-vopros-o-ryiskalieve-413502/,2020-09-08
/crime/gosslujaschih-izmenit-nakazanie-bankirov-vzyatochnikov-412985/,2020-09-02
/football/futbol-razrushen-messi-otkazalsya-ot-medali-kubka-ameriki-373301/,2019-07-07
/events/rayonnyiy-akim-priznalsya-v-korruptsii-v-atyirauskoy-oblasti-313768/,2017-03-09
/kazakhstan_news/kazahstanskih-oligarhov-eks-prezidenta-frantsii-podozrevayut-332192/,2017-11-30
/crime/na-zamakima-jetyisaya-zaveli-ugolovnoe-delo-391447/,2020-02-13
/kazakhstan_news/zakonoproektyi-vyidache-prestupnikov-pravovoy-pomoschi-500604/,2023-05-31
/world_news/den-gneva-maksim-shevchenko-vyiskazalsya-zahlestnuvshih-426824/,2021-01-24
/kazakhstan_news/vyizov-hrapunovyih-v-astanu-razyyasnili-v-natsbyuro-329073/,2017-10-19
/kazakhstan_news/novosti-17-iyunya-poruchenie-delu-srochnika-novyie-538636/,2024-06-17
/crime/arestovan-glavnyiy-nalogovik-pavlodarskoy-oblasti-352837/,2018-09-03
/kazakhstan_news/glavnogo-onkologa-jambyilskoy-oblasti-osudili-za-vzyatku-559928/,2025-01-17
/kazakhstan_news/v-sude-obyyasnili-arest-bakyitgul-hamenovoy-457336/,2021-12-23
/kazakhstan_news/zapret-udo-korruptsionerov-namerenyi-vnesti-isklyucheniya-416605/,2020-10-10
/kazakhstan_news/vitse-ministra-sadibekova-pereveli-sizo-domashniy-arest-340196/,2018-03-27
/kazakhstan_news/facebook-poyavilos-obraschenie-svyazi-zaderjaniem-kuandyika-309873/,2017-01-11
/kazakhstan_news/mujchina-vyimogal-dengi-predstavlyayas-bortsom-s-korruptsiey-393069/,2020-02-28
/kazakhstan_news/obvinyaemomu-vzyatke-glave-oblzdrava-prodlili-arest-387015/,2019-12-20
/kazakhstan_news/ekspert-nazval-mvd-kazahstana-samyim-korruptsionnyim-362314/,2019-01-30
/kazakhstan_news/sotrudnitsu-politsii-nakazali-5-millionov-tenge-spisanie-426760/,2021-01-22
/kazakhstan_news/minzdrav-proveryat-na-korruptsionnyie-riski-420402/,2020-11-17
/world_news/v-kitae-kaznili-za-vzyatku-veduschego-bankira-stranyi-427466/,2021-01-29
/kazakhstan_news/ispolnyayuschiy-obyazannosti-akima-poluchil-shtraf-12-545963/,2024-08-26
/kazakhstan_news/eks-rukovoditelya-spetstsona-osudili-vko-afm-raskryili-555996/,2024-12-05
/kazakhstan_news/glava-antikora-vliyatelnyie-litsa-stoyali-za-seryimi-shemami-472651/,2022-07-08
/kazakhstan_news/denejnyie-operatsii-kakih-politikov-budut-proveryat-453002/,2021-11-04
/world_news/turkmenskiy-ministr-naruchnikah-priznalsya-korruptsii-380060/,2019-09-26
/kazakhstan_news/chinovnika-zapodozrili-nezakonnom-poluchenii-dvuh-millionov-384724/,2019-11-22
/kazakhstan_news/eks-zampredu-pravitelstva-dlya-grajdan-prodlili-arest-322774/,2017-07-21
/kazakhstan_news/arestovan-eks-glava-astana-zelenstroya-chem-podozrevayut-538552/,2024-06-17
/crime/antikor-provel-zaderjaniya-na-tamojennom-postu-nur-jolyi-463202/,2022-03-01
/kazakhstan_news/antikor-politseyskie-sobirali-dan-prodavtsov-ryinke-altyin-491417/,2023-02-16
/kazakhstan_news/delo-pedofilii-sudyu-pristava-osudili-korruptsiyu-533360/,2024-04-24
/kazakhstan_news/kazahstan-uluchshil-pozitsiyu-globalnom-indekse-vospriyatiya-524904/,2024-01-31
/kazakhstan_news/tokaev-ponimaem-pochemu-ranshe-biznesmenyi-vovlechenyi-469000/,2022-05-19
/kazakhstan_news/99-protsentov-kazahstanskih-gosslujaschih-nazvali-367920/,2019-04-25
/kazakhstan_news/akima-ayagoza-podozrevayut-v-poluchenii-vzyatki-414528/,2020-09-18
/kazakhstan_news/v-kazahstane-korruptsionerov-vnov-prinimali-na-gosslujbu-445174/,2021-08-06
/kazakhstan_news/rassledovanie-otnoshenii-doljnostnyih-lits-atbasarskogo-326774/,2017-09-18
/europe/premer-portugalii-uhodit-otstavku-iz-za-korruptsionnogo-516205/,2023-11-08
/kazakhstan_news/izvestno-zaderjannom-gendirektore-professionalnoy-318695/,2017-05-24
/kazakhstan_news/vyisokopostavlennyiy-chinovnik-minselhoza-popalsya-vzyatkah-531834/,2024-04-10
/kazakhstan_news/kazahstanskie-politseyskie-perehodyat-na-novyievideojetonyi-490660/,2023-02-08
/kazakhstan_news/kazahstan-popal-reyting-samyih-korrumpirovannyih-stran-otvet-510116/,2023-09-11
/crime/zamestitelya-akima-rayona-zapodozrili-korruptsii-469622/,2022-05-27
/kazakhstan_news/informatsiya-kazahstantsah-soobschayuschih-korruptsii-399420/,2020-04-20
/kazakhstan_news/kazakstanda-para-beru-men-ogan-deldal-bolgandardyin-jazasyi-425288/,2021-01-08
/kazakhstan_news/eks-chinovniku-ktj-zamenili-shtraf-7-let-lisheniya-svobodyi-403018/,2020-05-21
/kazakhstan_news/podpolnoe-kazino-zarabotalo-134-milliona-tenge-almatinskoy-425547/,2021-01-11
/kazakhstan_news/nazvanyi-regionyi-kazahstana-samyim-vyisokim-urovnem-354197/,2018-09-24
/kazakhstan_news/eks-glavu-almatyi-tazalyik-osudili-za-vzyatku-543190/,2024-07-31
/crime/vyisokopostavlennyih-chinovnikov-dvuh-ministerstv-zaveli-408955/,2020-07-21
/kazakhstan_news/mogut-li-uprazdnit-sk-farmatsiyu-sprosili-glavu-minzdrava-542228/,2024-07-23
/kazakhstan_news/v-natsbyuro-predyyavili-novyie-obvineniya-hrapunovyim-329107/,2017-10-20
/crime/zamnachalnika-ubop-dvd-aktyubinskoy-oblasti-zaderjali-317076/,2017-04-28
/music/skripacha-zaderjali-pryamo-repetitsii-uchastie-mitinge-26-315283/,2017-04-03
/russia/v-rossii-prohodyat-mitingi-protiv-korruptsii-314805/,2017-03-26
/crime/eks-direktora-filiala-kazavtojol-oshtrafovali-120-millionov-324127/,2017-08-11
/sng/i-o-prezidenta-kyirgyizstana-dal-korruptsioneram-30-dney-417702/,2020-10-21
/kazakhstan_news/opg-iz-20-buhgalterov-vyinesli-prigovor-v-kazahstane-542207/,2024-07-23
/kazakhstan_news/nazvan-top-5-ministerstv-kazahstana-kolichestvu-399682/,2020-04-22
/sng/kyirgyizstane-sobralis-dva-goda-likvidirovat-korruptsiyu-556922/,2024-12-14
/kazakhstan_news/okrashivanie-deneg-dorogi-tokaevu-dolojili-borbe-korruptsiey-548947/,2024-09-24
/kazakhstan_news/doska-pozora-poyavitsya-na-sayte-minoboronyi-433028/,2021-03-30
https://tengrisport.kz/tnsport/antikor-otreagiroval-bespredel-ljesportsmenami-kazahstanskom-550228/,2024-10-07
/kazakhstan_news/zamakima-taldyikorgana-uvolili-zaderjaniya-chlenov-445011/,2021-08-05
/crime/poyavilos-video-obyiska-kvartiryi-byivshego-otvetstvennogo-346542/,2018-06-13
/kazakhstan_news/priglashayut-sotrudnikov-doprosyi-vitse-ministr-zaderjanii-419156/,2020-11-04
/crime/zamnachalnika-kolonii-poymali-vzyatke-jambyilskoy-oblasti-346540/,2018-06-13
/asia/kitae-korruptsiyu-nakazali-200-tyisyach-chinovnikov-322681/,2017-07-20
/kazakhstan_news/jenschin-brali-dengi-vyipisku-roddoma-turkestanskoy-oblasti-435531/,2021-04-23
/kazakhstan_news/rukovoditeley-dgd-pavlodarskoy-oblasti-osudili-za-vzyatki-385013/,2019-11-26
/crime/byivshego-direktora-shkolyi-shyimkente-zapodozrili-380364/,2019-09-30
/kazakhstan_news/politseyskiy-nachalnik-zaderjan-vzyatku-170-tyisyach-tenge-501172/,2023-06-05
/kazakhstan_news/nazvanyi-prichinyi-rosta-korruptsii-sfere-zemelnyih-306089/,2016-11-14
https://tengrisport.kz/tnsport/stroili-18-let-spodarenko-ostalas-shoke-sekretnoy-bazyi-537316/,2024-06-04
/kazakhstan_news/korruptsiyu-isklyuchayu-birtanov-prichine-nehvatki-lekarstv-343410/,2018-05-02
/kazakhstan_news/stala-izvestna-familiya-zaderjannogo-pomoschnika-ministra-373974/,2019-07-16
/crime/seti-poyavilos-video-devushka-pyitaetsya-dat-vzyatku-305911/,2016-11-10
/kazakhstan_news/ocherednaya-petitsiya-nabrala-50-tyisyach-podpisey-537950/,2024-06-11
/russia/navalnyiy-snyal-skandalnyiy-rolik-o-zakupkah-rosnefti-318688/,2017-05-24
https://tengrisport.kz/around_sports/otdyih-turtsii-vmesto-sborov-sportivnyih-chinovnikov-547893/,2024-09-13
/russia/press-slujbe-medvedeva-prokommentirovali-rassledovanie-313390/,2017-03-02
/kazakhstan_news/zaderjannogo-v-almatyi-sudyu-podozrevayut-v-moshennichestve-362890/,2019-02-08
/kazakhstan_news/eks-glave-operatora-rop-vyinesli-prigovor-v-astane-517288/,2023-11-17
/kazakhstan_news/hischenie-59-millionov-tenge-vyiyavili-pavlodarskoy-oblasti-457910/,2021-12-30
https://tengrisport.kz/trends/fifa-poluchit-92-milliona-dollarov-kompensatsii-korruptsiyu-472275/,2022-07-02
/crime/glavvracha-kostanayskogo-onkodispansera-osudili-na-4-goda-371303/,2019-06-13
/crime/eks-prokuror-turkestana-osujden-na-10-let-347095/,2018-06-21
/kazakhstan_news/film-katastrofa-feniks-podrobnosti-dela-jamankulova-312689/,2017-03-09
/kazakhstan_news/zaderjannyiy-glava-kmg-onimderyi-kuandyik-kulmurzin-356924/,2018-11-05
/kazakhstan_news/alik-shpekbaev-otvetit-na-voprosyi-kazahstantsev-316250/,2017-04-17
/kazakhstan_news/tokaev-poruchil-modernizirovat-metodyi-borbyi-s-korruptsiey-435027/,2021-04-19
/crime/zamnachalnika-duis-kyizyilordinskoy-oblasti-zapodozrili-379816/,2019-09-23
/kazakhstan_news/eks-glava-operatora-rop-poprosila-snyat-arest-svoego-515900/,2023-11-09
/crime/novyie-zaderjaniya-pokazali-video-antikorruptsionnoy-slujbe-405861/,2020-06-19
/kazakhstan_news/politseyskogo-oshtrafovali-na-350-tyisyach-tenge-398010/,2020-04-09
/kazakhstan_news/14-sotrudnikov-komiteta-transporta-nakazali-proverki-375302/,2019-07-31
/crime/politseyskiy-otbiral-pasporta-u-inostrantsev-v-atyirau-428129/,2021-02-05
/kazakhstan_news/tokaev-chinovniki-menyayutsya-a-problemyi-ne-reshayutsya-411742/,2020-08-19
/kazakhstan_news/novyiy-kazahstan-doljen-stat-territoriey-spravedlivosti-467621/,2022-04-29
/news/novyie-video-zaderjaniy-opublikovali-bortsyi-s-korruptsiey-403712/,2020-05-28
/kazakhstan_news/tokaev-antikoru-nado-razumno-podhodit-k-vyipolneniyu-zadach-441230/,2021-06-23
/kazakhstan_news/general-mayor-vozglavil-antikorruptsionnyiy-departament-nur-374832/,2019-07-25
/kazakhstan_news/chinovnik-hotel-prodat-doljnost-svoego-zamestitelya-414530/,2020-09-18
/kazakhstan_news/akim-rayona-vko-pokinula-post-iz-za-korruptsii-podchinennogo-457512/,2021-12-25
/kazakhstan_news/skolko-otnyatyih-korruptsionerov-deneg-potratyat-shkolyi-497698/,2023-04-28
/events/polojil-dengi-salon-avto-voennyiy-pyitalsya-dat-vzyatku-328616/,2017-10-13
/world_news/docheri-islama-karimova-predyyavili-novyie-obvineniya-385920/,2019-12-06
/kazakhstan_news/ablaya-myirzahmetova-pomestili-v-ivs-498716/,2023-05-11
/kazakhstan_news/sotrudnika-akimata-sko-zapodozrili-v-poluchenii-vzyatki-418735/,2020-10-31
/crime/zaderjan-chinovnik-akimata-aktobe-403701/,2020-05-28
/kazakhstan_news/poyavilos-video-zaderjaniya-nachalnika-shalkarskoy-381280/,2019-10-10
/kazakhstan_news/skolko-korruptsionnyih-deneg-otpravyat-stroitelstvo-shkol-480921/,2022-10-20
/crime/chinovnik-pryignul-v-reku-ubegaya-ot-bortsov-s-korruptsiey-407758/,2020-07-09
/sng/sadyir-japarov-rasskazal-anekdot-kazaha-kyirgyiza-stroiteley-505109/,2023-07-18
/crime/poyavilis-podrobnosti-zaderjaniya-akima-zerendinskogo-rayona-361802/,2019-01-22
/crime/chinovnika-atyirauskoy-oblasti-podozrevayut-poluchenii-352321/,2018-08-25
/crime/chinovniki-akimata-taldyikorgana-podozrevayutsya-poluchenii-329475/,2017-10-25
/kazakhstan_news/glava-departamenta-dobroporyadochnosti-nazval-svoyu-zarplatu-386956/,2019-12-20
/kazakhstan_news/uscherb-ot-korruptsii-podschitali-v-kazahstane-370602/,2019-06-05
/kazakhstan_news/pohischennyie-aktivyi-budet-li-otkryityim-reestr-vinovnikov-502080/,2023-06-14
/crime/kazahstanskuyu-chinovnitsu-zasnyali-na-skryituyu-kameru-384667/,2019-11-22
/kazakhstan_news/v-atyirau-nakazali-sotrudnikov-natsbyuro-369068/,2019-05-15
/kazakhstan_news/novyie-podrobnosti-zaderjaniya-buhgaltera-posolstva-rk-309525/,2017-01-06
/article/ohota-chinovnikov-trillion-tenge-mafiya-intervyu-glavoy-1856/,2022-10-18
/kazakhstan_news/sestra-bakyitgul-hamenovoy-ona-jivet-dovolstvuyas-tem-456546/,2021-12-14
/crime/prigovor-vyinesli-direktoru-uchebnogo-tsentra-v-karagande-373697/,2019-07-12
/world_news/oler-aldyinda-kyilmyisyin-ashyip-ketken-myindagan-kyirgyiz-385002/,2019-11-26
/kazakhstan_news/politseyskie-kryishuyut-torgovlyu-lyudmi-zamglavyi-mvd-500694/,2023-05-31
/kazakhstan_news/rastrate-podozrevaetsya-ispolnyayuschiy-obyazannosti-glavyi-364253/,2019-02-28
/crime/politseyskogo-zaderjali-v-atyirau-za-poluchenie-vzyatki-325120/,2017-08-25
/economic/neobyichnyiy-sposob-izbavitsya-korruptsii-predlojil-sovetnik-403141/,2020-05-22
/crime/vzyatki-biznesmenov-sotrudnikam-kaztemirtransa-vyinesli-529754/,2024-03-19
/kazakhstan_news/kazahstane-dengi-korruptsionerov-dostroili-pervuyushkolu-490070/,2023-02-01
/kazakhstan_news/v-shyimkente-otkryilsya-pervyiy-magazin-chestnosti-358150/,2018-11-22
/kazakhstan_news/akorda-soobschila-869-narusheniyah-sfere-prodaji-lekarstv-410291/,2020-08-04
/sng/v-belarusi-ujestochili-otvetstvennost-za-korruptsiyu-368849/,2019-05-11
/kazakhstan_news/shpekbaev-prigrozil-komitetu-transporta-korruptsionnyim-321333/,2017-06-29
/kazakhstan_news/chinovnikov-budut-shtrafovat-uvolnyat-raznitsu-dohodami-487293/,2022-12-29
/kazakhstan_news/eks-nachalniku-upravleniya-dchs-almatyi-izmenili-prigovor-529871/,2024-03-20
/crime/chinovnitsu-podozrevayut-v-poluchenii-vzyatki-cherez-syina-381359/,2019-10-11
/kazakhstan_news/zaderjana-zamakima-atyirauskoy-oblasti-bakyitgul-hamenova-456327/,2021-12-10
/kazakhstan_news/hischenie-na-56-millionov-obnarujili-v-kompanii-dochke-ktj-550523/,2024-10-09
/kazakhstan_news/sami-soobschayut-vzyatkah-antikore-rasskazali-trende-sredi-474761/,2022-08-05
/kazakhstan_news/15-tyisyachi-beskontrolnyih-kvartir-vyiyavili-petropavlovske-491773/,2023-02-21
/crime/avtomobili-talgata-ermegiyaeva-otsenili-v-40-millionov-tenge-308691/,2016-12-22
/kazakhstan_news/kojamjarov-schitaet-zaderjaniya-delu-aslana-djakupova-306413/,2016-11-18
/kazakhstan_news/otvetstvennyiy-sekretar-mon-otvetil-na-obvineniya-377731/,2019-08-28
/crime/36-millionov-ukrali-u-detey-sportsmenov-v-shyimkente-448080/,2021-09-09
/kazakhstan_news/glavnogo-arhitektora-semeya-zapodozrili-vo-vzyatke-382952/,2019-10-31
/story/arujan-sain-vspomnila-razgovor-s-syinom-chinovnika-382968/,2019-10-31
/crime/almatyi-sudyat-dvuh-sledovateley-dgd-falsifikatsiyu-327666/,2017-10-02
/russia/svadba-docheri-sudi-2-milliona-dollarov-vozmutila-rossiyan-322398/,2017-07-16
/kazakhstan_news/poyavilos-video-zaderjaniya-oblastnogo-rukovoditelya-373407/,2019-07-09
/kazakhstan_news/publichnyiy-reestr-korruptsionerov-poyavitsya-v-kazahstane-559731/,2025-01-15
/world_news/kitae-krupnogo-chinovnika-prigovorili-smertnoy-kazni-vzyatku-487962/,2023-01-07
/kazakhstan_news/rukovoditelya-upravleniya-arhitekturyi-nur-sultana-402173/,2020-05-14
/kazakhstan_news/pohitili-500-millionov-tenge-vyinesen-prigovor-byivshemu-544005/,2024-08-07
/kazakhstan_news/otsledim-kajdyiy-tiyin-sposob-borotsya-pripiskami-nashli-499525/,2023-05-19
/kazakhstan_news/kto-chasche-popadaetsya-na-korruptsii-v-kazahstane-345858/,2018-06-04
/kazakhstan_news/eks-rukovoditelya-dgd-osudili-na-10-let-v-atyirau-416976/,2020-10-14
/crime/polkovnik-minoboronyi-arestovan-v-zko-390788/,2020-02-06
/kazakhstan_news/14-milliardov-tenge-vernula-kaznu-antikorruptsionnaya-slujba-336560/,2018-01-31
/kazakhstan_news/kreativnyiy-podhod-jetyisu-provodyat-tedx-protiv-korruptsii-558003/,2024-12-25
/kazakhstan_news/podrobnosti-dela-buhgaltere-milliardere-taldyikorgane-497458/,2023-04-25
/kazakhstan_news/konechno-rasstroilsya-akim-atyirauskoy-oblasti-zaderjanii-456574/,2021-12-14
/world_news/byivshego-prezidenta-meksiki-obvinili-v-korruptsii-411095/,2020-08-12
/kazakhstan_news/rukovodstvo-filiala-natsbanka-zko-mogut-nakazat-korruptsiyu-348248/,2018-07-04
/crime/sluhi-zaderjanii-talgata-ardana-prokommentirovali-404344/,2020-06-03
/kazakhstan_news/novyiy-povorot-dele-areste-nachalnikov-politsii-jitikare-367117/,2019-04-14
/kazakhstan_news/tokaev-utverdil-zapret-udo-dlya-korruptsionerov-423506/,2020-12-20
/events/glavvrach-rayonnoy-bolnitsyi-osujden-v-jambyilskoy-oblasti-384201/,2019-11-16
/kazakhstan_news/kakoe-nakazanie-zaprosili-dlya-eks-glavyi-operatora-rop-516891/,2023-11-15
/kazakhstan_news/mvd-boretsya-s-prodajey-prav-politseyskimi-lepeha-315560/,2017-04-06
/other/eks-prezident-yuar-zuma-prigovoren-k-15-mesyatsam-tyurmyi-441802/,2021-06-30
/kazakhstan_news/korruptsiya-opg-antikore-rassledovali-dela-otnoshenii-541356/,2024-07-15
/crime/sud-ostavil-izmeneniy-prigovor-eks-glave-holdinga-kaspkor-315075/,2017-03-30
/crime/dvoe-politseyskih-zaderjanyi-v-jambyilskoy-oblasti-363160/,2019-02-13
/crime/zaklyuchennomu-uvelichili-srok-popyitku-poluchit-sotovyiy-405865/,2020-06-19
/kazakhstan_news/kakie-sroki-poluchili-figurantyi-dela-bishimbaeva-339805/,2018-03-14
/europe/podozrevaemyiy-korruptsionnom-skandale-es-zaklyuchil-sdelku-488858/,2023-01-18
/kazakhstan_news/kaysar-djanahanov-oshtrafovan-na-141-million-tenge-363012/,2019-02-11
/crime/v-chem-raskayalsya-v-sude-zamestitel-akima-pavlodara-516472/,2023-11-10
/news/raspredelenie-kvot-detey-antikorzayavil-moshennicheskoy-487012/,2022-12-26
/kazakhstan_news/samuyu-korrumpirovannuyu-sferu-kazahstane-nazvali-antikore-503031/,2023-06-23
/around-the-world/korruptsiya-skandal-polsha-ujestochit-pravila-polucheniya-550919/,2024-10-14
/latin/eks-prezidenta-brazilii-otpravili-reshetku-na-10-let-322192/,2017-07-12
/kazakhstan_news/situatsiya-napominaet-korruptsionnuyu-yamu-goda-god-je-454129/,2021-11-16
/kazakhstan_news/svedeniya-sledstvennyih-deystviyah-otnoshenii-birtanova-418725/,2020-10-31
/crime/elitnyie-kvartiryi-avto-arestovanyi-delu-sportkluba-astana-393419/,2020-03-03
/kazakhstan_news/glavnyie-novosti-4-sentyabrya-gromkie-zaderjaniya-novyie-546943/,2024-09-04
/kazakhstan_news/antikor-predupredil-rukovoditeley-gosorganov-464577/,2022-03-18
/kazakhstan_news/jalko-chestno-govorya-nazarbaev-o-bishimbaeve-337250/,2018-02-09
/kazakhstan_news/zaderjan-zamgendirektora-ozenmunaygaz-500918/,2023-06-02
/kazakhstan_news/predprinimateli-trebuyut-ujestochit-nakazanie-gosslujaschih-318015/,2017-05-15
/crime/eks-glava-filiala-kazavtojola-osujden-v-mangistau-393702/,2020-03-05
/kazakhstan_news/kuandyik-bishimbaev-pohitil-milliard-tenge-natsbyuro-312102/,2017-02-13
/kazakhstan_news/zaderjanie-tamojennikov-spetsoperatsii-prokommentiroval-338393/,2018-02-23
/kazakhstan_news/nujno-prekratit-bezdokazatelnyie-obvineniya-akim-chinovnikah-554622/,2024-11-20
/crime/byivshego-genprokurora-kyirgyizstana-vzyali-domashniy-arest-377209/,2019-08-22
/kazakhstan_news/skolko-zarabatyivayut-gosauditoryi-v-kazahstane-391051/,2020-02-10
/russia/bolnoy-rakom-eks-glava-upravleniya-fsin-zastrelilsya-zale-391369/,2020-02-12
/kazakhstan_news/politseyskogo-nachalnika-snyali-doljnosti-iz-za-381886/,2019-10-18
/money/vitse-prezidenta-sberbanka-obyyavili-v-rozyisk-450190/,2021-10-02
/events/direktor-shkolyi-zavuch-uvolilis-skandala-poborami-uchiteley-306462/,2016-11-19
/crime/12-milliona-priem-uchebu-sotrudnikov-jas-ulana-zaveli-407759/,2020-07-09
/kazakhstan_news/chinovnikov-v-turkestanskoy-oblasti-zapodozrili-v-korruptsii-489343/,2023-01-24
/kazakhstan_news/bortsyi-s-korruptsiey-otkazalis-ot-krasnyih-korochek-384613/,2019-11-21
/kazakhstan_news/bektenov-kurmet-korsetu-men-parakorlyiktyin-ara-jgn-ashyip-390769/,2020-02-06
/kazakhstan_news/novyiy-glava-antikora-rasskazal-zaymetsya-pervuyu-ochered-436998/,2021-05-11
/crime/korruptsionerov-v-sfere-obrazovaniya-pokazali-na-video-381291/,2019-10-10
/kazakhstan_news/hischenie-405-millionov-tenge-byudjeta-predotvratili-413800/,2020-09-11
/kazakhstan_news/kakie-skandalyi-soprovojdali-expo-2017-za-godyi-podgotovki-310418/,2017-01-19
/crime/ablyazova-budut-sudit-v-kazahstane-zaochno-reshenie-suda-314418/,2017-03-18
/crime/arestovan-predsedatel-bostandyikskogo-rayonnogo-suda-almatyi-390169/,2020-01-31
/kazakhstan_news/sk-farmatsiya-zavyishala-tsenyi-lekarstva-2-3-raza-332807/,2017-12-08
/kazakhstan_news/naznachena-data-apellyatsii-delu-serika-ahmetova-17-317684/,2017-05-10
/events/osujdennaya-singapure-vzyatku-kazahstanka-vernulas-rodinu-323838/,2017-08-07
/kazakhstan_news/kyizyilorde-vyiplatili-komandirovochnyie-sportsmenu-kotoryiy-546201/,2024-08-28
/kazakhstan_news/otmena-udo-vzyatochnikov-zarubejnyie-scheta-tokaev-prinyal-417042/,2020-10-14
/kazakhstan_news/zaderjanyi-doljnostnyie-litsa-ministerstva-kulturyi-i-sporta-356437/,2018-10-26
/kazakhstan_news/stalo-izvestno-chem-podozrevayut-rektora-krupnogo-vuza-536991/,2024-05-31
/kazakhstan_news/dolgoe-soglasovanie-bozumbaev-ob-uvolnenii-shkarupyi-357947/,2018-11-19
/events/bortsov-s-korruptsiey-snyali-na-video-v-bane-v-kokshetau-399304/,2020-04-19
/world_news/zelenskiy-vnes-zakonoproekt-konfiskatsii-nezakonnyih-370518/,2019-06-04
/kazakhstan_news/vzyat-straju-rukovoditel-departamenta-ekologii-oblasti-559177/,2025-01-08
/kazakhstan_news/skolko-zarabotali-kazahstantsyi-blagodarya-jalobam-550455/,2024-10-09
/kazakhstan_news/skolko-rukovoditeley-v-minfine-nakazali-za-narusheniya-330328/,2017-11-06
/kazakhstan_news/evolyutsiyu-kazahstanskogo-vzyatochnika-pokazali-na-video-428675/,2021-02-11
/newseducation/u-toje-svyazi-set-slili-audiozapis-rukovoditelnitsyi-515801/,2023-11-04
/kazakhstan_news/chinovniki-sluchayno-slili-instruktsiyu-pobedyi-tendere-527832/,2024-02-28
/crime/myaso-avto-vide-vzyatki-eks-glavu-komiteta-mir-rk-sudyat-342158/,2018-04-16
/kazakhstan_news/tokaevu-rasskazali-o-borbe-s-korruptsiey-v-strane-486214/,2022-12-15
/news/rezerv-revanshizma-deputat-obratilsya-genprokuroru-nazvav-500644/,2023-05-31
/world_news/ministr-yustitsii-yaponii-podal-v-otstavku-iz-za-suprugi-382923/,2019-10-31
/kazakhstan_news/1-300-kazahstantsev-nahodyatsya-mejdunarodnom-rozyiske-305775/,2016-11-10
/kazakhstan_news/chinovnika-fleshmoba-men-syiylyik-almaymyin-ulichili-364248/,2019-02-28
https://tengrisport.kz/tnsport/razmyityie-prioritetyi-hischeniya-antikor-raznes-minsporta-550226/,2024-10-07
/kazakhstan_news/chem-obvinyayut-vitse-prezidenta-ao-kedentransservis-galyima-346528/,2018-06-13
/kazakhstan_news/eks-glavu-komiteta-po-vodnyim-resursam-osudili-na-5-let-391955/,2020-02-18
/russia/prodoljayu-verit-spravedlivogo-tsarya-arestovannyiy-eks-321034/,2017-06-25
/kazakhstan_news/chinovnikam-daryat-kornishonyi-i-farshirovannyie-olivki-386392/,2019-12-12
/crime/na-voennogo-nachalnika-zaveli-delo-iz-za-pitaniya-v-chastyah-402163/,2020-05-14
/kazakhstan_news/korruptsionnyie-zaderjaniya-snizili-pokazateli-kazahstana-330340/,2017-11-06
/kazakhstan_news/bolnichnyie-listyi-qr-kodom-stali-vyidavat-jambyilskoy-364787/,2019-03-10
/kazakhstan_news/chinovnikov-yuge-kazahstana-podozrevayut-korruptsii-antikor-554577/,2024-11-20
/kazakhstan_news/planiruyut-zaschischat-informatorov-rasskazal-glava-antikora-462049/,2022-02-16
/kazakhstan_news/100-tyisyach-tenge-poobeschali-svedeniya-slive-otvetov-ent-390846/,2020-02-07
/kazakhstan_news/doydem-kajdogo-zamestitel-shpekbaeva-predupredil-361569/,2019-01-18
/crime/hischenie-16-milliarda-tenge-filarmonii-stolitsyi-osujdenyi-433048/,2021-03-30
/news/akim-nur-sultana-vyiskazalsya-o-stroitelstve-lrt-422563/,2020-12-09
/kazakhstan_news/korruptsiya-i-goszakupki-v-kazahstane-onlayn-431508/,2021-03-12
/kazakhstan_news/korruptsioneram-zapretyat-uchastvovat-goszakupkah-kazahstane-516703/,2023-11-13
/kazakhstan_news/zaderjanyi-byivshiy-deystvuyuschiy-zamglavyi-komiteta-sporta-403698/,2020-05-28
/kazakhstan_news/chto-proizoshlo-v-kazahstane-segodnya-2-aprelya-531004/,2024-04-02
/kazakhstan_news/zaderjan-eks-ministr-natsionalnoy-ekonomiki-kuandyik-309790/,2017-01-10
/kazakhstan_news/skolko-shkol-stroyat-na-dengi-korruptsionerov-v-kazahstane-507767/,2023-08-17
/crime/kostanayskiy-chinovnik-priznalsya-poluchenii-vzyatki-bortsyi-402185/,2020-05-14
/crime/natsbyuro-zaderjalo-nachalnika-otdela-kuismvd-354843/,2018-10-03
/crime/byivshiy-glavnyiy-pojarnyiy-almatinskoy-oblasti-osujden-314998/,2017-03-29
/kazakhstan_news/byivshego-akima-balhasha-obvinili-v-podloge-379787/,2019-09-23
/crime/erlan-bilalov-rasskazal-potratil-dengi-poluchennyie-vide-336144/,2018-01-25
/money/yujnokoreyskoy-samsung-proshli-obyiski-svyazi-305676/,2016-11-08
/crime/9-oshtrafovali-29-milliona-tenge-podarki-sotrudnikam-dgd-355423/,2018-10-11
/crime/ozvuchen-razmer-vzyatok-za-proezd-v-karantinnyiy-almatyi-398926/,2020-04-16
/kazakhstan_news/holding-bayterek-poluchil-natsbyuro-rekomendatsii-353643/,2018-09-15
/kazakhstan_news/o-korruptsii-v-shkolah-vyiskazalsya-aymagambetov-411997/,2020-08-21
/crime/milliardnoe-hischenie-aeroportu-nur-sultana-rassledovanie-398935/,2020-04-16
/other/talibyi-nachali-chistit-svoi-ryadyi-ot-plohih-lyudey-451545/,2021-10-18
/crime/chinovnik-iz-mangistau-poluchil-vzyatku-mebelyu-405117/,2020-06-11
/kazakhstan_news/bortsyi-korruptsiey-rasskazali-uvolivshihsya-chinovnikah-410656/,2020-08-07
/sng/eks-prezidentu-armenii-sargsyanu-predyyavili-obvinenie-385718/,2019-12-04
/kazakhstan_news/byivshiy-glavnyiy-ekolog-vko-poluchil-srok-za-vzyatku-558935/,2025-01-06
/world_news/eks-premera-malayzii-priznali-vinovnyim-v-korruptsii-409702/,2020-07-28
/kazakhstan_news/voennuyu-formu-88-millionov-ukrali-prodali-baraholke-almatyi-496811/,2023-04-20
/crime/byivshiy-zamestitel-glavyi-kjk-prigovoren-shtrafu-72-435523/,2021-04-23
/crime/sotrudnika-akimata-almatyi-osudili-korruptsiyu-kollega-331436/,2017-11-20
/kazakhstan_news/nachalnika-depo-oshtrafovali-za-vzyatku-378241/,2019-09-04
/kazakhstan_news/prokurora-rayona-akmolinskoy-oblasti-podozrevayut-korruptsii-370708/,2019-06-06
/kazakhstan_news/21-letniy-paren-naznachen-sovetnikom-akima-turkestanskoy-393754/,2020-03-05
/kazakhstan_news/antikor-zayavil-sheme-vzyatok-transportnoy-inspektsii-vko-448959/,2021-09-20
/kazakhstan_news/delo-operator-rop-ozvuchena-data-glavnogo-sudebnogo-495755/,2023-04-07
/near_east/milliarderyi-pyitayutsya-vyivesti-aktivyi-saudovskoy-aravii-330658/,2017-11-09
/crime/zaderjana-nachalnik-upravleniya-migratsionnoy-slujbyi-511810/,2023-09-28
/kazakhstan_news/2-milliarda-tenge-shtrafa-vyiplatil-osujdennyiy-kanat-339078/,2018-03-03
/kazakhstan_news/uspet-prodat-peredarit-pereoformit-shpekbaev-korruptsionnyih-324619/,2017-08-18
/kazakhstan_news/almatyi-arenu-i-halyik-arenu-vernuli-gosudarstvu-554014/,2024-11-14
/kazakhstan_news/dengi-borbu-koronavirusom-nahodyatsya-pod-lupoy-minzdrav-413875/,2020-09-11
/kazakhstan_news/nurlan-ermekbaev-vyiskazalsya-o-zaderjanii-baurjana-musina-315413/,2017-04-04
/crime/v-dele-sk-farmatsii-odin-podozrevaemyiy-427405/,2021-01-29
/crime/sledovatel-natsbyuro-arestovana-hischenie-200-tyisyach-364184/,2019-02-27
/kazakhstan_news/jemkorlar-kop-kala-jane-olm-jazasyi-kunnn-bastyi-415100/,2020-09-24
/kazakhstan_news/svyaz-ablyazova-shveytsarskim-yuristom-vyiborami-ssha-nashli-390082/,2020-01-30
/kazakhstan_news/vyishedshego-svobodu-eks-akima-kentau-snova-otpravili-516378/,2023-11-09
/kazakhstan_news/atyirau-chinovnika-pojiznenno-otstranili-gosslujbyi-387625/,2019-12-27
/kazakhstan_news/sotrudnikov-akimata-zaderjali-na-blokpostu-v-almatyi-398532/,2020-04-15
/sng/vzyatka-polmilliona-dollarov-vitse-ministra-energetiki-544477/,2024-08-12
/kazakhstan_news/video-zaderjaniya-auditorov-opublikovali-bortsyi-korruptsiey-415843/,2020-10-02
/crime/ugolovnyie-dela-zaveli-medikov-neskolkih-oblastyah-390398/,2020-02-03
/kazakhstan_news/isklyuchit-vmeshatelstvo-politslujaschih-goszakupki-poruchil-369486/,2019-05-20
/kazakhstan_news/200-myinnan-15-million-tengege-deyng-para-otken-aydyin-383080/,2019-11-01
/crime/zaderjan-nachalnik-otdela-kriminalnoy-politsii-stantsii-371892/,2019-06-21
/russia/navalnyiy-rasskazal-reaktsii-medvedeva-skandalnyiy-rolik-on-313978/,2017-03-12
/kazakhstan_news/sud-rassmotrel-jalobu-osujdennogo-nurjana-altaeva-523457/,2024-01-17
/kazakhstan_news/pripiski-na-755-milliona-tenge-vyiyavili-v-damumed-410519/,2020-08-06
/kazakhstan_news/99-millionov-tenge-poluchili-kazahstantsyi-soobscheniya-391430/,2020-02-13
/kazakhstan_news/horgosskoe-delo-osujdennyie-vyiydut-na-svobodu-381033/,2019-10-08
/kazakhstan_news/isekeshev-prokommentiroval-delo-o-hischeniyah-v-astana-lrt-375779/,2019-08-06
/crime/jenschina-pyitalas-dat-vzyatku-prokuroru-v-shyimkente-374169/,2019-07-18
/kazakhstan_news/bortsyi-s-korruptsiey-vozmutsya-za-biznes-v-kazahstane-392989/,2020-02-27
/sng/uzbekistane-otvetili-obvineniya-pyitkah-byivshego-366935/,2019-04-11
/kazakhstan_news/fsms-sdelali-zayavlenie-zaderjaniya-glavyi-filiala-aktau-488405/,2023-01-12
/kazakhstan_news/myi-ne-budem-zaschischat-i-pokryivat-sudey-asanov-362445/,2019-02-01
/kazakhstan_news/chinovnikov-vko-proverili-sklonnost-korruptsii-risunki-359370/,2018-12-10
/kazakhstan_news/63-milliona-tenge-pohitil-eks-glava-filiala-kazakstan-su-398023/,2020-04-09
https://tengrisport.kz/champions-league/im-jizn-pomogali-sudi-prezident-barselonyi-obrushilsya-real-496642/,2023-04-17
/kazakhstan_news/korruptsionnyie-riski-nashli-v-minzdrave-450629/,2021-10-07
/crime/antikor-zaderjal-polkovnika-politsii-v-turkestanskoy-oblasti-490542/,2023-02-07
/kazakhstan_news/sistemu-goszakupok-v-kazahstane-hotyat-izmenit-411959/,2020-08-21
/kazakhstan_news/o-passivnyih-rukovoditelyah-budut-rasskazyivat-tokaevu-411749/,2020-08-19
/crime/direktora-tsentra-detey-invalidov-almatyi-podozrevayut-361807/,2019-01-22
/kazakhstan_news/vitse-ministr-energetiki-djaksaliev-vzyat-domashniy-arest-345851/,2018-06-04
/kazakhstan_news/arestovannyiy-fevrale-zamakima-mangistauskoy-oblasti-vyishel-469358/,2022-05-25
/sng/plemyannika-sadyira-japarova-otpustili-pod-domashniy-arest-514825/,2023-10-26
/kazakhstan_news/ustau-operatsiyasyi-jane-sheneunkterdn-sotyi-kunnn-bastyi-411883/,2020-08-20
/kazakhstan_news/30-protsentov-studentov-stalkivayutsya-s-korruptsiey-v-vuzah-369522/,2019-05-21
/kazakhstan_news/doljna-pryamaya-svyaz-beketaev-nakazanii-rukovoditeley-354043/,2018-09-21
/kazakhstan_news/nachalnika-voennogo-gospitalya-osudili-v-taldyikorgane-424004/,2020-12-24
/crime/30-tyisyach-tenge-dve-banki-energetika-chinovnika-409954/,2020-07-30
/kazakhstan_news/pochemu-akima-pavlodara-snimayut-doljnosti-stali-izvestnyi-508702/,2023-08-26
/crime/byivshiy-glavbuh-jamankulova-ozvuchil-zarplatyi-sotrudnikov-314215/,2017-03-15
/kazakhstan_news/delo-fontane-solntse-astane-bolat-majagulov-vyistupil-561244/,2025-01-31
/crime/v-almatyi-arestovan-glava-kinologicheskogo-tsentra-387774/,2019-12-30
/crime/sotrudnika-natsbyuro-opravdali-po-delu-o-moshennichestve-382186/,2019-10-22
/kazakhstan_news/v-minenergo-prokommentirovali-domashniy-arest-vitse-ministra-345871/,2018-06-04
/kazakhstan_news/novaya-korruptsionnaya-statya-rastrogavshaya-almatintsev-559804/,2025-01-15
/kazakhstan_news/avtor-anonimki-pyitaetsya-diskreditirovat-rabotu-agentstva-462842/,2022-02-24
/kazakhstan_news/supruga-kuandyika-bishimbaeva-vyistupila-v-sude-330876/,2017-11-13
/kazakhstan_news/glavvracha-buhgaltera-kostanayskogo-tubdispansera-407770/,2020-07-09
https://tengrisport.kz/around_sports/menya-slivali-muzdiman-korruptsii-bokse-konflikte-lukas-498551/,2023-06-14
/kazakhstan_news/nahodivshayasya-mejdunarodnom-rozyiske-buhgalter-zaderjana-385851/,2019-12-06
/kazakhstan_news/tokaev-rukovoditeli-doljnyi-podavat-otstavku-sluchae-369481/,2019-05-20
/news/kto-vyi-gospoja-hamenova-sud-rasskazal-o-lichnosti-zamakima-456534/,2021-12-13
/news/astanchanku-zapodozrili-pohischenii-100-millionov-539108/,2024-06-21
/kazakhstan_news/nazarbaev-borbe-korruptsiey-mnogoe-predstoit-sdelat-439207/,2021-06-02
/crime/siyir-et-tezek-jane-konditsioner-kazakstandyik-sheneunkter-381647/,2019-10-15
/kazakhstan_news/samyie-korrumpirovannyie-gosorganyi-opredelili-v-kazahstane-365126/,2019-03-15
/crime/chinovnika-zaderjali-vzyatki-rukovoditeley-uchebnyih-317072/,2017-04-28
/world_news/navalnyiy-prokommentiroval-reaktsiyu-putina-ego-427121/,2021-01-27
/kazakhstan_news/kazahstan-uluchshil-pokazateli-mejdunarodnyih-reytingah-336730/,2018-02-02
/kazakhstan_news/glava-upravleniya-zdravoohraneniya-atyirau-prodoljit-rabotat-380814/,2019-10-05
/kazakhstan_news/delo-lrt-nazvanyi-shemyi-hischeniya-deneg-381213/,2019-10-10
/kazakhstan_news/kazahstan-opustilsya-131-yu-strochku-indekse-vospriyatiya-310820/,2017-01-25
/kazakhstan_news/zaversheno-novoe-rassledovanie-otnoshenii-gulmiryi-530617/,2024-03-29
/kazakhstan_news/hischenie-700-millionov-arestovan-sotrudnik-akimata-510964/,2023-09-20
/kazakhstan_news/135-tyisyach-dollarov-vzyatok-podrobnosti-dela-altaeva-501670/,2023-06-09
/crime/knb-zaderjal-chetveryih-podozrevaemyih-posobnichestve-332769/,2017-12-07
/kazakhstan_news/trudoustroystvo-zvonku-deputat-predlojila-ujestochit-390745/,2020-02-06
/story/whatsapp-perepiska-gosinspektorom-oboshlas-astanchanke-336-356660/,2018-10-30
/crime/minoboronyi-prokommentirovali-zayavlenie-antikorruptsionnoy-406560/,2020-06-26
/kazakhstan_news/kazahstanskih-chinovnikov-poka-budut-nakazyivat-nezakonnoe-399419/,2020-04-20
/news/zaderjan-rukovoditel-filiala-ao-passajirskie-perevozki-487163/,2022-12-28
/crime/sudyu-zaderjali-s-polichnyim-v-karagandinskoy-oblasti-428206/,2021-02-06
/kazakhstan_news/on-mne-doljen-borets-narkobiznesom-otvetil-podozreniya-411501/,2020-08-17
/kazakhstan_news/chinovnik-ekibastuza-oshtrafovan-12-milliona-tenge-vzyatku-391449/,2020-02-13
/kazakhstan_news/pedagoga-obvinili-kraje-deneg-vospitannikov-detdoma-almatyi-410953/,2020-08-11
/russia/v-rossii-zaderjan-ministr-ekonomicheskogo-razvitiya-306142/,2016-11-15
/kazakhstan_news/shpekbaev-predlojil-glave-mir-rk-nakazat-asavbaeva-355005/,2018-10-05
/crime/iz-osujdennyih-korruptsiyu-chinovnikov-vyishel-svobodu-411957/,2020-08-25
/crime/eks-prezidentu-mtsps-horgos-prodlili-arest-306112/,2016-11-14
/crime/politseyskiy-nachalnik-prisvaival-dengi-narusheniya-pdd-411334/,2020-08-14
/football/vitse-prezident-fifa-zaderjan-v-parije-smi-370742/,2019-06-06
/crime/delo-jamankulova-rejisser-talgad-janyibekov-podozrevaetsya-312617/,2017-03-09
/kazakhstan_news/kupil-lexus-sdelal-remont-zamakima-aktobe-sudyat-rastratu-90-429783/,2021-02-23
/kazakhstan_news/kazahstanskiy-vitse-ministr-otvetil-obvineniya-korruptsii-377989/,2019-09-02
/kazakhstan_news/pobedit-korruptsiyu-nevozmojno-podderjki-obschestva-328614/,2017-10-13
/crime/knb-zaderjal-vyisokopostavlennogo-sotrudnika-departamenta-366630/,2019-04-06
/kazakhstan_news/2016-godu-rk-korruptsiyu-privlechenyi-18-315199/,2017-03-31
/kazakhstan_news/vitse-ministru-elmire-suhanberdievoy-vyinesli-prigovor-373448/,2019-07-10
/kazakhstan_news/lgotnoe-avtokreditovanie-zayavlenie-antikora-obzor-novostey-552341/,2024-10-29
/news/advokat-pyitalsya-podkupit-poterpevshuyu-storonu-v-karagande-481214/,2022-10-22
/kazakhstan_news/ministr-poprosil-kazahstantsev-soobschat-na-whatsapp-faktah-514288/,2023-10-21
/kazakhstan_news/nazvan-top-10-korruptsionnyih-regionov-gosuchrejdeniy-425801/,2021-01-13
/kazakhstan_news/otmenit-tehosmotr-predlojili-v-kazahstane-373684/,2019-07-12
/kazakhstan_news/lyuboy-vopros-nas-strane-reshit-dengi-deputat-korruptsii-559740/,2025-01-15
/kazakhstan_news/chinovnika-podozrevayut-nezakonnoy-proverke-biznesa-taraze-379998/,2019-09-25
/kazakhstan_news/byivshego-politseyskogo-komandira-oshtrafovali-39-millionov-360581/,2018-12-29
/crime/kazahstantsev-oshtrafovali-429-millionov-tenge-korruptsiyu-381243/,2019-10-10
/kazakhstan_news/monitor-16-milliona-tenge-pyitalis-kupit-goszakupki-410725/,2020-08-08
/kazakhstan_news/podarki-provokatsii-lgotyi-izmenil-novyiy-416273/,2020-10-07
/world_news/protiv-mera-kieva-klichko-vozbudili-ugolovnoe-delo-383109/,2019-11-02
/events/v-almatyi-vyinesli-prigovor-eks-direktoru-detdoma-1-331929/,2017-11-27
/kazakhstan_news/shpekbaev-obratilsya-k-novomu-glave-sk-farmatsii-408956/,2020-07-21
/kazakhstan_news/tokaev-vyiskazalsya-o-korruptsii-v-sfere-tamojni-460790/,2022-02-01
/kazakhstan_news/schitayutsya-korruptsiey-tsvetyi-uchitelyam-rasskazal-438149/,2021-05-23
/kazakhstan_news/57-millionov-tenge-zaplatit-eks-predsedatel-fonda-nauki-386831/,2019-12-19
/kazakhstan_news/zaderjanyi-gosauditoryi-schetnogo-komiteta-rukovodstvo-308509/,2016-12-20
/kazakhstan_news/direktora-shkolyi-atyirau-uvolili-fone-poyavleniya-525661/,2024-02-08
/kazakhstan_news/direktora-stantsii-skoroy-pomoschi-arestovali-v-astane-519307/,2023-12-06
/crime/direktor-sadika-poshla-vzyatku-radi-spaseniya-bolnoy-sestryi-325941/,2017-09-07
/kazakhstan_news/politseyskogo-nakazali-millionnyim-shtrafom-akmolinskoy-381110/,2019-10-09
/crime/v-almatyi-zaderjali-gendirektora-gyilyim-ordasyi-404419/,2020-06-04
/article/kak-prodvigaetsya-stroitelstvo-lrt-v-astane-2618/,2024-10-12
/kazakhstan_news/budut-li-v-kazahstane-kaznit-vzyatochnikov-390755/,2020-02-06
/crime/na-stolichnogo-chinovnika-zaveli-delo-iz-za-zakupa-noutbukov-433762/,2021-04-06
/kazakhstan_news/sobirali-dengi-uchiteley-otnoshenii-rukovodstva-shkolyi-idet-542059/,2024-07-22
/kazakhstan_news/delo-vzyatke-eks-glave-tsentra-zelenyih-tehnologiy-sud-549087/,2024-09-25
/crime/na-105-goda-osujden-chinovnik-iz-kyizyilordinskoy-oblasti-474162/,2022-07-28
/kazakhstan_news/politseyskih-zaderjali-v-chetyireh-regionah-kazahstana-389460/,2020-01-23
/kazakhstan_news/taraze-chinovnik-podaril-rodstvennikam-gossobstvennost-300-469357/,2022-05-25
/news/pervyie-pilyuli-protiv-korruptsii-vyidali-stroitelyam-dorog-557543/,2024-12-20
/events/natsbyuro-proveryaet-prichastnost-zamakima-ust-kamenogorska-333346/,2017-12-15
/kazakhstan_news/60-tyisyach-tenge-prodavali-prava-rayonnoy-bolnitse-370167/,2019-05-29
/crime/voennogo-nachalnika-lishili-zvaniya-mayora-jambyilskoy-387131/,2019-12-23
/world_news/gulnaru-karimovu-doprosili-delu-korruptsii-otmyivanii-deneg-310098/,2017-01-16
/sng/zaderjan-esche-odin-byivshiy-premer-ministr-kyirgyizstana-346905/,2018-06-19
/kazakhstan_news/delo-karima-masimova-knb-opublikoval-podrobnosti-i-foto-463876/,2022-03-10
/crime/odin-korruptsionnyiy-skandal-proizoshel-territorii-mtsps-319251/,2017-05-31
/crime/aktobe-proveryayut-prichastnost-korruptsii-dogovornomu-305573/,2016-11-07
/kazakhstan_news/chinovnitsu-iz-sela-tenge-oshtrafovali-na-5-millionov-tenge-392204/,2020-02-20
/kazakhstan_news/amnistirovan-eks-glavnyiy-vrach-vko-sozdavshiy-prestupnuyu-310850/,2017-01-25
/kazakhstan_news/direktor-lesnogo-hozyaystva-kyizyiljarskoe-osujden-vzyatku-376778/,2019-08-17
/kazakhstan_news/kazahstantsev-nezemnaya-tyaga-roskoshi-ermek-tursunov-383577/,2019-11-08
/kazakhstan_news/delo-hrapunovyih-prinyalo-neojidannyiy-povorot-353866/,2018-09-19
/crime/dtp-slujebnom-avto-sotrudnika-ohotzooproma-podozrevayut-372703/,2019-07-01
/kazakhstan_news/skolko-poymannyih-korruptsionerov-ponesli-nakazanie-526351/,2024-02-19
/kazakhstan_news/13-millionov-kazahstantsam-poluchit-dengi-soobschenie-510155/,2023-09-12
/kazakhstan_news/kuandyiku-bishimbaevu-vyinesli-prigovor-10-let-lisheniya-339832/,2018-03-14
/crime/glava-msh-zaderjannyiy-vzyatki-hasenov-osvobojden-doljnosti-305707/,2016-11-08
/crime/yuko-zaversheno-delo-hischenii-vyidelennyih-zemuchastki-68-307038/,2016-11-28
/kazakhstan_news/sotrudniki-akimata-shyimkenta-podozrevayutsya-popyitke-dat-445543/,2021-08-11
/sng/gulnara-karimova-zabolela-pnevmoniey-417975/,2020-10-23
/kazakhstan_news/gosslujaschih-budut-proveryat-korruptsionnuyu-ustoychivost-456154/,2021-12-09
/kazakhstan_news/kojamjarov-poruchil-predupredit-kajdogo-prokurora-337049/,2018-02-07
/kazakhstan_news/genprokuratura-proverit-damumed-410543/,2020-08-06
/kazakhstan_news/shtraf-v-129-millionov-zaprosili-dlya-kaysara-djanahanova-362591/,2019-02-04
/crime/chinovnika-pojiznenno-lishili-prava-rabotat-na-gosslujbe-374723/,2019-07-24
/kazakhstan_news/kontrabanda-zolota-medikamentov-zamestitelya-rukovoditelya-543499/,2024-08-02
/kazakhstan_news/shyimkentskaya-chinovnitsa-vzyatku-obeschala-pomosch-386028/,2019-12-09
/kazakhstan_news/gendirektora-fonda-sotsrazvitiya-zapodozrili-vzyatke-382280/,2019-10-23
/crime/rejissera-talgada-janyibekova-arestovali-na-dva-mesyatsa-309073/,2016-12-29
/kazakhstan_news/eks-glavu-zdravoohraneniya-shyimkenta-podozrevayut-krupnom-408629/,2020-07-17
/kazakhstan_news/3-goda-reshetkoy-provedet-sledovatel-ser-jambyilskoy-oblasti-371548/,2019-06-17
/kazakhstan_news/vina-bishimbaeva-poluchenii-vzyatki-2-milliona-dollarov-339838/,2018-03-14
/kazakhstan_news/vuze-pavlodara-pomogali-abiturientam-pronosit-telefonyi-355326/,2018-10-10
/kazakhstan_news/dele-modulnoy-bolnitse-poka-podozrevaemyih-prokuratura-426807/,2021-01-23
/kazakhstan_news/subsidii-podderjku-jivotnovodstva-perevodili-salonam-446156/,2021-08-18
/kazakhstan_news/stali-izvestnyi-podrobnosti-zaderjaniya-glavyi-tamojennogo-308101/,2016-12-13
/crime/sotrudnika-sobra-almatyi-podozrevayut-obmane-kitayanki-10-399866/,2020-04-23
/europe/katargeyt-plan-reform-predstavili-v-evroparlamente-488761/,2023-01-17
/kazakhstan_news/stala-izvestna-data-suda-eks-majilismenom-nurjanom-altaevyim-513707/,2023-10-17
/crime/eks-rukovoditel-upravleniya-kulturyi-turkestanskoy-oblasti-410662/,2020-08-07
/kazakhstan_news/byivshim-vitse-ministram-sadibekovu-djaksalievu-prodlili-366422/,2019-04-03
/kazakhstan_news/prigovor-bishimbaevu-oglasyat-14-marta-podrobnosti-dela-338989/,2018-03-02
/kazakhstan_news/chinovnik-dal-priznatelnyie-pokazaniya-delu-vzyatke-astane-548994/,2024-09-24
/kazakhstan_news/chem-zaymetsya-posle-osvobojdeniya-elmira-suhanberdieva-373466/,2019-07-10
/kazakhstan_news/eks-direktora-karagandinskogo-filiala-kazavtojola-378615/,2019-09-09
/kazakhstan_news/sfere-zdravoohraneniya-kazahstana-vskryili-sistemnyie-537211/,2024-06-03
/russia/zoloto-valyuta-sabli-opublikovano-video-osobnyaka-362417/,2019-02-01
/kazakhstan_news/pochemu-bishimbaev-vyishel-svobodu-poltora-goda-prigovora-516449/,2023-11-10
/kazakhstan_news/sgovore-organizatorov-kontsertov-artistov-vyiskazalas-329563/,2017-10-26
/world_news/vitse-prezident-kompanii-samsung-zaklyuchen-kameru-dusha-312491/,2017-02-18
/crime/geroy-politseyskiy-vyimogal-million-izvestnogo-vracha-nur-386159/,2019-12-10
/kazakhstan_news/v-sude-ozvuchili-summyi-aktivov-kayrata-satyibaldyiulyi-530821/,2024-04-01
/kazakhstan_news/delo-bishimbaeva-syina-majilismena-prosyat-osvobodit-zale-338278/,2018-02-22
/crime/chinovnika-chempiona-po-pankrationu-arestovali-v-aktau-362454/,2019-02-01
/world_news/posolstvo-ssha-otvetilo-na-kritiku-prezidenta-kyirgyizstana-557884/,2024-12-25
/kazakhstan_news/jet-sagat-ortengen-koymada-ne-saktalgan-bastyi-janalyiktar-374229/,2019-07-18
/russia/proishojdenie-milliardov-polkovnika-zaharchenko-navsegda-335931/,2018-01-23
/kazakhstan_news/glavu-minenergo-sprosili-korruptsionnyih-riskah-stroitelstve-546030/,2024-08-27
/crime/prokurora-sotrudnikov-politsii-podozrevayut-poluchenii-411394/,2020-08-15
/kazakhstan_news/v-chem-obvinyayut-vitse-ministra-obrazovaniya-370697/,2019-06-06
/crime/zaderjan-predsedatel-komiteta-msh-rk-305503/,2016-11-04
/crime/zaderjan-zamrukovoditelya-otdela-zanyatosti-aryisi-443404/,2021-07-17
/kazakhstan_news/chinovnik-otobral-sotrudnikov-premii-55-milliona-poluchil-555083/,2024-11-26
/crime/v-almatyi-zaveli-delo-na-zamdirektora-filiala-vtsh-403014/,2020-05-21
/crime/kvartiryi-60-tyisyach-dollarov-eks-glavu-astana-su-arnasyi-366487/,2019-04-04
/kazakhstan_news/alik-shpekbaev-otvetit-na-voprosyi-kazahstantsev-354880/,2018-10-04
/kazakhstan_news/korruptsionerov-osudili-atyirau-vzyatki-dokazanyi-548568/,2024-09-19
/kazakhstan_news/tsifrovoy-tenge-tokaev-predlojil-okrashivat-dengi-525562/,2024-02-07
/kazakhstan_news/adgspk-proanaliziruet-rabotu-tsentrov-po-podgotovke-k-ent-361452/,2019-01-16
/kazakhstan_news/polovina-korruptsionnyih-narusheniy-sfere-obrazovaniya-308018/,2016-12-12
/crime/vitse-ministr-energetiki-shkarupa-arestovan-357950/,2018-11-19
/kazakhstan_news/direktora-natsparka-osudili-v-shyimkente-378919/,2019-09-12
/sng/zaderjan-byivshiy-premer-ministr-kyirgyizstana-345969/,2018-06-06
/kazakhstan_news/glavu-komiteta-moap-vzyali-pod-domashniy-arest-366496/,2019-04-04
/kazakhstan_news/oteli-zemli-i-aktsii-trillion-tenge-vernuli-gosudarstvu-516983/,2023-11-15
/kazakhstan_news/60-millionnoy-vzyatke-podozrevayut-chinovnikov-shyimkente-496838/,2023-04-18
/kazakhstan_news/rukovoditeley-voenizirovannoy-ohranyi-ktj-podozrevayut-524179/,2024-01-24
/russia/mitingi-rossii-zaderjanyi-800-chelovek-ranen-politseyskiy-314816/,2017-03-27
/kazakhstan_news/glavnyie-novosti-segodnya-za-3-minutyi-523234/,2024-01-15
https://tengrisport.kz/tnsport/pohitil-polmilliarda-zaversheno-rassledovanie-otnoshenii-557994/,2024-12-25
/kazakhstan_news/zaderjanie-bakyitgul-hamenovoy-gotov-akim-atyirauskoy-456515/,2021-12-13
/kazakhstan_news/menedjera-atyirau-obyavili-mejdunarodnyiy-rozyisk-iz-za-419453/,2020-11-07
/kazakhstan_news/matom-trebovala-dengi-pedagoga-jezkazganskogo-kolledja-467476/,2022-04-28
/kazakhstan_news/tenevuyu-ekonomiku-predlojili-presledovat-analogii-313856/,2017-03-10
/kazakhstan_news/sterilizuem-korruptsiyu-investorov-kazahstane-berut-pod-348969/,2018-07-12
/kazakhstan_news/kazahstane-arestovannoe-imuschestvo-predlojili-otdavat-329075/,2017-10-19
/kazakhstan_news/ministr-omarov-soglasen-ideey-nakazyivat-nachalnikov-365928/,2019-03-27
/crime/osujden-byivshiy-predsedatel-turkestanskogo-gorodskogo-suda-335418/,2018-01-15
/kazakhstan_news/250-ugolovnyih-narusheniy-nashli-sfere-obrazovaniya-455553/,2021-12-02
/kazakhstan_news/potratili-milliardyi-vozvraschennyie-delu-operatora-rop-513429/,2023-10-13
/kazakhstan_news/dengi-na-borbu-s-pandemiey-104-narusheniya-vyiyavil-antikor-442681/,2021-07-09
/kazakhstan_news/pora-realno-borotsya-s-korruptsiey-a-ne-delat-vid-kosarev-390744/,2020-02-06
/kazakhstan_news/18-sentyabrya-glavnyie-novosti-kazahstana-za-5-minut-510782/,2023-09-18
